"FORMATTED DATE_TIME","Temperature","Relative Humidity","Station Pressure","Heat Index","Dew Point","Density Altitude","Data Type","Record name","Start time","Duration (H:M:S)","Location description","Location address","Location coordinates","Notes"
"2000-01-01 12:10:00 am","73.0","41.0","30.17","71.2","47.9","760","point"
"2000-01-01 12:20:00 am","72.5","41.7","30.17","70.9","47.9","734","point"
"2000-01-01 12:30:00 am","72.3","41.9","30.18","70.7","47.9","715","point"
"2000-01-01 12:40:00 am","72.3","41.9","30.17","70.7","47.9","724","point"
"2000-01-01 12:50:00 am","72.2","41.3","30.17","70.5","47.4","712","point"
"2000-01-01 01:00:00 am","72.3","40.8","30.18","70.5","47.2","712","point"
"2000-01-01 01:10:00 am","72.2","42.7","30.18","70.7","48.3","705","point"
"2000-01-01 01:20:00 am","72.1","40.6","30.19","70.5","46.9","691","point"
"2000-01-01 01:30:00 am","72.1","40.6","30.18","70.3","46.9","693","point"
"2000-01-01 01:40:00 am","72.1","40.4","30.19","70.3","46.7","679","point"
"2000-01-01 01:50:00 am","72.0","40.3","30.19","70.3","46.5","669","point"
"2000-01-01 02:00:00 am","72.0","40.1","30.19","70.3","46.5","669","point"
"2000-01-01 02:10:00 am","72.0","40.0","30.19","70.3","46.4","669","point"
"2000-01-01 02:20:00 am","73.0","38.5","30.24","70.9","46.3","683","point"
"2000-01-01 02:30:00 am","72.5","38.5","30.18","70.5","45.8","715","point"
"2000-01-01 02:40:00 am","72.9","38.6","30.19","71.1","46.3","738","point"
"2000-01-01 02:50:00 am","72.6","50.5","29.79","71.8","53.2","1208","point"
"2026-06-05 01:30:00 pm","73.5","52.4","29.80","72.7","55.1","1271","point"
"2026-06-05 01:40:00 pm","74.6","42.5","29.79","72.7","50.3","1320","point"
"2026-06-05 01:50:00 pm","73.7","41.7","29.79","72.0","49.0","1254","point"
"2026-06-05 02:00:00 pm","73.3","42.2","29.79","71.6","49.0","1232","point"
"2026-06-05 02:10:00 pm","73.8","41.4","29.79","72.0","48.9","1250","point"
"2026-06-05 02:20:00 pm","73.1","40.9","29.79","71.2","47.9","1210","point"
"2026-06-05 02:30:00 pm","72.7","41.9","29.79","71.1","48.2","1183","point"
"2026-06-05 02:40:00 pm","72.0","42.5","29.79","70.5","48.0","1135","point"
"2026-06-05 02:50:00 pm","71.7","42.9","29.79","70.2","47.9","1118","point"
"2026-06-05 03:00:00 pm","72.1","42.3","29.79","70.5","47.9","1142","point"
"2026-06-05 03:10:00 pm","73.7","42.5","29.79","72.0","49.5","1254","point"
"2026-06-05 03:20:00 pm","75.3","40.2","29.79","73.0","49.4","1358","point"
"2026-06-05 03:30:00 pm","74.9","40.8","29.79","72.9","49.5","1327","point"
"2026-06-05 03:40:00 pm","74.4","41.7","29.79","72.3","49.6","1300","point"
"2026-06-05 03:50:00 pm","74.4","41.9","29.80","72.5","49.8","1295","point"
"2026-06-05 04:00:00 pm","74.6","42.4","29.80","72.7","50.2","1305","point"
"2026-06-05 04:10:00 pm","75.0","40.9","29.79","72.9","49.7","1337","point"
"2026-06-05 04:20:00 pm","73.9","43.4","29.80","72.1","50.2","1256","point"
"2026-06-05 04:30:00 pm","75.0","40.8","29.79","72.9","49.6","1339","point"
"2026-06-05 04:40:00 pm","74.5","41.6","29.80","72.5","49.7","1300","point"
"2026-06-05 04:50:00 pm","74.0","42.5","29.80","72.1","49.8","1268","point"
"2026-06-05 05:00:00 pm","73.9","43.3","29.79","72.1","50.1","1266","point"
"2026-06-05 05:10:00 pm","73.9","43.2","29.80","72.1","50.1","1261","point"
"2026-06-05 05:20:00 pm","73.9","43.3","29.79","72.1","50.1","1266","point"
"2026-06-05 05:30:00 pm","73.7","43.2","29.79","72.0","49.9","1250","point"
"2026-06-05 05:40:00 pm","73.7","43.2","29.79","72.0","50.0","1256","point"
"2026-06-05 05:50:00 pm","74.6","42.6","29.79","72.7","50.4","1315","point"
"2026-06-05 06:00:00 pm","75.5","41.5","29.79","73.2","50.5","1376","point"
"2026-06-05 06:10:00 pm","75.7","39.2","29.79","73.2","49.2","1378","point"
"2026-06-05 06:20:00 pm","74.9","38.2","29.79","72.5","47.8","1322","point"
"2026-06-05 06:30:00 pm","73.3","38.5","29.80","71.2","46.6","1212","point"
"2026-06-05 06:40:00 pm","72.8","38.9","29.79","70.9","46.3","1183","point"
"2026-06-05 06:50:00 pm","72.9","39.3","29.79","71.1","46.7","1188","point"
"2026-06-05 07:00:00 pm","73.0","40.4","29.78","71.1","47.6","1208","point"
"2026-06-05 07:10:00 pm","73.2","40.6","29.78","71.4","47.8","1225","point"
"2026-06-05 07:20:00 pm","73.4","41.0","29.78","71.4","48.3","1237","point"
"2026-06-05 07:30:00 pm","73.2","41.0","29.78","71.4","48.1","1227","point"
"2026-06-05 07:40:00 pm","73.1","41.0","29.79","71.2","48.0","1210","point"
"2026-06-05 07:50:00 pm","72.9","41.4","29.79","71.2","48.0","1195","point"
"2026-06-05 08:00:00 pm","72.6","41.7","29.79","70.9","48.0","1174","point"
"2026-06-05 08:10:00 pm","72.2","42.4","29.80","70.7","48.1","1147","point"
"2026-06-05 08:20:00 pm","72.2","41.9","29.80","70.7","47.8","1142","point"
"2026-06-05 08:30:00 pm","72.1","42.4","29.80","70.7","48.1","1139","point"
"2026-06-05 08:40:00 pm","72.0","42.4","29.80","70.5","47.9","1125","point"
"2026-06-05 08:50:00 pm","71.9","42.4","29.80","70.3","47.8","1120","point"
"2026-06-05 09:00:00 pm","71.8","42.7","29.80","70.3","47.9","1115","point"
"2026-06-05 09:10:00 pm","71.8","43.3","29.80","70.5","48.3","1115","point"
"2026-06-05 09:20:00 pm","72.2","43.4","29.81","70.9","48.7","1132","point"
"2026-06-05 09:30:00 pm","72.0","44.3","29.80","70.7","49.1","1127","point"
"2026-06-05 09:40:00 pm","71.8","44.3","29.80","70.5","48.9","1115","point"
"2026-06-05 09:50:00 pm","71.6","45.0","29.80","70.5","49.2","1108","point"
"2026-06-05 10:00:00 pm","71.5","45.2","29.80","70.3","49.2","1101","point"
"2026-06-05 10:10:00 pm","71.4","45.7","29.80","70.2","49.4","1096","point"
"2026-06-05 10:20:00 pm","71.3","45.6","29.80","70.2","49.2","1088","point"
"2026-06-05 10:30:00 pm","71.2","45.9","29.80","70.0","49.3","1083","point"
"2026-06-05 10:40:00 pm","71.1","46.1","29.80","70.0","49.4","1079","point"
"2026-06-05 10:50:00 pm","71.1","46.5","29.80","70.0","49.6","1081","point"
"2026-06-05 11:00:00 pm","71.0","46.6","29.79","69.8","49.5","1081","point"
"2026-06-05 11:10:00 pm","70.9","46.8","29.78","69.8","49.6","1083","point"
"2026-06-05 11:20:00 pm","70.8","47.1","29.79","69.8","49.6","1074","point"
"2026-06-05 11:30:00 pm","70.7","47.1","29.79","69.8","49.6","1069","point"
"2026-06-05 11:40:00 pm","70.6","47.3","29.78","69.4","49.6","1066","point"
"2026-06-05 11:50:00 pm","70.6","50.0","29.77","69.6","51.1","1083","point"
"2026-06-06 12:00:00 am","70.6","49.6","29.77","69.6","50.9","1091","point"
"2026-06-06 12:10:00 am","70.5","49.7","29.77","69.6","50.9","1081","point"
"2026-06-06 12:20:00 am","70.5","49.4","29.77","69.4","50.6","1079","point"
"2026-06-06 12:30:00 am","70.4","49.4","29.76","69.4","50.5","1079","point"
"2026-06-06 12:40:00 am","70.3","49.4","29.76","69.1","50.5","1076","point"
"2026-06-06 12:50:00 am","70.2","49.4","29.76","69.1","50.4","1074","point"
"2026-06-06 01:00:00 am","70.1","49.5","29.76","68.9","50.4","1071","point"
"2026-06-06 01:10:00 am","70.1","49.6","29.75","68.9","50.3","1069","point"
"2026-06-06 01:20:00 am","70.0","49.6","29.75","68.9","50.3","1074","point"
"2026-06-06 01:30:00 am","69.9","49.7","29.75","68.5","50.3","1071","point"
"2026-06-06 01:40:00 am","69.9","49.7","29.74","68.5","50.2","1071","point"
"2026-06-06 01:50:00 am","69.8","49.7","29.74","68.5","50.2","1069","point"
"2026-06-06 02:00:00 am","69.7","49.8","29.74","68.4","50.2","1062","point"
"2026-06-06 02:10:00 am","69.7","50.1","29.74","68.5","50.2","1062","point"
"2026-06-06 02:20:00 am","69.6","50.1","29.73","68.2","50.2","1064","point"
"2026-06-06 02:30:00 am","69.5","50.3","29.73","68.2","50.3","1057","point"
"2026-06-06 02:40:00 am","69.5","50.5","29.72","68.2","50.3","1066","point"
"2026-06-06 02:50:00 am","69.4","50.7","29.72","68.0","50.4","1064","point"
"2026-06-06 03:00:00 am","69.4","50.9","29.72","68.0","50.4","1059","point"
"2026-06-06 03:10:00 am","69.4","51.0","29.72","68.0","50.4","1064","point"
"2026-06-06 03:20:00 am","69.3","51.1","29.71","68.0","50.4","1064","point"
"2026-06-06 03:30:00 am","69.2","51.2","29.71","67.8","50.5","1062","point"
"2026-06-06 03:40:00 am","69.2","51.4","29.71","67.8","50.5","1062","point"
"2026-06-06 03:50:00 am","69.1","51.5","29.71","67.8","50.5","1066","point"
"2026-06-06 04:00:00 am","69.1","51.6","29.70","67.5","50.5","1069","point"
"2026-06-06 04:10:00 am","69.1","51.7","29.70","67.5","50.6","1069","point"
"2026-06-06 04:20:00 am","69.1","51.9","29.70","67.5","50.6","1071","point"
"2026-06-06 04:30:00 am","69.0","52.0","29.70","67.5","50.7","1071","point"
"2026-06-06 04:40:00 am","69.0","52.0","29.69","67.5","50.6","1071","point"
"2026-06-06 04:50:00 am","69.0","52.3","29.69","67.5","50.8","1076","point"
"2026-06-06 05:00:00 am","68.9","52.3","29.69","67.5","50.7","1076","point"
"2026-06-06 05:10:00 am","68.9","52.4","29.68","67.5","50.8","1076","point"
"2026-06-06 05:20:00 am","68.9","52.6","29.68","67.6","50.9","1079","point"
"2026-06-06 05:30:00 am","68.9","52.7","29.67","67.5","50.9","1088","point"
"2026-06-06 05:40:00 am","68.9","52.9","29.67","67.5","51.0","1091","point"
"2026-06-06 05:50:00 am","68.9","53.1","29.67","67.5","51.1","1093","point"
"2026-06-06 06:00:00 am","68.9","53.2","29.67","67.5","51.2","1098","point"
"2026-06-06 06:10:00 am","68.8","53.3","29.66","67.5","51.1","1101","point"
"2026-06-06 06:20:00 am","68.8","53.3","29.66","67.5","51.1","1101","point"
"2026-06-06 06:30:00 am","68.8","53.2","29.66","67.5","51.1","1103","point"
"2026-06-06 06:40:00 am","68.8","53.2","29.65","67.5","51.1","1108","point"
"2026-06-06 06:50:00 am","68.8","53.2","29.65","67.5","51.0","1108","point"
"2026-06-06 07:00:00 am","68.7","53.3","29.64","67.5","51.0","1115","point"
"2026-06-06 07:10:00 am","68.8","53.3","29.64","67.5","51.2","1125","point"
"2026-06-06 07:20:00 am","69.0","53.2","29.64","67.6","51.3","1137","point"
"2026-06-06 07:30:00 am","69.1","53.2","29.64","67.6","51.4","1147","point"
"2026-06-06 07:40:00 am","68.9","53.3","29.64","67.6","51.2","1137","point"
"2026-06-06 07:50:00 am","68.9","53.3","29.63","67.5","51.2","1135","point"
"2026-06-06 08:00:00 am","68.8","53.4","29.64","67.5","51.1","1125","point"
"2026-06-06 08:10:00 am","68.8","53.3","29.63","67.5","51.2","1135","point"
"2026-06-06 08:20:00 am","69.1","52.9","29.62","67.6","51.2","1159","point"
"2026-06-06 08:30:00 am","69.3","52.5","29.62","68.2","51.2","1176","point"
"2026-06-06 08:40:00 am","69.2","52.3","29.62","67.8","51.0","1169","point"
"2026-06-06 08:50:00 am","69.5","52.1","29.62","68.2","51.2","1191","point"
"2026-06-06 09:00:00 am","69.5","52.1","29.62","68.2","51.1","1188","point"
"2026-06-06 09:10:00 am","69.5","52.2","29.62","68.2","51.3","1200","point"
"2026-06-06 09:20:00 am","69.5","52.5","29.62","68.4","51.4","1203","point"
"2026-06-06 09:30:00 am","69.9","53.0","29.61","68.9","52.0","1234","point"
"2026-06-06 09:40:00 am","69.9","53.6","29.61","68.9","52.3","1239","point"
"2026-06-06 09:50:00 am","71.0","52.2","29.60","70.2","52.7","1317","point"
"2026-06-06 10:00:00 am","71.6","51.8","29.60","70.7","52.9","1358","point"
"2026-06-06 10:10:00 am","71.9","52.5","29.60","71.2","53.5","1383","point"
"2026-06-06 10:14:00 am","72.1","51.8","29.59","71.2","53.4","1402","point"
"2026-06-06 10:16:00 am","72.3","51.4","29.59","71.4","53.4","1412","point"
"2026-06-06 10:18:00 am","72.4","51.6","29.60","71.6","53.6","1420","point"
"2026-06-06 10:20:00 am","72.5","51.6","29.60","71.6","53.7","1422","point"
"2026-06-06 10:22:00 am","72.6","51.3","29.60","71.8","53.6","1425","point"
"2026-06-06 10:24:00 am","72.5","51.3","29.60","71.6","53.5","1420","point"
"2026-06-06 10:26:00 am","72.5","51.2","29.60","71.6","53.4","1415","point"
"2026-06-06 10:28:00 am","72.4","51.3","29.60","71.6","53.5","1412","point"
"2026-06-06 10:30:00 am","72.6","51.4","29.60","71.8","53.6","1422","point"
"2026-06-06 10:32:00 am","72.8","51.4","29.60","71.8","53.8","1439","point"
"2026-06-06 10:34:00 am","73.0","51.7","29.60","72.0","54.2","1462","point"
"2026-06-06 10:36:00 am","73.4","52.0","29.60","72.7","54.7","1486","point"
"2026-06-06 10:38:00 am","73.7","50.9","29.59","72.7","54.4","1508","point"
"2026-06-06 10:40:00 am","73.9","50.2","29.59","72.9","54.2","1518","point"
"2026-06-06 10:42:00 am","74.1","49.9","29.60","72.9","54.2","1531","point"
"2026-06-06 10:44:00 am","74.2","49.7","29.60","73.0","54.2","1538","point"
"2026-06-06 10:46:00 am","74.5","49.5","29.60","73.4","54.4","1558","point"
"2026-06-06 10:48:00 am","74.9","49.2","29.59","73.6","54.5","1582","point"
"2026-06-06 10:50:00 am","74.9","49.1","29.60","73.6","54.5","1585","point"
"2026-06-06 10:52:00 am","75.1","48.9","29.59","73.8","54.6","1602","point"
"2026-06-06 10:54:00 am","75.3","48.6","29.59","73.9","54.6","1617","point"
"2026-06-06 10:56:00 am","75.7","48.1","29.59","74.1","54.7","1641","point"
"2026-06-06 10:58:00 am","76.2","47.3","29.59","74.7","54.7","1674","point"
"2026-06-06 11:00:00 am","76.5","46.7","29.59","74.8","54.6","1701","point"
"2026-06-06 11:02:00 am","76.4","46.5","29.59","74.7","54.4","1683","point"
"2026-06-06 11:04:00 am","76.0","46.8","29.59","74.5","54.2","1659","point"
"2026-06-06 11:06:00 am","75.9","47.1","29.59","74.5","54.4","1656","point"
"2026-06-06 11:08:00 am","75.8","47.5","29.59","74.3","54.5","1651","point"
"2026-06-06 11:10:00 am","75.6","47.8","29.59","74.1","54.4","1639","point"
"2026-06-06 11:12:00 am","75.7","48.3","29.59","74.1","54.8","1646","point"
"2026-06-06 11:14:00 am","77.6","47.6","29.59","76.3","56.1","1777","point"
"2026-06-06 11:16:00 am","80.4","43.9","29.59","79.0","56.4","1950","point"
"2026-06-06 11:18:00 am","82.5","40.6","29.58","81.1","56.2","2091","point"
"2026-06-06 11:20:00 am","83.9","39.3","29.59","82.9","56.5","2169","point"
"2026-06-06 11:22:00 am","84.7","37.4","29.58","83.5","55.8","2219","point"
"2026-06-06 11:24:00 am","83.8","37.7","29.58","82.4","55.3","2164","point"
"2026-06-06 11:26:00 am","82.6","39.0","29.58","81.1","55.2","2086","point"
"2026-06-06 11:28:00 am","84.4","42.1","29.58","84.4","58.9","2229","point"
"2026-06-06 11:30:00 am","83.9","41.1","29.58","83.5","57.7","2189","point"
"2026-06-06 11:32:00 am","83.2","41.9","29.58","82.4","57.6","2141","point"
"2026-06-06 11:34:00 am","82.0","42.8","29.58","81.0","57.2","2066","point"
"2026-06-06 11:36:00 am","81.0","43.8","29.58","79.9","56.9","2001","point"
"2026-06-06 11:38:00 am","80.0","44.7","29.59","78.8","56.6","1932","point"
"2026-06-06 11:40:00 am","79.2","45.3","29.59","78.1","56.2","1871","point"
"2026-06-06 11:42:00 am","78.4","45.9","29.58","77.0","55.9","1834","point"
"2026-06-06 11:44:00 am","77.8","46.6","29.59","76.3","55.7","1787","point"
"2026-06-06 11:46:00 am","77.3","47.0","29.59","75.9","55.5","1747","point"
"2026-06-06 11:48:00 am","76.9","47.5","29.59","75.4","55.4","1725","point"
"2026-06-06 11:50:00 am","76.6","47.7","29.59","75.0","55.3","1703","point"
"2026-06-06 11:52:00 am","76.3","48.0","29.59","74.8","55.2","1681","point"
"2026-06-06 11:54:00 am","76.1","48.3","29.59","74.5","55.1","1666","point"
"2026-06-06 11:56:00 am","75.8","48.4","29.59","74.5","55.0","1646","point"
"2026-06-06 11:58:00 am","75.7","48.6","29.59","74.3","55.0","1649","point"
"2026-06-06 12:00:00 pm","75.5","48.6","29.59","74.1","54.8","1627","point"
"2026-06-06 12:02:00 pm","75.3","48.7","29.60","73.9","54.6","1609","point"
"2026-06-06 12:04:00 pm","75.2","48.8","29.59","73.9","54.6","1612","point"
"2026-06-06 12:06:00 pm","75.1","49.2","29.60","73.8","54.8","1597","point"
"2026-06-06 12:08:00 pm","75.1","49.6","29.59","73.8","55.0","1609","point"
"2026-06-06 12:10:00 pm","75.0","50.0","29.59","73.6","55.1","1600","point"
"2026-06-06 12:12:00 pm","75.0","50.3","29.60","73.8","55.3","1595","point"
"2026-06-06 12:14:00 pm","74.9","50.2","29.59","73.8","55.1","1592","point"
"2026-06-06 12:16:00 pm","74.9","50.2","29.60","73.8","55.1","1585","point"
"2026-06-06 12:18:00 pm","74.8","50.1","29.59","73.6","55.0","1582","point"
"2026-06-06 12:20:00 pm","74.7","50.2","29.60","73.6","55.0","1568","point"
"2026-06-06 12:22:00 pm","74.7","50.2","29.59","73.6","55.0","1577","point"
"2026-06-06 12:24:00 pm","74.7","50.3","29.59","73.6","55.0","1575","point"
"2026-06-06 12:26:00 pm","74.7","50.4","29.59","73.6","55.0","1572","point"
"2026-06-06 12:28:00 pm","74.7","50.4","29.59","73.6","55.1","1575","point"
"2026-06-06 12:30:00 pm","74.7","50.5","29.60","73.6","55.1","1572","point"
"2026-06-06 12:32:00 pm","74.7","50.7","29.59","73.6","55.1","1575","point"
"2026-06-06 12:34:00 pm","74.6","50.6","29.59","73.6","55.1","1580","point"
"2026-06-06 12:36:00 pm","74.5","50.7","29.60","73.6","55.1","1565","point"
"2026-06-06 12:38:00 pm","74.5","50.7","29.59","73.6","55.0","1565","point"
"2026-06-06 12:40:00 pm","74.4","50.7","29.60","73.4","54.9","1548","point"
"2026-06-06 12:42:00 pm","74.9","50.8","29.60","73.8","55.5","1590","point"
"2026-06-06 12:44:00 pm","75.0","50.6","29.60","73.8","55.5","1597","point"
"2026-06-06 12:46:00 pm","75.0","50.5","29.60","73.8","55.4","1597","point"
"2026-06-06 12:48:00 pm","75.0","50.4","29.59","73.8","55.3","1597","point"
"2026-06-06 12:50:00 pm","74.9","50.3","29.59","73.8","55.1","1587","point"
"2026-06-06 12:52:00 pm","74.9","50.2","29.59","73.8","55.1","1595","point"
"2026-06-06 12:54:00 pm","74.9","50.1","29.60","73.8","55.1","1585","point"
"2026-06-06 12:56:00 pm","74.8","50.2","29.59","73.6","55.0","1580","point"
"2026-06-06 12:58:00 pm","74.7","50.2","29.59","73.6","54.9","1572","point"
"2026-06-06 01:00:00 pm","74.6","50.4","29.61","73.6","54.9","1553","point"
"2026-06-06 01:02:00 pm","74.5","50.6","29.60","73.6","55.0","1560","point"
"2026-06-06 01:04:00 pm","74.4","50.7","29.60","73.4","55.0","1558","point"
"2026-06-06 01:06:00 pm","74.4","50.8","29.60","73.4","55.0","1553","point"
"2026-06-06 01:08:00 pm","74.3","50.8","29.60","73.4","55.0","1550","point"
"2026-06-06 01:10:00 pm","74.3","50.9","29.60","73.2","54.9","1545","point"
"2026-06-06 01:12:00 pm","74.3","51.0","29.60","73.4","55.0","1550","point"
"2026-06-06 01:14:00 pm","74.2","51.0","29.59","73.2","54.9","1540","point"
"2026-06-06 01:16:00 pm","74.2","51.0","29.60","73.2","54.9","1533","point"
"2026-06-06 01:18:00 pm","74.1","51.1","29.60","73.0","54.9","1531","point"
"2026-06-06 01:20:00 pm","74.2","51.1","29.60","73.2","54.9","1538","point"
"2026-06-06 01:22:00 pm","74.0","51.2","29.60","73.0","54.8","1523","point"
"2026-06-06 01:24:00 pm","74.0","51.2","29.59","73.0","54.8","1528","point"
"2026-06-06 01:26:00 pm","73.9","51.2","29.60","72.9","54.8","1518","point"
"2026-06-06 01:28:00 pm","73.9","51.3","29.60","72.9","54.8","1516","point"
"2026-06-06 01:30:00 pm","73.9","51.3","29.60","72.9","54.8","1516","point"
"2026-06-06 01:32:00 pm","73.9","51.3","29.60","72.9","54.8","1516","point"
"2026-06-06 01:34:00 pm","73.8","51.4","29.60","72.9","54.8","1513","point"
"2026-06-06 01:36:00 pm","73.8","51.4","29.60","72.9","54.8","1513","point"
"2026-06-06 01:38:00 pm","73.8","51.5","29.59","72.9","54.8","1518","point"
"2026-06-06 01:40:00 pm","73.8","51.5","29.60","72.9","54.8","1518","point"
"2026-06-06 01:42:00 pm","73.8","51.5","29.60","72.9","54.8","1506","point"
"2026-06-06 01:44:00 pm","73.8","51.6","29.59","72.9","54.8","1516","point"
"2026-06-06 01:46:00 pm","73.7","51.6","29.60","72.7","54.8","1508","point"
"2026-06-06 01:48:00 pm","73.7","51.7","29.59","72.9","54.8","1516","point"
"2026-06-06 01:50:00 pm","73.7","51.7","29.59","72.9","54.8","1508","point"
"2026-06-06 01:52:00 pm","73.7","51.8","29.59","72.9","54.8","1508","point"
"2026-06-06 01:54:00 pm","73.6","51.8","29.59","72.9","54.8","1508","point"
"2026-06-06 01:56:00 pm","73.7","51.9","29.60","72.9","54.9","1506","point"
"2026-06-06 01:58:00 pm","73.6","52.0","29.60","72.9","54.9","1503","point"
"2026-06-06 02:00:00 pm","73.7","52.1","29.60","72.9","55.0","1506","point"
"2026-06-06 02:02:00 pm","73.6","52.1","29.59","72.9","54.9","1508","point"
"2026-06-06 02:04:00 pm","73.6","52.1","29.59","72.9","54.9","1503","point"
"2026-06-06 02:06:00 pm","73.5","52.1","29.59","72.7","54.9","1503","point"
"2026-06-06 02:08:00 pm","73.5","52.2","29.59","72.7","54.9","1506","point"
"2026-06-06 02:10:00 pm","73.5","52.2","29.59","72.7","54.9","1501","point"
"2026-06-06 02:12:00 pm","73.5","52.3","29.60","72.7","54.9","1494","point"
"2026-06-06 02:14:00 pm","73.4","52.3","29.59","72.7","54.9","1494","point"
"2026-06-06 02:16:00 pm","73.4","52.3","29.59","72.5","54.8","1501","point"
"2026-06-06 02:18:00 pm","73.3","52.4","29.59","72.5","54.8","1496","point"
"2026-06-06 02:20:00 pm","73.3","52.3","29.59","72.5","54.8","1491","point"
"2026-06-06 02:22:00 pm","73.3","52.4","29.59","72.5","54.8","1491","point"
"2026-06-06 02:24:00 pm","73.2","52.5","29.59","72.5","54.8","1486","point"
"2026-06-06 02:26:00 pm","73.3","52.5","29.59","72.5","54.9","1496","point"
"2026-06-06 02:28:00 pm","73.2","52.5","29.58","72.3","54.8","1494","point"
"2026-06-06 02:30:00 pm","73.2","52.5","29.58","72.5","54.8","1496","point"
"2026-06-06 02:32:00 pm","73.2","52.6","29.59","72.5","54.8","1494","point"
"2026-06-06 02:34:00 pm","73.2","52.6","29.58","72.5","54.8","1496","point"
"2026-06-06 02:36:00 pm","73.2","52.6","29.58","72.5","54.9","1501","point"
"2026-06-06 02:38:00 pm","73.2","52.6","29.58","72.5","54.9","1496","point"
"2026-06-06 02:40:00 pm","73.2","52.6","29.58","72.3","54.8","1500","point"
"2026-06-06 02:42:00 pm","73.2","52.7","29.59","72.3","54.9","1491","point"
"2026-06-06 02:44:00 pm","73.1","52.7","29.59","72.3","54.8","1489","point"
"2026-06-06 02:46:00 pm","73.1","52.7","29.58","72.3","54.8","1500","point"
"2026-06-06 02:48:00 pm","73.2","52.7","29.58","72.5","54.9","1503","point"
"2026-06-06 02:50:00 pm","73.3","52.7","29.58","72.5","55.0","1508","point"
"2026-06-06 02:52:00 pm","73.3","52.7","29.58","72.5","55.0","1513","point"
"2026-06-06 02:54:00 pm","73.4","52.6","29.58","72.7","55.1","1513","point"
"2026-06-06 02:56:00 pm","73.5","52.6","29.58","72.7","55.1","1518","point"
"2026-06-06 02:58:00 pm","73.5","52.5","29.57","72.7","55.1","1526","point"
"2026-06-06 03:00:00 pm","73.5","52.5","29.57","72.7","55.1","1526","point"
"2026-06-06 03:02:00 pm","73.7","52.5","29.58","72.9","55.2","1523","point"
"2026-06-06 03:04:00 pm","73.7","52.4","29.58","72.9","55.2","1533","point"
"2026-06-06 03:06:00 pm","73.7","52.4","29.57","72.9","55.2","1538","point"
"2026-06-06 03:08:00 pm","73.8","52.3","29.57","72.9","55.2","1540","point"
"2026-06-06 03:10:00 pm","73.8","52.3","29.58","72.9","55.3","1540","point"
"2026-06-06 03:12:00 pm","73.8","52.3","29.58","72.9","55.3","1540","point"
"2026-06-06 03:14:00 pm","73.8","52.3","29.57","72.9","55.2","1543","point"
"2026-06-06 03:16:00 pm","73.8","52.3","29.57","72.9","55.3","1545","point"
"2026-06-06 03:18:00 pm","73.8","52.3","29.57","72.9","55.3","1548","point"
"2026-06-06 03:20:00 pm","73.8","52.3","29.57","72.9","55.3","1553","point"
"2026-06-06 03:22:00 pm","73.8","52.4","29.57","72.9","55.3","1548","point"
"2026-06-06 03:24:00 pm","73.9","52.4","29.57","72.9","55.3","1550","point"
"2026-06-06 03:26:00 pm","73.9","52.4","29.57","72.9","55.3","1548","point"
"2026-06-06 03:28:00 pm","73.9","52.5","29.57","72.9","55.4","1548","point"
"2026-06-06 03:30:00 pm","73.8","52.4","29.58","72.9","55.3","1540","point"
"2026-06-06 03:32:00 pm","73.9","52.5","29.58","72.9","55.4","1540","point"
"2026-06-06 03:34:00 pm","73.9","52.4","29.57","72.9","55.3","1548","point"
"2026-06-06 03:36:00 pm","74.0","52.4","29.58","73.0","55.4","1553","point"
"2026-06-06 03:38:00 pm","74.2","52.2","29.57","73.2","55.5","1568","point"
"2026-06-06 03:40:00 pm","74.5","52.0","29.58","73.6","55.7","1587","point"
"2026-06-06 03:42:00 pm","74.6","51.9","29.57","73.6","55.8","1600","point"
"2026-06-06 03:44:00 pm","74.7","51.8","29.58","73.8","55.8","1602","point"
"2026-06-06 03:46:00 pm","74.8","51.8","29.58","73.8","55.9","1602","point"
"2026-06-06 03:48:00 pm","74.8","51.8","29.58","73.8","55.9","1607","point"
"2026-06-06 03:50:00 pm","74.8","51.8","29.58","73.8","55.9","1607","point"
"2026-06-06 03:52:00 pm","74.7","51.9","29.58","73.8","55.8","1600","point"
"2026-06-06 03:54:00 pm","74.6","52.0","29.58","73.6","55.8","1590","point"
"2026-06-06 03:56:00 pm","74.6","52.0","29.58","73.6","55.8","1592","point"
"2026-06-06 03:58:00 pm","74.5","52.1","29.58","73.6","55.7","1582","point"
"2026-06-06 04:00:00 pm","74.5","52.1","29.58","73.6","55.8","1582","point"
"2026-06-06 04:02:00 pm","74.4","52.1","29.58","73.4","55.7","1580","point"
"2026-06-06 04:04:00 pm","74.4","52.2","29.58","73.4","55.7","1577","point"
"2026-06-06 04:06:00 pm","74.3","52.2","29.58","73.2","55.7","1568","point"
"2026-06-06 04:08:00 pm","74.2","52.3","29.59","73.2","55.6","1555","point"
"2026-06-06 04:10:00 pm","74.1","52.3","29.58","73.0","55.5","1555","point"
"2026-06-06 04:12:00 pm","74.0","52.4","29.59","73.0","55.5","1548","point"
"2026-06-06 04:14:00 pm","74.0","52.4","29.59","73.0","55.5","1548","point"
"2026-06-06 04:16:00 pm","74.0","52.5","29.59","73.0","55.5","1538","point"
"2026-06-06 04:18:00 pm","74.0","52.5","29.59","73.2","55.5","1545","point"
"2026-06-06 04:20:00 pm","73.9","52.6","29.59","73.0","55.4","1531","point"
"2026-06-06 04:22:00 pm","73.8","52.6","29.59","73.0","55.4","1535","point"
"2026-06-06 04:24:00 pm","73.8","52.7","29.59","73.0","55.4","1523","point"
"2026-06-06 04:26:00 pm","73.7","52.7","29.59","72.9","55.4","1526","point"
"2026-06-06 04:28:00 pm","73.7","52.8","29.59","72.9","55.3","1523","point"
"2026-06-06 04:30:00 pm","73.7","52.8","29.59","72.9","55.4","1518","point"
"2026-06-06 04:32:00 pm","73.6","52.8","29.59","72.9","55.3","1513","point"
"2026-06-06 04:34:00 pm","73.6","52.9","29.59","72.9","55.3","1516","point"
"2026-06-06 04:36:00 pm","73.5","52.9","29.59","72.7","55.3","1506","point"
"2026-06-06 04:38:00 pm","73.4","52.9","29.59","72.7","55.2","1501","point"
"2026-06-06 04:40:00 pm","73.4","53.0","29.59","72.5","55.2","1494","point"
"2026-06-06 04:42:00 pm","73.3","53.0","29.59","72.5","55.2","1496","point"
"2026-06-06 04:44:00 pm","73.3","53.1","29.59","72.5","55.2","1491","point"
"2026-06-06 04:46:00 pm","73.3","53.1","29.59","72.5","55.1","1486","point"
"2026-06-06 04:48:00 pm","73.3","53.1","29.59","72.5","55.2","1489","point"
"2026-06-06 04:50:00 pm","73.2","53.1","29.59","72.5","55.1","1484","point"
"2026-06-06 04:52:00 pm","73.2","53.2","29.59","72.3","55.1","1481","point"
"2026-06-06 04:54:00 pm","73.2","53.2","29.60","72.3","55.1","1476","point"
"2026-06-06 04:56:00 pm","73.2","53.2","29.60","72.3","55.1","1476","point"
"2026-06-06 04:58:00 pm","73.2","53.2","29.60","72.3","55.1","1476","point"
"2026-06-06 05:00:00 pm","73.2","53.2","29.59","72.3","55.1","1481","point"
"2026-06-06 05:02:00 pm","73.2","53.2","29.60","72.3","55.1","1476","point"
"2026-06-06 05:04:00 pm","73.1","53.2","29.60","72.3","55.1","1466","point"
"2026-06-06 05:06:00 pm","73.1","53.2","29.60","72.3","55.1","1471","point"
"2026-06-06 05:08:00 pm","73.1","53.3","29.60","72.3","55.1","1471","point"
"2026-06-06 05:10:00 pm","73.1","53.3","29.60","72.3","55.1","1466","point"
"2026-06-06 05:12:00 pm","73.1","53.3","29.60","72.3","55.1","1464","point"
"2026-06-06 05:14:00 pm","73.1","53.3","29.60","72.3","55.1","1464","point"
"2026-06-06 05:16:00 pm","73.1","53.3","29.60","72.3","55.1","1464","point"
"2026-06-06 05:18:00 pm","73.1","53.2","29.61","72.3","55.0","1459","point"
"2026-06-06 05:20:00 pm","73.1","53.3","29.60","72.3","55.1","1462","point"
"2026-06-06 05:22:00 pm","73.0","53.3","29.61","72.1","55.0","1457","point"
"2026-06-06 05:24:00 pm","73.0","53.3","29.61","72.1","55.0","1452","point"
"2026-06-06 05:26:00 pm","73.0","53.3","29.60","72.1","55.0","1457","point"
"2026-06-06 05:28:00 pm","73.0","53.3","29.61","72.1","55.0","1447","point"
"2026-06-06 05:30:00 pm","73.0","53.3","29.61","72.1","55.0","1449","point"
"2026-06-06 05:32:00 pm","73.0","53.3","29.61","72.1","55.0","1447","point"
"2026-06-06 05:34:00 pm","72.9","53.3","29.61","72.1","55.0","1447","point"
"2026-06-06 05:36:00 pm","72.8","53.3","29.61","72.0","54.9","1439","point"
"2026-06-06 05:38:00 pm","72.9","53.4","29.61","72.1","54.9","1437","point"
"2026-06-06 05:40:00 pm","72.8","53.4","29.61","72.1","54.9","1439","point"
"2026-06-06 05:42:00 pm","72.8","53.4","29.61","72.1","54.8","1430","point"
"2026-06-06 05:44:00 pm","72.8","53.4","29.61","72.1","54.8","1430","point"
"2026-06-06 05:46:00 pm","72.7","53.5","29.62","72.1","54.8","1422","point"
"2026-06-06 05:48:00 pm","72.7","53.4","29.62","72.1","54.8","1422","point"
"2026-06-06 05:50:00 pm","72.7","53.5","29.62","72.1","54.8","1420","point"
"2026-06-06 05:52:00 pm","72.7","53.5","29.62","72.1","54.8","1417","point"
"2026-06-06 05:54:00 pm","72.7","53.5","29.62","72.1","54.8","1420","point"
"2026-06-06 05:56:00 pm","72.7","53.5","29.62","72.1","54.8","1417","point"
"2026-06-06 05:58:00 pm","72.7","53.4","29.62","72.1","54.8","1420","point"
"2026-06-06 06:00:00 pm","72.7","53.5","29.62","72.1","54.8","1417","point"
"2026-06-06 06:02:00 pm","72.6","53.5","29.62","72.0","54.8","1407","point"
"2026-06-06 06:04:00 pm","72.6","53.5","29.62","72.0","54.8","1407","point"
"2026-06-06 06:06:00 pm","72.6","53.5","29.62","72.0","54.8","1412","point"
"2026-06-06 06:08:00 pm","72.6","53.5","29.63","72.0","54.8","1402","point"
"2026-06-06 06:10:00 pm","72.6","53.6","29.63","72.0","54.7","1397","point"
"2026-06-06 06:12:00 pm","72.6","53.6","29.63","72.0","54.8","1397","point"
"2026-06-06 06:14:00 pm","72.5","53.6","29.63","72.0","54.7","1395","point"
"2026-06-06 06:16:00 pm","72.5","53.5","29.62","72.0","54.7","1402","point"
"2026-06-06 06:18:00 pm","72.5","53.5","29.63","72.0","54.7","1395","point"
"2026-06-06 06:20:00 pm","72.5","53.5","29.64","72.0","54.7","1388","point"
"2026-06-06 06:22:00 pm","72.5","53.6","29.63","71.8","54.7","1388","point"
"2026-06-06 06:24:00 pm","72.5","53.6","29.64","71.8","54.7","1385","point"
"2026-06-06 06:26:00 pm","72.5","53.6","29.63","71.8","54.7","1388","point"
"2026-06-06 06:28:00 pm","72.5","53.6","29.64","71.8","54.7","1378","point"
"2026-06-06 06:30:00 pm","72.4","53.6","29.64","71.8","54.6","1378","point"
"2026-06-06 06:32:00 pm","72.4","53.7","29.63","71.8","54.6","1385","point"
"2026-06-06 06:34:00 pm","72.4","53.6","29.64","71.8","54.6","1380","point"
"2026-06-06 06:36:00 pm","72.3","53.6","29.64","71.8","54.6","1378","point"
"2026-06-06 06:38:00 pm","72.3","53.7","29.64","71.8","54.6","1378","point"
"2026-06-06 06:40:00 pm","72.3","53.7","29.64","71.6","54.6","1376","point"
"2026-06-06 06:42:00 pm","72.3","53.7","29.64","71.6","54.5","1373","point"
"2026-06-06 06:44:00 pm","72.2","53.7","29.65","71.6","54.5","1358","point"
"2026-06-06 06:46:00 pm","72.2","53.8","29.64","71.6","54.5","1358","point"
"2026-06-06 06:48:00 pm","72.2","53.8","29.64","71.6","54.5","1358","point"
"2026-06-06 06:50:00 pm","72.1","53.8","29.65","71.6","54.5","1349","point"
"2026-06-06 06:52:00 pm","72.1","53.8","29.65","71.6","54.5","1349","point"
"2026-06-06 06:54:00 pm","72.1","53.8","29.65","71.4","54.5","1344","point"
"2026-06-06 06:56:00 pm","72.1","53.8","29.65","71.4","54.4","1344","point"
"2026-06-06 06:58:00 pm","72.1","53.8","29.65","71.4","54.4","1341","point"
"2026-06-06 07:00:00 pm","72.1","53.8","29.65","71.4","54.4","1341","point"
"2026-06-06 07:02:00 pm","72.1","53.8","29.65","71.4","54.4","1339","point"
"2026-06-06 07:04:00 pm","72.0","53.8","29.66","71.4","54.4","1327","point"
"2026-06-06 07:06:00 pm","72.0","53.9","29.65","71.4","54.4","1339","point"
"2026-06-06 07:08:00 pm","72.1","53.9","29.66","71.4","54.5","1332","point"
"2026-06-06 07:10:00 pm","72.0","53.9","29.66","71.4","54.4","1332","point"
"2026-06-06 07:12:00 pm","72.0","53.9","29.66","71.4","54.4","1327","point"
"2026-06-06 07:14:00 pm","72.0","53.9","29.66","71.4","54.4","1324","point"
"2026-06-06 07:16:00 pm","72.0","53.9","29.66","71.4","54.4","1320","point"
"2026-06-06 07:18:00 pm","72.0","53.9","29.66","71.4","54.4","1324","point"
"2026-06-06 07:20:00 pm","72.0","53.9","29.67","71.4","54.4","1312","point"
"2026-06-06 07:22:00 pm","71.9","53.9","29.67","71.2","54.3","1310","point"
"2026-06-06 07:24:00 pm","71.9","53.9","29.67","71.2","54.3","1310","point"
"2026-06-06 07:26:00 pm","71.9","53.9","29.67","71.2","54.3","1303","point"
"2026-06-06 07:28:00 pm","71.9","54.0","29.67","71.2","54.3","1303","point"
"2026-06-06 07:30:00 pm","71.8","54.0","29.67","71.2","54.3","1298","point"
"2026-06-06 07:32:00 pm","71.8","53.9","29.68","71.2","54.2","1290","point"
"2026-06-06 07:34:00 pm","71.8","54.0","29.67","71.2","54.2","1295","point"
"2026-06-06 07:36:00 pm","71.8","54.0","29.68","71.2","54.2","1288","point"
"2026-06-06 07:38:00 pm","71.8","54.0","29.69","71.2","54.2","1281","point"
"2026-06-06 07:40:00 pm","71.8","54.0","29.69","71.2","54.3","1281","point"
"2026-06-06 07:42:00 pm","71.7","54.0","29.69","71.1","54.2","1278","point"
"2026-06-06 07:44:00 pm","71.7","54.0","29.69","71.1","54.2","1278","point"
"2026-06-06 07:46:00 pm","71.7","54.0","29.69","71.1","54.2","1268","point"
"2026-06-06 07:48:00 pm","71.7","54.0","29.69","71.1","54.2","1268","point"
"2026-06-06 07:50:00 pm","71.7","54.1","29.69","71.1","54.2","1268","point"
"2026-06-06 07:52:00 pm","71.6","54.1","29.70","70.9","54.1","1256","point"
"2026-06-06 07:54:00 pm","71.6","54.1","29.70","71.1","54.2","1256","point"
"2026-06-06 07:56:00 pm","71.6","54.1","29.70","70.9","54.1","1256","point"
"2026-06-06 07:58:00 pm","71.5","54.2","29.70","70.9","54.1","1254","point"
"2026-06-06 08:00:00 pm","71.5","54.2","29.70","70.9","54.1","1244","point"
"2026-06-06 08:02:00 pm","71.5","54.2","29.70","70.9","54.1","1250","point"
"2026-06-06 08:04:00 pm","71.4","54.2","29.70","70.7","54.0","1234","point"
"2026-06-06 08:06:00 pm","71.4","54.2","29.70","70.7","54.0","1234","point"
"2026-06-06 08:08:00 pm","71.4","54.2","29.71","70.7","54.0","1232","point"
"2026-06-06 08:10:00 pm","71.4","54.2","29.71","70.7","54.0","1227","point"
"2026-06-06 08:12:00 pm","71.4","54.2","29.71","70.7","54.0","1227","point"
"2026-06-06 08:14:00 pm","71.3","54.3","29.71","70.7","54.0","1220","point"
"2026-06-06 08:16:00 pm","71.3","54.3","29.71","70.7","54.0","1220","point"
"2026-06-06 08:18:00 pm","71.3","54.3","29.72","70.7","53.9","1212","point"
"2026-06-06 08:20:00 pm","71.3","54.3","29.71","70.7","53.9","1212","point"
"2026-06-06 08:22:00 pm","71.3","54.3","29.72","70.7","53.9","1210","point"
"2026-06-06 08:24:00 pm","71.2","54.3","29.72","70.5","53.9","1203","point"
"2026-06-06 08:26:00 pm","71.2","54.3","29.72","70.5","53.9","1200","point"
"2026-06-06 08:28:00 pm","71.2","54.3","29.72","70.5","53.9","1203","point"
"2026-06-06 08:30:00 pm","71.2","54.3","29.72","70.5","53.9","1198","point"
"2026-06-06 08:32:00 pm","71.2","54.3","29.72","70.5","53.8","1198","point"
"2026-06-06 08:34:00 pm","71.2","54.3","29.72","70.5","53.8","1193","point"
"2026-06-06 08:36:00 pm","71.2","54.3","29.72","70.5","53.8","1193","point"
"2026-06-06 08:38:00 pm","71.1","54.4","29.72","70.5","53.8","1188","point"
"2026-06-06 08:40:00 pm","71.1","54.4","29.73","70.5","53.8","1186","point"
"2026-06-06 08:42:00 pm","71.1","54.4","29.73","70.5","53.8","1176","point"
"2026-06-06 08:44:00 pm","71.1","54.4","29.73","70.5","53.8","1183","point"
"2026-06-06 08:46:00 pm","71.0","54.4","29.73","70.3","53.7","1178","point"
"2026-06-06 08:48:00 pm","71.0","54.4","29.73","70.3","53.7","1171","point"
"2026-06-06 08:50:00 pm","71.0","54.4","29.74","70.3","53.7","1169","point"
"2026-06-06 08:52:00 pm","71.0","54.4","29.74","70.3","53.7","1169","point"
"2026-06-06 08:54:00 pm","71.0","54.4","29.74","70.3","53.7","1161","point"
"2026-06-06 08:56:00 pm","71.0","54.4","29.74","70.3","53.7","1161","point"
"2026-06-06 08:58:00 pm","71.0","54.4","29.74","70.3","53.7","1159","point"
"2026-06-06 09:00:00 pm","71.0","54.4","29.74","70.3","53.7","1161","point"
"2026-06-06 09:02:00 pm","70.9","54.4","29.74","70.3","53.6","1159","point"
"2026-06-06 09:04:00 pm","70.9","54.3","29.75","70.3","53.6","1149","point"
"2026-06-06 09:06:00 pm","70.8","54.4","29.74","70.3","53.5","1152","point"
"2026-06-06 09:08:00 pm","70.9","54.4","29.75","70.3","53.6","1149","point"
"2026-06-06 09:10:00 pm","70.8","54.4","29.75","70.3","53.6","1144","point"
"2026-06-06 09:12:00 pm","70.8","54.3","29.75","70.3","53.5","1144","point"
"2026-06-06 09:14:00 pm","70.8","54.3","29.75","70.3","53.5","1139","point"
"2026-06-06 09:16:00 pm","70.8","54.3","29.75","70.3","53.5","1137","point"
"2026-06-06 09:18:00 pm","70.8","54.3","29.75","70.3","53.5","1139","point"
"2026-06-06 09:20:00 pm","70.8","54.3","29.75","70.3","53.5","1132","point"
"2026-06-06 09:22:00 pm","70.8","54.3","29.76","70.3","53.4","1127","point"
"2026-06-06 09:24:00 pm","70.7","54.3","29.76","70.0","53.3","1122","point"
"2026-06-06 09:26:00 pm","70.7","54.3","29.76","70.3","53.4","1122","point"
"2026-06-06 09:28:00 pm","70.7","54.2","29.76","70.3","53.4","1120","point"
"2026-06-06 09:30:00 pm","70.7","54.2","29.76","70.0","53.3","1118","point"
"2026-06-06 09:32:00 pm","70.7","54.2","29.76","70.0","53.3","1115","point"
"2026-06-06 09:34:00 pm","70.7","54.2","29.76","70.0","53.3","1115","point"
"2026-06-06 09:36:00 pm","70.7","54.2","29.77","70.0","53.3","1110","point"
"2026-06-06 09:38:00 pm","70.7","54.2","29.77","70.0","53.3","1110","point"
"2026-06-06 09:40:00 pm","70.6","54.2","29.77","70.0","53.3","1105","point"
"2026-06-06 09:42:00 pm","70.6","54.2","29.77","70.0","53.3","1098","point"
"2026-06-06 09:44:00 pm","70.6","54.2","29.77","70.0","53.3","1101","point"
"2026-06-06 09:46:00 pm","70.6","54.2","29.78","70.0","53.2","1091","point"
"2026-06-06 09:48:00 pm","70.6","54.2","29.77","70.0","53.3","1098","point"
"2026-06-06 09:50:00 pm","70.6","54.3","29.78","70.0","53.2","1091","point"
"2026-06-06 09:52:00 pm","70.6","54.3","29.78","70.0","53.2","1086","point"
"2026-06-06 09:54:00 pm","70.5","54.3","29.78","70.0","53.2","1086","point"
"2026-06-06 09:56:00 pm","70.6","54.3","29.78","70.0","53.3","1088","point"
"2026-06-06 09:58:00 pm","70.6","54.3","29.79","70.0","53.3","1083","point"
"2026-06-06 10:00:00 pm","70.6","54.3","29.79","70.0","53.3","1081","point"
"2026-06-06 10:02:00 pm","70.6","54.3","29.79","70.0","53.3","1083","point"
"2026-06-06 10:04:00 pm","70.6","54.3","29.78","70.0","53.3","1088","point"
"2026-06-06 10:06:00 pm","70.7","55.2","29.80","70.5","53.9","1086","point"
"2026-06-06 10:08:00 pm","70.9","55.3","29.80","70.5","54.1","1091","point"
"2026-06-06 10:10:00 pm","71.3","58.7","29.81","71.1","56.1","1122","point"
"2026-06-06 10:12:00 pm","71.3","57.2","29.81","70.9","55.4","1120","point"
"2026-06-06 10:14:00 pm","71.4","56.6","29.81","70.9","55.2","1125","point"
"2026-06-06 10:16:00 pm","71.3","56.5","29.81","70.9","55.0","1115","point"
"2026-06-06 10:18:00 pm","71.2","56.4","29.81","70.7","54.9","1101","point"
"2026-06-06 10:20:00 pm","71.1","56.5","29.81","70.7","54.8","1098","point"
"2026-06-06 10:22:00 pm","71.0","56.5","29.81","70.5","54.7","1086","point"
"2026-06-06 10:24:00 pm","70.8","56.5","29.82","70.5","54.6","1071","point"
"2026-06-06 10:26:00 pm","70.7","56.6","29.81","70.2","54.5","1066","point"
"2026-06-06 10:28:00 pm","70.5","56.6","29.81","70.0","54.3","1054","point"
"2026-06-06 10:30:00 pm","70.4","56.6","29.82","70.0","54.2","1042","point"
"2026-06-06 10:32:00 pm","70.2","56.6","29.82","69.6","54.1","1025","point"
"2026-06-06 10:34:00 pm","70.1","56.7","29.82","69.4","54.0","1020","point"
"2026-06-06 10:36:00 pm","70.0","56.7","29.82","69.4","54.0","1013","point"
"2026-06-06 10:38:00 pm","69.9","56.8","29.83","69.1","53.9","993","point"
"2026-06-06 10:40:00 pm","69.8","56.8","29.82","68.9","53.8","993","point"
"2026-06-06 10:42:00 pm","69.7","56.9","29.82","68.9","53.7","986","point"
"2026-06-06 10:44:00 pm","69.6","56.9","29.83","68.7","53.7","976","point"
"2026-06-06 10:46:00 pm","69.5","57.0","29.83","68.7","53.6","969","point"
"2026-06-06 10:48:00 pm","69.4","57.0","29.83","68.4","53.5","959","point"
"2026-06-06 10:50:00 pm","69.3","57.1","29.83","68.4","53.5","952","point"
"2026-06-06 10:52:00 pm","69.2","57.1","29.83","68.2","53.4","942","point"
"2026-06-06 10:54:00 pm","69.1","57.1","29.83","68.2","53.3","940","point"
"2026-06-06 10:56:00 pm","69.0","57.2","29.84","67.8","53.2","923","point"
"2026-06-06 10:58:00 pm","69.0","57.2","29.83","67.8","53.3","928","point"
"2026-06-06 11:00:00 pm","68.9","57.3","29.83","67.8","53.2","918","point"
"2026-06-06 11:02:00 pm","68.8","57.3","29.83","67.6","53.1","913","point"
"2026-06-06 11:04:00 pm","68.8","57.3","29.84","67.6","53.1","903","point"
"2026-06-06 11:06:00 pm","68.7","57.4","29.84","67.5","53.0","899","point"
"2026-06-06 11:08:00 pm","68.6","57.4","29.84","67.5","53.0","891","point"
"2026-06-06 11:10:00 pm","68.6","57.5","29.84","67.5","53.0","886","point"
"2026-06-06 11:12:00 pm","68.5","57.5","29.84","67.3","52.9","882","point"
"2026-06-06 11:14:00 pm","68.5","57.5","29.85","67.3","52.9","877","point"
"2026-06-06 11:16:00 pm","68.5","58.1","29.85","67.3","53.1","875","point"
"2026-06-06 11:18:00 pm","68.4","58.2","29.85","67.3","53.2","875","point"
"2026-06-06 11:20:00 pm","68.4","58.6","29.85","67.3","53.3","875","point"
"2026-06-06 11:22:00 pm","68.4","58.8","29.85","67.3","53.4","875","point"
"2026-06-06 11:24:00 pm","68.4","59.0","29.85","67.3","53.5","867","point"
"2026-06-06 11:26:00 pm","68.3","59.2","29.85","67.1","53.5","869","point"
"2026-06-06 11:28:00 pm","68.4","59.3","29.85","67.3","53.6","869","point"
"2026-06-06 11:30:00 pm","68.3","59.4","29.85","67.1","53.6","864","point"
"2026-06-06 11:32:00 pm","68.3","59.4","29.85","67.1","53.6","864","point"
"2026-06-06 11:34:00 pm","68.3","59.5","29.85","67.1","53.6","862","point"
"2026-06-06 11:36:00 pm","68.3","59.5","29.85","67.1","53.6","855","point"
"2026-06-06 11:38:00 pm","68.3","59.6","29.86","67.1","53.6","855","point"
"2026-06-06 11:40:00 pm","68.2","59.6","29.85","67.1","53.6","855","point"
"2026-06-06 11:42:00 pm","68.2","59.7","29.85","67.1","53.6","855","point"
"2026-06-06 11:44:00 pm","68.2","59.7","29.86","67.1","53.7","852","point"
"2026-06-06 11:46:00 pm","68.2","59.7","29.86","67.1","53.6","850","point"
"2026-06-06 11:48:00 pm","68.2","59.7","29.86","67.1","53.6","850","point"
"2026-06-06 11:50:00 pm","68.1","59.7","29.86","66.7","53.6","843","point"
"2026-06-06 11:52:00 pm","68.1","59.8","29.87","66.7","53.6","835","point"
"2026-06-06 11:54:00 pm","68.1","59.8","29.86","66.7","53.6","840","point"
"2026-06-06 11:56:00 pm","68.1","59.8","29.86","66.7","53.6","835","point"
"2026-06-06 11:58:00 pm","68.1","59.9","29.86","66.7","53.6","838","point"
"2026-06-07 12:00:00 am","68.1","59.9","29.87","66.7","53.6","833","point"
"2026-06-07 12:02:00 am","68.0","59.9","29.87","66.7","53.6","828","point"
"2026-06-07 12:04:00 am","68.0","59.9","29.87","66.7","53.6","826","point"
"2026-06-07 12:06:00 am","68.0","59.9","29.87","66.7","53.6","826","point"
"2026-06-07 12:08:00 am","68.1","59.9","29.87","66.7","53.6","828","point"
"2026-06-07 12:10:00 am","68.0","59.9","29.87","66.7","53.6","826","point"
"2026-06-07 12:12:00 am","68.0","60.0","29.87","66.6","53.6","826","point"
"2026-06-07 12:14:00 am","67.9","60.0","29.87","66.7","53.6","823","point"
"2026-06-07 12:16:00 am","68.0","60.0","29.87","66.7","53.6","818","point"
"2026-06-07 12:18:00 am","67.9","60.1","29.87","66.7","53.6","818","point"
"2026-06-07 12:20:00 am","67.9","60.2","29.88","66.7","53.6","813","point"
"2026-06-07 12:22:00 am","67.9","60.2","29.87","66.7","53.6","818","point"
"2026-06-07 12:24:00 am","67.9","60.2","29.88","66.7","53.6","806","point"
"2026-06-07 12:26:00 am","67.9","60.2","29.88","66.7","53.6","801","point"
"2026-06-07 12:28:00 am","67.9","60.3","29.88","66.7","53.7","804","point"
"2026-06-07 12:30:00 am","67.9","60.3","29.88","66.7","53.7","804","point"
"2026-06-07 12:32:00 am","67.9","60.3","29.88","66.7","53.7","804","point"
"2026-06-07 12:34:00 am","67.9","60.3","29.88","66.7","53.6","804","point"
"2026-06-07 12:36:00 am","67.9","60.3","29.88","66.7","53.6","796","point"
"2026-06-07 12:38:00 am","67.9","60.3","29.88","66.7","53.6","796","point"
"2026-06-07 12:40:00 am","67.8","60.4","29.88","66.7","53.6","796","point"
"2026-06-07 12:42:00 am","67.9","60.4","29.89","66.7","53.7","789","point"
"2026-06-07 12:44:00 am","67.9","60.4","29.89","66.7","53.7","794","point"
"2026-06-07 12:46:00 am","67.8","60.4","29.89","66.7","53.6","791","point"
"2026-06-07 12:48:00 am","67.8","60.4","29.89","66.7","53.6","791","point"
"2026-06-07 12:50:00 am","67.8","60.4","29.89","66.6","53.6","784","point"
"2026-06-07 12:52:00 am","67.8","60.4","29.89","66.7","53.7","789","point"
"2026-06-07 12:54:00 am","67.8","60.4","29.89","66.6","53.6","784","point"
"2026-06-07 12:56:00 am","67.7","60.4","29.89","66.6","53.6","779","point"
"2026-06-07 12:58:00 am","67.7","60.4","29.89","66.6","53.5","782","point"
"2026-06-07 01:00:00 am","67.7","60.4","29.89","66.6","53.5","779","point"
"2026-06-07 01:02:00 am","67.7","60.4","29.90","66.6","53.5","774","point"
"2026-06-07 01:04:00 am","67.7","60.4","29.90","66.6","53.5","772","point"
"2026-06-07 01:06:00 am","67.7","60.4","29.89","66.6","53.5","777","point"
"2026-06-07 01:08:00 am","67.7","60.3","29.90","66.6","53.5","772","point"
"2026-06-07 01:10:00 am","67.7","60.3","29.90","66.6","53.4","767","point"
"2026-06-07 01:12:00 am","67.7","60.3","29.90","66.6","53.4","770","point"
"2026-06-07 01:14:00 am","67.7","60.3","29.90","66.6","53.5","770","point"
"2026-06-07 01:16:00 am","67.7","60.4","29.90","66.6","53.5","762","point"
"2026-06-07 01:18:00 am","67.7","60.4","29.90","66.6","53.5","767","point"
"2026-06-07 01:20:00 am","67.6","60.4","29.90","66.2","53.4","755","point"
"2026-06-07 01:22:00 am","67.6","60.4","29.91","66.2","53.4","753","point"
"2026-06-07 01:24:00 am","67.6","60.5","29.90","66.2","53.5","758","point"
"2026-06-07 01:26:00 am","67.6","60.5","29.91","66.2","53.5","746","point"
"2026-06-07 01:28:00 am","67.6","60.5","29.91","66.2","53.4","753","point"
"2026-06-07 01:30:00 am","67.6","60.5","29.91","66.2","53.5","753","point"
"2026-06-07 01:32:00 am","67.6","60.5","29.91","66.2","53.4","750","point"
"2026-06-07 01:34:00 am","67.6","60.5","29.90","66.2","53.5","755","point"
"2026-06-07 01:36:00 am","67.6","60.4","29.91","66.2","53.4","748","point"
"2026-06-07 01:38:00 am","67.6","60.4","29.91","66.2","53.4","748","point"
"2026-06-07 01:40:00 am","67.5","60.5","29.91","66.2","53.4","741","point"
"2026-06-07 01:42:00 am","67.5","60.5","29.91","66.2","53.4","741","point"
"2026-06-07 01:44:00 am","67.5","60.5","29.91","66.2","53.4","741","point"
"2026-06-07 01:46:00 am","67.5","60.6","29.91","66.2","53.4","746","point"
"2026-06-07 01:48:00 am","67.5","60.6","29.91","66.2","53.4","741","point"
"2026-06-07 01:50:00 am","67.5","60.7","29.92","66.2","53.4","736","point"
"2026-06-07 01:52:00 am","67.5","60.7","29.92","66.2","53.4","734","point"
"2026-06-07 01:54:00 am","67.4","60.7","29.92","66.0","53.4","729","point"
"2026-06-07 01:56:00 am","67.4","60.7","29.92","66.0","53.4","729","point"
"2026-06-07 01:58:00 am","67.4","60.8","29.92","66.0","53.4","734","point"
"2026-06-07 02:00:00 am","67.4","60.7","29.92","66.0","53.4","724","point"
"2026-06-07 02:02:00 am","67.4","60.8","29.92","66.0","53.4","727","point"
"2026-06-07 02:04:00 am","67.4","60.9","29.92","66.0","53.4","722","point"
"2026-06-07 02:06:00 am","67.4","60.9","29.93","66.0","53.4","717","point"
"2026-06-07 02:08:00 am","67.4","60.9","29.92","66.0","53.4","724","point"
"2026-06-07 02:10:00 am","67.4","60.9","29.92","66.0","53.4","724","point"
"2026-06-07 02:12:00 am","67.4","60.9","29.93","66.0","53.4","715","point"
"2026-06-07 02:14:00 am","67.4","60.9","29.92","66.0","53.4","722","point"
"2026-06-07 02:16:00 am","67.3","60.9","29.93","66.0","53.4","717","point"
"2026-06-07 02:18:00 am","67.3","60.9","29.93","66.0","53.3","710","point"
"2026-06-07 02:20:00 am","67.4","61.0","29.93","66.0","53.4","710","point"
"2026-06-07 02:22:00 am","67.3","61.0","29.93","66.0","53.4","710","point"
"2026-06-07 02:24:00 am","67.3","61.0","29.93","66.0","53.4","712","point"
"2026-06-07 02:26:00 am","67.3","61.0","29.93","66.0","53.4","703","point"
"2026-06-07 02:28:00 am","67.3","61.1","29.94","66.0","53.5","703","point"
"2026-06-07 02:30:00 am","67.3","61.0","29.93","66.0","53.4","703","point"
"2026-06-07 02:32:00 am","67.3","61.0","29.94","66.0","53.4","698","point"
"2026-06-07 02:34:00 am","67.2","61.0","29.94","65.7","53.3","693","point"
"2026-06-07 02:36:00 am","67.2","61.0","29.94","65.7","53.3","693","point"
"2026-06-07 02:38:00 am","67.2","61.0","29.94","65.7","53.3","693","point"
"2026-06-07 02:40:00 am","67.2","61.1","29.94","65.7","53.4","693","point"
"2026-06-07 02:42:00 am","67.2","61.1","29.94","65.7","53.4","695","point"
"2026-06-07 02:44:00 am","67.2","61.1","29.94","65.7","53.3","691","point"
"2026-06-07 02:46:00 am","67.2","61.2","29.94","65.7","53.4","691","point"
"2026-06-07 02:48:00 am","67.2","61.2","29.95","65.7","53.4","683","point"
"2026-06-07 02:50:00 am","67.2","61.2","29.95","65.7","53.4","683","point"
"2026-06-07 02:52:00 am","67.2","61.2","29.94","65.7","53.4","686","point"
"2026-06-07 02:54:00 am","67.2","61.2","29.95","65.7","53.4","683","point"
"2026-06-07 02:56:00 am","67.2","61.1","29.94","65.7","53.3","686","point"
"2026-06-07 02:58:00 am","67.2","61.2","29.95","65.7","53.3","681","point"
"2026-06-07 03:00:00 am","67.2","61.1","29.94","65.7","53.3","683","point"
"2026-06-07 03:02:00 am","67.2","61.2","29.94","65.7","53.3","688","point"
"2026-06-07 03:04:00 am","67.2","61.1","29.95","65.7","53.3","681","point"
"2026-06-07 03:06:00 am","67.1","61.1","29.95","65.7","53.3","676","point"
"2026-06-07 03:08:00 am","67.1","61.2","29.95","65.7","53.3","674","point"
"2026-06-07 03:10:00 am","67.1","61.2","29.95","65.7","53.3","676","point"
"2026-06-07 03:12:00 am","67.1","61.2","29.95","65.7","53.3","676","point"
"2026-06-07 03:14:00 am","67.1","61.1","29.94","65.7","53.3","681","point"
"2026-06-07 03:16:00 am","67.1","61.2","29.95","65.7","53.3","676","point"
"2026-06-07 03:18:00 am","67.1","61.2","29.95","65.7","53.3","676","point"
"2026-06-07 03:20:00 am","67.1","61.3","29.94","65.7","53.3","681","point"
"2026-06-07 03:22:00 am","67.0","61.3","29.95","65.5","53.3","669","point"
"2026-06-07 03:24:00 am","67.0","61.3","29.95","65.5","53.3","664","point"
"2026-06-07 03:26:00 am","67.0","61.3","29.95","65.5","53.3","669","point"
"2026-06-07 03:28:00 am","67.0","61.3","29.95","65.5","53.3","671","point"
"2026-06-07 03:30:00 am","67.0","61.3","29.95","65.5","53.3","667","point"
"2026-06-07 03:32:00 am","67.0","61.4","29.95","65.5","53.3","662","point"
"2026-06-07 03:34:00 am","67.0","61.4","29.95","65.5","53.3","662","point"
"2026-06-07 03:36:00 am","67.0","61.4","29.95","65.5","53.3","662","point"
"2026-06-07 03:38:00 am","67.0","61.4","29.95","65.5","53.3","667","point"
"2026-06-07 03:40:00 am","67.0","61.4","29.95","65.5","53.3","659","point"
"2026-06-07 03:42:00 am","67.0","61.5","29.95","65.5","53.3","667","point"
"2026-06-07 03:44:00 am","67.0","61.6","29.96","65.5","53.3","659","point"
"2026-06-07 03:46:00 am","67.0","61.6","29.95","65.5","53.4","664","point"
"2026-06-07 03:48:00 am","67.0","61.7","29.96","65.5","53.4","655","point"
"2026-06-07 03:50:00 am","67.0","61.8","29.96","65.5","53.4","655","point"
"2026-06-07 03:52:00 am","67.0","61.8","29.96","65.5","53.5","659","point"
"2026-06-07 03:54:00 am","67.0","61.8","29.96","65.5","53.4","659","point"
"2026-06-07 03:56:00 am","66.9","61.9","29.96","65.5","53.4","657","point"
"2026-06-07 03:58:00 am","66.9","61.9","29.96","65.5","53.4","647","point"
"2026-06-07 04:00:00 am","66.9","62.0","29.96","65.7","53.5","650","point"
"2026-06-07 04:02:00 am","66.9","62.1","29.96","65.3","53.5","650","point"
"2026-06-07 04:04:00 am","66.9","62.1","29.96","65.7","53.6","647","point"
"2026-06-07 04:06:00 am","66.9","62.2","29.96","65.3","53.5","643","point"
"2026-06-07 04:08:00 am","66.9","62.2","29.96","65.3","53.6","643","point"
"2026-06-07 04:10:00 am","66.9","62.2","29.96","65.3","53.6","643","point"
"2026-06-07 04:12:00 am","66.8","62.2","29.96","65.3","53.5","645","point"
"2026-06-07 04:14:00 am","66.8","62.2","29.96","65.3","53.5","640","point"
"2026-06-07 04:16:00 am","66.8","62.2","29.97","65.3","53.5","638","point"
"2026-06-07 04:18:00 am","66.8","62.2","29.97","65.3","53.5","638","point"
"2026-06-07 04:20:00 am","66.8","62.1","29.97","65.3","53.4","636","point"
"2026-06-07 04:22:00 am","66.8","62.1","29.97","65.3","53.4","636","point"
"2026-06-07 04:24:00 am","66.8","62.0","29.97","65.3","53.3","633","point"
"2026-06-07 04:26:00 am","66.8","62.0","29.97","65.3","53.4","633","point"
"2026-06-07 04:28:00 am","66.8","62.0","29.97","65.3","53.3","633","point"
"2026-06-07 04:30:00 am","66.8","62.0","29.96","65.3","53.4","638","point"
"2026-06-07 04:32:00 am","66.7","62.1","29.97","65.1","53.3","628","point"
"2026-06-07 04:34:00 am","66.7","62.1","29.97","65.1","53.3","628","point"
"2026-06-07 04:36:00 am","66.8","62.1","29.97","65.3","53.4","633","point"
"2026-06-07 04:38:00 am","66.7","62.1","29.97","65.1","53.3","625","point"
"2026-06-07 04:40:00 am","66.7","62.0","29.97","65.1","53.3","621","point"
"2026-06-07 04:42:00 am","66.7","62.0","29.97","65.1","53.3","626","point"
"2026-06-07 04:44:00 am","66.7","62.0","29.97","65.1","53.3","625","point"
"2026-06-07 04:46:00 am","66.7","62.0","29.97","65.1","53.3","616","point"
"2026-06-07 04:48:00 am","66.7","62.1","29.98","65.1","53.3","609","point"
"2026-06-07 04:50:00 am","66.7","62.1","29.98","65.1","53.3","614","point"
"2026-06-07 04:52:00 am","66.7","62.1","29.98","65.1","53.3","614","point"
"2026-06-07 04:54:00 am","66.7","62.0","29.98","65.1","53.2","614","point"
"2026-06-07 04:56:00 am","66.6","61.9","29.98","64.9","53.2","612","point"
"2026-06-07 04:58:00 am","66.6","61.8","29.98","64.9","53.1","607","point"
"2026-06-07 05:00:00 am","66.6","61.7","29.98","64.9","53.1","612","point"
"2026-06-07 05:02:00 am","66.6","61.7","29.98","64.9","53.1","607","point"
"2026-06-07 05:04:00 am","66.6","61.6","29.98","64.9","53.0","607","point"
"2026-06-07 05:06:00 am","66.6","61.5","29.98","64.9","53.0","604","point"
"2026-06-07 05:08:00 am","66.6","61.5","29.98","64.9","52.9","602","point"
"2026-06-07 05:10:00 am","66.5","61.5","29.98","64.8","52.9","600","point"
"2026-06-07 05:12:00 am","66.5","61.5","29.98","64.8","52.9","592","point"
"2026-06-07 05:14:00 am","66.5","61.5","29.98","64.8","52.9","595","point"
"2026-06-07 05:16:00 am","66.5","61.6","29.98","64.8","52.9","595","point"
"2026-06-07 05:18:00 am","66.5","61.7","29.98","64.8","53.0","595","point"
"2026-06-07 05:20:00 am","66.5","61.7","29.98","64.8","53.0","595","point"
"2026-06-07 05:22:00 am","66.5","61.7","29.98","64.8","52.9","590","point"
"2026-06-07 05:24:00 am","66.5","61.6","29.98","64.8","52.9","595","point"
"2026-06-07 05:26:00 am","66.4","61.6","29.98","64.8","52.9","588","point"
"2026-06-07 05:28:00 am","66.5","61.7","29.99","64.8","52.9","585","point"
"2026-06-07 05:30:00 am","66.5","61.8","29.99","64.8","53.0","578","point"
"2026-06-07 05:32:00 am","66.4","61.8","29.99","64.8","52.9","585","point"
"2026-06-07 05:34:00 am","66.5","61.9","29.99","64.8","53.0","578","point"
"2026-06-07 05:36:00 am","66.4","61.9","29.99","64.8","52.9","578","point"
"2026-06-07 05:38:00 am","66.5","61.9","29.99","64.9","53.0","583","point"
"2026-06-07 05:40:00 am","66.4","62.0","29.99","64.9","53.0","578","point"
"2026-06-07 05:42:00 am","66.4","62.0","29.99","64.9","53.0","580","point"
"2026-06-07 05:44:00 am","66.3","62.0","29.99","64.6","52.9","571","point"
"2026-06-07 05:46:00 am","66.4","62.0","29.99","64.9","53.0","578","point"
"2026-06-07 05:48:00 am","66.3","62.0","30.00","64.6","52.9","568","point"
"2026-06-07 05:50:00 am","66.4","62.0","30.00","64.9","53.0","571","point"
"2026-06-07 05:52:00 am","66.3","62.0","29.99","64.6","53.0","571","point"
"2026-06-07 05:54:00 am","66.4","62.1","29.99","64.9","53.0","576","point"
"2026-06-07 05:56:00 am","66.3","62.1","30.00","64.6","52.9","556","point"
"2026-06-07 05:58:00 am","66.3","62.0","30.00","64.6","52.9","561","point"
"2026-06-07 06:00:00 am","66.3","62.0","30.00","64.6","52.9","561","point"
"2026-06-07 06:02:00 am","66.3","62.0","30.00","64.6","52.9","561","point"
"2026-06-07 06:04:00 am","66.3","62.0","30.00","64.6","52.9","561","point"
"2026-06-07 06:06:00 am","66.3","62.1","30.00","64.6","52.9","556","point"
"2026-06-07 06:08:00 am","66.2","62.1","30.00","64.6","52.9","556","point"
"2026-06-07 06:10:00 am","66.3","62.1","30.00","64.6","52.9","556","point"
"2026-06-07 06:12:00 am","66.3","62.1","30.00","64.6","52.9","559","point"
"2026-06-07 06:14:00 am","66.3","62.1","30.01","64.6","52.9","552","point"
"2026-06-07 06:16:00 am","66.2","62.1","30.00","64.6","52.9","552","point"
"2026-06-07 06:18:00 am","66.3","62.1","30.01","64.6","52.9","552","point"
"2026-06-07 06:20:00 am","66.2","62.1","30.01","64.6","52.9","549","point"
"2026-06-07 06:22:00 am","66.3","62.1","30.01","64.6","52.9","552","point"
"2026-06-07 06:24:00 am","66.2","62.0","30.01","64.6","52.8","542","point"
"2026-06-07 06:26:00 am","66.2","62.0","30.01","64.4","52.8","547","point"
"2026-06-07 06:28:00 am","66.1","62.0","30.01","64.4","52.7","545","point"
"2026-06-07 06:30:00 am","66.2","61.9","30.01","64.2","52.7","540","point"
"2026-06-07 06:32:00 am","66.1","61.8","30.01","64.2","52.6","537","point"
"2026-06-07 06:34:00 am","66.1","61.8","30.01","64.2","52.6","537","point"
"2026-06-07 06:36:00 am","66.1","61.7","30.01","64.2","52.6","533","point"
"2026-06-07 06:38:00 am","66.1","61.7","30.01","64.2","52.6","533","point"
"2026-06-07 06:40:00 am","66.1","61.7","30.01","64.2","52.6","530","point"
"2026-06-07 06:42:00 am","66.1","61.7","30.01","64.2","52.6","530","point"
"2026-06-07 06:44:00 am","66.1","61.7","30.02","64.2","52.5","525","point"
"2026-06-07 06:46:00 am","66.1","61.7","30.02","64.2","52.5","525","point"
"2026-06-07 06:48:00 am","66.1","61.7","30.02","64.2","52.6","528","point"
"2026-06-07 06:50:00 am","66.1","61.8","30.02","64.2","52.6","521","point"
"2026-06-07 06:52:00 am","66.1","61.8","30.02","64.2","52.6","525","point"
"2026-06-07 06:54:00 am","66.0","61.9","30.02","64.0","52.6","521","point"
"2026-06-07 06:56:00 am","66.0","61.9","30.02","64.0","52.6","513","point"
"2026-06-07 06:58:00 am","66.1","61.9","30.02","64.4","52.6","525","point"
"2026-06-07 07:00:00 am","66.0","61.9","30.02","64.0","52.6","513","point"
"2026-06-07 07:02:00 am","66.0","62.0","30.02","64.0","52.6","518","point"
"2026-06-07 07:04:00 am","66.0","62.2","30.02","64.0","52.7","513","point"
"2026-06-07 07:06:00 am","66.1","65.5","30.02","64.6","54.1","530","point"
"2026-06-07 07:08:00 am","66.3","68.3","30.02","65.1","55.5","549","point"
"2026-06-07 07:10:00 am","66.4","69.1","30.02","65.5","56.0","561","point"
"2026-06-07 07:12:00 am","66.6","69.8","30.03","65.8","56.4","571","point"
"2026-06-07 07:14:00 am","66.7","67.2","30.03","65.5","55.5","576","point"
"2026-06-07 07:16:00 am","66.8","67.3","30.03","65.7","55.7","580","point"
"2026-06-07 07:18:00 am","66.9","67.4","30.03","65.7","55.7","585","point"
"2026-06-07 07:20:00 am","67.0","66.1","30.03","66.0","55.3","585","point"
"2026-06-07 07:22:00 am","67.1","64.9","30.03","66.0","54.9","595","point"
"2026-06-07 07:24:00 am","67.2","64.2","30.03","66.0","54.7","604","point"
"2026-06-07 07:26:00 am","67.3","63.7","30.03","66.2","54.6","600","point"
"2026-06-07 07:28:00 am","67.3","63.2","30.03","66.2","54.4","597","point"
"2026-06-07 07:30:00 am","67.4","62.9","30.03","66.0","54.3","600","point"
"2026-06-07 07:32:00 am","67.4","63.0","30.03","66.0","54.4","604","point"
"2026-06-07 07:34:00 am","67.5","63.0","30.03","66.4","54.5","614","point"
"2026-06-07 07:36:00 am","67.8","61.8","30.03","66.6","54.2","626","point"
"2026-06-07 07:38:00 am","68.0","60.8","30.03","66.7","53.9","638","point"
"2026-06-07 07:40:00 am","68.1","60.2","30.03","66.9","53.8","645","point"
"2026-06-07 07:42:00 am","68.3","59.9","30.03","67.1","53.8","657","point"
"2026-06-07 07:44:00 am","68.4","59.7","30.03","67.3","53.8","662","point"
"2026-06-07 07:46:00 am","68.5","59.6","30.03","67.3","53.8","667","point"
"2026-06-07 07:48:00 am","68.6","59.5","30.03","67.6","53.9","676","point"
"2026-06-07 07:50:00 am","68.6","59.5","30.04","67.6","53.9","676","point"
"2026-06-07 07:52:00 am","68.7","59.6","30.04","67.8","54.1","679","point"
"2026-06-07 07:54:00 am","68.8","59.7","30.04","67.8","54.2","679","point"
"2026-06-07 07:56:00 am","68.9","59.7","30.06","67.8","54.3","662","point"
"2026-06-07 07:58:00 am","68.9","59.8","29.99","67.8","54.3","750","point"
"2026-06-07 08:00:00 am","68.9","59.9","30.10","68.0","54.4","626","point"
"2026-06-07 08:02:00 am","68.9","59.9","30.11","68.0","54.5","612","point"
"2026-06-07 08:04:00 am","69.0","60.0","30.12","68.2","54.5","612","point"
"2026-06-07 08:06:00 am","69.0","60.1","30.12","68.2","54.6","607","point"
"2026-06-07 08:08:00 am","69.0","60.2","30.13","68.2","54.7","600","point"
"2026-06-07 08:10:00 am","69.1","60.3","30.12","68.2","54.7","612","point"
"2026-06-07 08:12:00 am","69.1","60.4","30.12","68.2","54.8","614","point"
"2026-06-07 08:14:00 am","69.1","60.4","30.10","68.2","54.8","638","point"
"2026-06-07 08:16:00 am","69.1","60.5","30.09","68.2","54.8","647","point"
"2026-06-07 08:18:00 am","69.1","60.6","30.07","68.2","54.9","671","point"
"2026-06-07 08:20:00 am","69.1","60.7","30.07","68.2","54.9","674","point"
"2026-06-07 08:22:00 am","69.1","60.8","30.07","68.2","55.0","671","point"
"2026-06-07 08:24:00 am","69.1","60.8","30.08","68.5","55.0","664","point"
"2026-06-07 08:26:00 am","69.1","60.9","30.08","68.2","55.0","667","point"
"2026-06-07 08:28:00 am","69.1","60.9","30.08","68.2","55.0","667","point"
"2026-06-07 08:30:00 am","69.0","61.0","30.07","68.2","55.0","669","point"
"2026-06-07 08:32:00 am","69.0","61.0","30.08","68.2","55.0","664","point"
"2026-06-07 08:34:00 am","69.0","61.0","30.08","68.2","55.0","659","point"
"2026-06-07 08:36:00 am","69.0","61.1","30.08","68.2","55.0","655","point"
"2026-06-07 08:38:00 am","69.0","61.1","30.08","68.2","55.0","659","point"
"2026-06-07 08:40:00 am","69.0","61.1","30.07","68.2","55.0","664","point"
"2026-06-07 08:42:00 am","69.0","61.2","30.07","68.2","55.0","671","point"
"2026-06-07 08:44:00 am","68.9","61.2","30.07","68.2","55.0","664","point"
"2026-06-07 08:46:00 am","68.9","61.3","30.06","68.2","55.0","669","point"
"2026-06-07 08:48:00 am","68.9","61.3","30.06","68.2","55.0","669","point"
"2026-06-07 08:50:00 am","68.9","61.3","30.06","68.2","55.0","669","point"
"2026-06-07 08:52:00 am","68.8","61.4","30.06","68.0","55.0","662","point"
"2026-06-07 08:54:00 am","68.8","61.4","30.06","68.0","55.0","662","point"
"2026-06-07 08:56:00 am","68.8","61.4","30.07","68.0","55.0","655","point"
"2026-06-07 08:58:00 am","68.8","61.5","30.06","68.0","55.0","659","point"
"2026-06-07 09:00:00 am","68.7","61.5","30.07","68.0","55.0","657","point"
"2026-06-07 09:02:00 am","68.6","61.6","30.07","67.8","54.9","650","point"
"2026-06-07 09:04:00 am","68.7","61.6","30.06","67.8","55.0","657","point"
"2026-06-07 09:06:00 am","68.6","61.6","30.06","67.8","54.9","652","point"
"2026-06-07 09:08:00 am","68.6","61.7","30.06","67.8","54.9","652","point"
"2026-06-07 09:10:00 am","68.6","61.7","30.07","67.8","54.9","645","point"
"2026-06-07 09:12:00 am","68.5","61.7","30.07","67.5","54.9","643","point"
"2026-06-07 09:14:00 am","68.5","61.7","30.07","67.5","54.8","638","point"
"2026-06-07 09:16:00 am","68.5","61.8","30.08","67.5","54.9","621","point"
"2026-06-07 09:18:00 am","68.5","61.8","30.09","67.5","54.8","616","point"
"2026-06-07 09:20:00 am","68.4","61.9","30.09","67.5","54.8","614","point"
"2026-06-07 09:22:00 am","68.4","61.9","30.09","67.5","54.8","614","point"
"2026-06-07 09:24:00 am","68.4","62.0","30.09","67.6","54.8","607","point"
"2026-06-07 09:26:00 am","68.4","61.9","30.09","67.6","54.8","607","point"
"2026-06-07 09:28:00 am","68.4","61.8","30.08","67.5","54.8","614","point"
"2026-06-07 09:30:00 am","68.3","61.8","30.08","67.3","54.7","609","point"
"2026-06-07 09:32:00 am","68.3","61.8","30.01","67.3","54.7","695","point"
"2026-06-07 09:34:00 am","68.3","61.8","29.92","67.3","54.7","789","point"
"2026-06-07 09:36:00 am","68.3","61.8","29.95","67.3","54.7","758","point"
"2026-06-07 09:38:00 am","68.3","61.8","29.79","67.3","54.6","940","point"
"2026-06-07 09:40:00 am","68.2","61.9","29.68","67.3","54.6","1064","point"
"2026-06-07 09:42:00 am","68.2","61.9","29.72","67.3","54.6","1013","point"
"2026-06-07 09:44:00 am","68.2","61.9","29.76","67.3","54.6","969","point"
"2026-06-07 09:46:00 am","68.1","61.9","29.70","67.1","54.6","1037","point"
"2026-06-07 09:48:00 am","68.1","62.0","29.72","67.1","54.6","1015","point"
"2026-06-07 09:50:00 am","68.1","62.0","29.75","67.1","54.6","976","point"
"2026-06-07 09:52:00 am","68.1","62.1","29.83","67.1","54.6","882","point"
"2026-06-07 09:54:00 am","68.1","62.1","29.85","67.1","54.6","850","point"
"2026-06-07 09:56:00 am","68.1","62.1","29.90","67.1","54.6","804","point"
"2026-06-07 09:58:00 am","68.0","62.1","29.91","67.1","54.6","779","point"
"2026-06-07 10:00:00 am","68.1","62.1","29.90","67.1","54.6","796","point"
"2026-06-07 10:02:00 am","68.0","62.2","29.93","67.1","54.6","760","point"
"2026-06-07 10:04:00 am","68.0","62.2","29.90","67.1","54.6","794","point"
"2026-06-07 10:06:00 am","68.0","62.2","29.84","66.9","54.6","864","point"
"2026-06-07 10:08:00 am","67.9","62.2","29.96","66.9","54.6","719","point"
"2026-06-07 10:10:00 am","67.9","62.3","29.98","66.9","54.6","698","point"
"2026-06-07 10:12:00 am","67.9","62.3","29.93","66.9","54.5","748","point"
"2026-06-07 10:14:00 am","67.9","62.3","29.90","66.9","54.6","789","point"
"2026-06-07 10:16:00 am","67.9","62.3","29.91","66.9","54.6","774","point"
"2026-06-07 10:18:00 am","67.9","62.3","29.87","66.9","54.5","823","point"
"2026-06-07 10:20:00 am","67.9","62.4","29.83","66.9","54.5","864","point"
"2026-06-07 10:22:00 am","67.9","62.4","29.73","66.9","54.6","984","point"
"2026-06-07 10:24:00 am","67.8","62.4","29.61","66.9","54.5","1122","point"
"2026-06-07 10:26:00 am","67.9","62.5","29.63","66.9","54.6","1096","point"
"2026-06-07 10:28:00 am","67.8","62.5","29.72","66.9","54.6","991","point"
"2026-06-07 10:30:00 am","67.8","62.5","29.77","66.9","54.6","930","point"
"2026-06-07 10:32:00 am","67.8","62.5","29.79","66.9","54.6","911","point"
"2026-06-07 10:34:00 am","67.8","62.6","29.83","66.9","54.6","862","point"
"2026-06-07 10:36:00 am","67.8","62.6","29.88","66.6","54.6","809","point"
"2026-06-07 10:38:00 am","67.8","62.6","29.91","66.9","54.6","770","point"
"2026-06-07 10:40:00 am","67.8","62.6","29.85","66.9","54.6","838","point"
"2026-06-07 10:42:00 am","67.8","62.7","29.77","66.9","54.6","940","point"
"2026-06-07 10:44:00 am","67.7","62.7","29.78","66.6","54.6","920","point"
"2026-06-07 10:46:00 am","67.8","62.7","29.82","66.6","54.6","877","point"
"2026-06-07 10:48:00 am","67.7","62.7","29.86","66.6","54.6","826","point"
"2026-06-07 10:50:00 am","67.7","62.7","29.88","66.6","54.6","809","point"
"2026-06-07 10:52:00 am","67.7","62.8","29.84","66.6","54.6","845","point"
"2026-06-07 10:54:00 am","67.7","62.8","29.90","66.6","54.6","782","point"
"2026-06-07 10:56:00 am","67.7","62.9","29.90","66.6","54.6","784","point"
"2026-06-07 10:58:00 am","67.7","62.8","29.88","66.6","54.6","801","point"
"2026-06-07 11:00:00 am","67.7","62.8","29.87","66.6","54.6","818","point"
"2026-06-07 11:02:00 am","67.8","62.9","29.84","66.6","54.7","845","point"
"2026-06-07 11:04:00 am","67.7","62.9","29.83","66.6","54.7","862","point"
"2026-06-07 11:06:00 am","67.7","62.9","29.87","66.6","54.7","816","point"
"2026-06-07 11:08:00 am","67.7","63.0","29.86","66.6","54.7","821","point"
"2026-06-07 11:10:00 am","67.8","63.0","29.84","66.6","54.7","855","point"
"2026-06-07 11:12:00 am","67.7","63.0","29.87","66.7","54.7","811","point"
"2026-06-07 11:14:00 am","67.7","63.0","29.88","66.7","54.7","804","point"
"2026-06-07 11:16:00 am","67.8","63.0","29.94","66.7","54.8","741","point"
"2026-06-07 11:18:00 am","67.7","63.0","29.94","66.7","54.7","734","point"
"2026-06-07 11:20:00 am","67.7","63.1","29.87","66.7","54.7","816","point"
"2026-06-07 11:22:00 am","67.7","63.1","29.88","66.7","54.8","804","point"
"2026-06-07 11:24:00 am","67.7","63.1","29.86","66.7","54.8","828","point"
"2026-06-07 11:26:00 am","67.8","63.2","29.80","66.7","54.8","899","point"
"2026-06-07 11:28:00 am","67.7","63.2","29.78","66.7","54.8","918","point"
"2026-06-07 11:30:00 am","67.8","63.2","29.77","66.7","54.8","937","point"
"2026-06-07 11:32:00 am","67.7","63.2","29.75","66.7","54.8","955","point"
"2026-06-07 11:34:00 am","67.8","63.2","29.74","66.7","54.8","967","point"
"2026-06-07 11:36:00 am","67.8","63.2","29.70","66.7","54.8","1013","point"
"2026-06-07 11:38:00 am","67.8","63.3","29.69","66.7","54.9","1025","point"
"2026-06-07 11:40:00 am","67.8","63.3","29.69","66.7","54.9","1023","point"
"2026-06-07 11:42:00 am","67.8","63.3","29.69","66.7","54.9","1028","point"
"2026-06-07 11:44:00 am","67.8","63.3","29.70","66.7","54.9","1008","point"
"2026-06-07 11:46:00 am","67.8","63.4","29.64","66.9","55.0","1091","point"
"2026-06-07 11:48:00 am","67.8","63.4","29.61","66.9","55.0","1120","point"
"2026-06-07 11:50:00 am","67.8","63.4","29.57","66.9","55.0","1166","point"
"2026-06-07 11:52:00 am","67.8","63.4","29.54","66.9","55.0","1205","point"
"2026-06-07 11:54:00 am","67.8","63.5","29.57","66.9","55.0","1166","point"
"2026-06-07 11:56:00 am","67.8","63.5","29.59","66.9","55.0","1149","point"
"2026-06-07 11:58:00 am","67.8","63.5","29.62","66.9","55.0","1118","point"
"2026-06-07 12:00:00 pm","67.9","63.5","29.60","66.9","55.0","1132","point"
"2026-06-07 12:02:00 pm","67.9","63.5","29.69","66.9","55.0","1037","point"
"2026-06-07 12:04:00 pm","67.9","63.6","29.74","66.9","55.1","979","point"
"2026-06-07 12:06:00 pm","67.9","63.6","29.80","66.9","55.1","901","point"
"2026-06-07 12:08:00 pm","67.9","63.6","29.73","66.9","55.1","981","point"
"2026-06-07 12:10:00 pm","67.9","63.6","29.79","66.9","55.1","925","point"
"2026-06-07 12:12:00 pm","67.9","63.6","29.79","66.9","55.1","920","point"
"2026-06-07 12:14:00 pm","67.9","63.6","29.72","66.9","55.1","993","point"
"2026-06-07 12:16:00 pm","67.9","63.6","29.68","66.9","55.2","1049","point"
"2026-06-07 12:18:00 pm","67.9","63.6","29.61","66.9","55.2","1132","point"
"2026-06-07 12:20:00 pm","67.9","63.7","29.57","66.9","55.2","1176","point"
"2026-06-07 12:22:00 pm","68.0","63.7","29.58","66.9","55.2","1166","point"
"2026-06-07 12:24:00 pm","68.0","63.7","29.61","66.9","55.2","1130","point"
"2026-06-07 12:26:00 pm","67.9","63.7","29.65","66.9","55.2","1091","point"
"2026-06-07 12:28:00 pm","67.9","63.8","29.65","66.9","55.2","1091","point"
"2026-06-07 12:30:00 pm","68.0","63.8","29.67","66.9","55.2","1059","point"
"2026-06-07 12:32:00 pm","68.0","63.8","29.63","66.9","55.2","1113","point"
"2026-06-07 12:34:00 pm","68.0","63.8","29.63","66.9","55.3","1110","point"
"2026-06-07 12:36:00 pm","68.0","63.8","29.68","67.3","55.3","1054","point"
"2026-06-07 12:38:00 pm","68.0","63.8","29.68","67.3","55.3","1059","point"
"2026-06-07 12:40:00 pm","68.1","63.9","29.73","67.3","55.4","1001","point"
"2026-06-07 12:42:00 pm","68.0","63.8","29.59","67.1","55.3","1161","point"
"2026-06-07 12:44:00 pm","68.0","63.9","29.59","67.3","55.3","1159","point"
"2026-06-07 12:46:00 pm","68.1","63.9","29.67","67.3","55.4","1064","point"
"2026-06-07 12:48:00 pm","68.1","63.9","29.65","67.3","55.4","1088","point"
"2026-06-07 12:50:00 pm","68.1","63.9","29.65","67.3","55.4","1088","point"
"2026-06-07 12:52:00 pm","68.1","63.9","29.72","67.3","55.4","1015","point"
"2026-06-07 12:54:00 pm","68.1","63.9","29.74","67.3","55.4","991","point"
"2026-06-07 12:56:00 pm","68.1","64.0","29.64","67.3","55.5","1103","point"
"2026-06-07 12:58:00 pm","68.1","64.0","29.69","67.3","55.5","1057","point"
"2026-06-07 01:00:00 pm","68.1","64.0","29.59","67.3","55.5","1159","point"
"2026-06-07 01:02:00 pm","68.1","64.0","29.49","67.3","55.5","1276","point"
"2026-06-07 01:04:00 pm","68.1","64.0","29.52","67.3","55.5","1247","point"
"2026-06-07 01:06:00 pm","68.1","64.0","29.49","67.3","55.5","1283","point"
"2026-06-07 01:08:00 pm","68.2","64.0","29.42","67.5","55.6","1366","point"
"2026-06-07 01:10:00 pm","68.2","64.1","29.38","67.5","55.6","1412","point"
"2026-06-07 01:12:00 pm","68.2","64.1","29.49","67.5","55.6","1288","point"
"2026-06-07 01:14:00 pm","68.2","64.1","29.60","67.5","55.6","1164","point"
"2026-06-07 01:16:00 pm","68.2","64.1","29.64","67.5","55.6","1115","point"
"2026-06-07 01:18:00 pm","68.2","64.1","29.70","67.5","55.6","1047","point"
"2026-06-07 01:20:00 pm","68.3","64.2","29.65","67.5","55.7","1101","point"
"2026-06-07 01:22:00 pm","68.2","64.2","29.66","67.5","55.7","1088","point"
"2026-06-07 01:24:00 pm","68.3","64.2","29.63","67.5","55.7","1130","point"
"2026-06-07 01:26:00 pm","68.3","64.2","29.62","67.5","55.7","1147","point"
"2026-06-07 01:28:00 pm","68.3","64.2","29.61","67.5","55.7","1152","point"
"2026-06-07 01:30:00 pm","68.3","64.2","29.67","67.5","55.8","1091","point"
"2026-06-07 01:32:00 pm","68.3","64.2","29.69","67.5","55.8","1059","point"
"2026-06-07 01:34:00 pm","68.3","64.2","29.68","67.5","55.8","1074","point"
"2026-06-07 01:36:00 pm","68.3","64.3","29.65","67.5","55.8","1105","point"
"2026-06-07 01:38:00 pm","68.3","64.4","29.65","67.5","55.8","1108","point"
"2026-06-07 01:40:00 pm","68.3","64.4","29.64","67.5","55.9","1118","point"
"2026-06-07 01:42:00 pm","68.3","64.4","29.66","67.5","55.9","1101","point"
"2026-06-07 01:44:00 pm","68.3","64.5","29.65","67.5","55.9","1108","point"
"2026-06-07 01:46:00 pm","68.3","64.4","29.65","67.5","55.9","1105","point"
"2026-06-07 01:48:00 pm","68.3","64.4","29.66","67.5","55.9","1105","point"
"2026-06-07 01:50:00 pm","68.4","64.5","29.66","67.8","55.9","1103","point"
"2026-06-07 01:52:00 pm","68.4","64.5","29.65","67.8","55.9","1113","point"
"2026-06-07 01:54:00 pm","68.4","64.5","29.65","67.8","55.9","1120","point"
"2026-06-07 01:56:00 pm","68.4","64.6","29.63","67.8","56.0","1144","point"
"2026-06-07 01:58:00 pm","68.4","64.6","29.62","67.8","56.0","1157","point"
"2026-06-07 02:00:00 pm","68.4","64.7","29.61","67.8","56.1","1164","point"
"2026-06-07 02:02:00 pm","68.5","64.6","29.62","67.8","56.1","1164","point"
"2026-06-07 02:04:00 pm","68.5","64.6","29.62","67.8","56.1","1164","point"
"2026-06-07 02:06:00 pm","68.5","64.6","29.61","67.8","56.1","1166","point"
"2026-06-07 02:08:00 pm","68.5","64.6","29.62","67.8","56.0","1159","point"
"2026-06-07 02:10:00 pm","68.5","64.6","29.62","67.8","56.0","1164","point"
"2026-06-07 02:12:00 pm","68.5","64.6","29.62","67.8","56.1","1166","point"
"2026-06-07 02:14:00 pm","68.5","64.6","29.61","67.8","56.1","1169","point"
"2026-06-07 02:16:00 pm","68.5","64.6","29.62","67.8","56.1","1166","point"
"2026-06-07 02:18:00 pm","68.5","64.7","29.61","67.8","56.1","1171","point"
"2026-06-07 02:20:00 pm","68.5","64.7","29.62","67.8","56.1","1154","point"
"2026-06-07 02:22:00 pm","68.5","64.8","29.65","67.8","56.2","1127","point"
"2026-06-07 02:24:00 pm","68.6","64.8","29.67","68.0","56.3","1110","point"
"2026-06-07 02:26:00 pm","68.5","64.8","29.70","67.8","56.2","1074","point"
"2026-06-07 02:28:00 pm","68.5","64.9","29.72","67.8","56.2","1052","point"
"2026-06-07 02:30:00 pm","68.6","64.9","29.72","68.0","56.3","1054","point"
"2026-06-07 02:32:00 pm","68.6","64.9","29.72","68.0","56.3","1054","point"
"2026-06-07 02:34:00 pm","68.6","64.9","29.72","68.0","56.3","1057","point"
"2026-06-07 02:36:00 pm","68.6","64.8","29.72","68.0","56.3","1054","point"
"2026-06-07 02:38:00 pm","68.6","64.8","29.72","68.0","56.3","1057","point"
"2026-06-07 02:40:00 pm","68.6","64.8","29.72","68.0","56.3","1052","point"
"2026-06-07 02:42:00 pm","68.6","64.9","29.72","68.0","56.3","1049","point"
"2026-06-07 02:44:00 pm","68.6","64.8","29.68","68.0","56.3","1101","point"
"2026-06-07 02:46:00 pm","68.6","64.8","29.68","68.0","56.3","1101","point"
"2026-06-07 02:48:00 pm","68.6","64.8","29.68","68.0","56.3","1096","point"
"2026-06-07 02:50:00 pm","68.6","64.9","29.68","68.0","56.4","1098","point"
"2026-06-07 02:52:00 pm","68.6","64.8","29.68","68.0","56.4","1098","point"
"2026-06-07 02:54:00 pm","68.6","64.8","29.68","68.0","56.4","1098","point"
"2026-06-07 02:56:00 pm","68.7","64.9","29.68","68.0","56.4","1110","point"
"2026-06-07 02:58:00 pm","68.7","64.9","29.68","68.0","56.4","1110","point"
"2026-06-07 03:00:00 pm","68.7","64.9","29.67","68.0","56.4","1113","point"
"2026-06-07 03:02:00 pm","68.7","64.9","29.68","68.0","56.4","1105","point"
"2026-06-07 03:04:00 pm","68.7","64.9","29.68","68.2","56.5","1108","point"
"2026-06-07 03:06:00 pm","68.8","65.0","29.67","68.2","56.5","1125","point"
"2026-06-07 03:08:00 pm","68.9","65.0","29.67","68.5","56.6","1130","point"
"2026-06-07 03:10:00 pm","69.1","64.6","29.67","68.7","56.7","1144","point"
"2026-06-07 03:12:00 pm","69.3","64.2","29.67","69.1","56.6","1149","point"
"2026-06-07 03:14:00 pm","69.4","64.0","29.67","69.1","56.7","1157","point"
"2026-06-07 03:16:00 pm","69.5","64.0","29.67","69.3","56.8","1164","point"
"2026-06-07 03:18:00 pm","69.5","63.9","29.67","69.3","56.8","1169","point"
"2026-06-07 03:20:00 pm","69.7","64.5","29.67","69.4","57.2","1183","point"
"2026-06-07 03:22:00 pm","70.0","63.0","29.67","69.8","56.8","1205","point"
"2026-06-07 03:34:00 pm","71.5","57.7","29.67","71.2","55.8","1288","point"
"2026-06-07 03:36:00 pm","71.7","57.3","29.67","71.2","55.8","1300","point"
"2026-06-07 03:38:00 pm","71.9","56.9","29.67","71.4","55.8","1317","point"
"2026-06-07 03:40:00 pm","72.0","56.6","29.67","71.6","55.8","1320","point"
"2026-06-07 03:42:00 pm","72.1","56.3","29.67","71.8","55.7","1324","point"
"2026-06-07 03:44:00 pm","72.3","56.1","29.67","71.8","55.7","1341","point"
"2026-06-07 03:46:00 pm","72.4","55.9","29.67","72.0","55.8","1346","point"
"2026-06-07 03:48:00 pm","72.6","55.7","29.67","72.1","55.8","1358","point"
"2026-06-07 03:50:00 pm","72.7","55.5","29.67","72.3","55.9","1366","point"
"2026-06-07 03:52:00 pm","72.8","55.3","29.67","72.3","55.9","1376","point"
"2026-06-07 03:54:00 pm","72.9","55.2","29.67","72.5","55.9","1383","point"
"2026-06-07 03:56:00 pm","73.0","55.0","29.67","72.3","55.9","1393","point"
"2026-06-07 03:58:00 pm","73.2","54.8","29.67","72.5","56.0","1400","point"
"2026-06-07 04:00:00 pm","73.3","54.7","29.67","72.7","56.0","1407","point"
"2026-06-07 04:02:00 pm","73.3","54.5","29.67","72.7","55.9","1415","point"
"2026-06-07 04:04:00 pm","73.4","54.3","29.67","72.9","55.9","1415","point"
"2026-06-07 04:06:00 pm","73.5","54.0","29.67","72.9","55.9","1420","point"
"2026-06-07 04:08:00 pm","73.6","53.9","29.67","73.0","55.9","1427","point"
"2026-06-07 04:10:00 pm","73.7","53.8","29.66","73.0","56.0","1444","point"
"2026-06-07 04:12:00 pm","73.8","53.6","29.67","73.0","55.9","1447","point"
"2026-06-07 04:14:00 pm","73.9","53.4","29.67","73.0","55.9","1444","point"
"2026-06-07 04:16:00 pm","74.0","53.3","29.67","73.2","55.9","1454","point"
"2026-06-07 04:18:00 pm","74.0","53.1","29.66","73.2","55.9","1459","point"
"2026-06-07 04:20:00 pm","74.1","53.0","29.67","73.2","55.9","1459","point"
"2026-06-07 04:22:00 pm","74.2","52.8","29.67","73.4","55.9","1466","point"
"2026-06-07 04:24:00 pm","74.3","52.7","29.67","73.4","55.9","1471","point"
"2026-06-07 04:26:00 pm","74.4","52.6","29.67","73.6","55.9","1481","point"
"2026-06-07 04:28:00 pm","74.4","52.5","29.66","73.6","55.9","1491","point"
"2026-06-07 04:30:00 pm","74.5","52.3","29.66","73.6","55.9","1489","point"
"2026-06-07 04:32:00 pm","74.5","52.2","29.66","73.6","55.9","1494","point"
"2026-06-07 04:34:00 pm","74.6","52.1","29.67","73.6","55.9","1491","point"
"2026-06-07 04:36:00 pm","74.7","52.1","29.67","73.8","55.9","1500","point"
"2026-06-07 04:38:00 pm","74.7","52.0","29.66","73.8","55.9","1506","point"
"2026-06-07 04:40:00 pm","74.8","51.8","29.66","73.8","55.9","1508","point"
"2026-06-07 04:42:00 pm","74.8","51.8","29.67","73.8","55.9","1508","point"
"2026-06-07 04:44:00 pm","74.9","51.7","29.67","73.8","55.9","1511","point"
"2026-06-07 04:46:00 pm","74.9","51.6","29.67","73.8","55.9","1516","point"
"2026-06-07 04:48:00 pm","75.0","51.6","29.66","73.8","55.9","1523","point"
"2026-06-07 04:50:00 pm","75.0","51.5","29.66","73.8","55.9","1523","point"
"2026-06-07 04:52:00 pm","75.1","51.4","29.66","73.9","55.9","1528","point"
"2026-06-07 04:54:00 pm","75.1","51.4","29.67","73.9","56.0","1528","point"
"2026-06-07 04:56:00 pm","75.2","51.2","29.66","73.9","55.9","1533","point"
"2026-06-07 04:58:00 pm","75.2","51.2","29.66","73.9","56.0","1533","point"
"2026-06-07 05:00:00 pm","75.3","51.1","29.66","74.1","56.0","1548","point"
"2026-06-07 05:02:00 pm","75.3","51.0","29.66","74.1","55.9","1548","point"
"2026-06-07 05:04:00 pm","75.3","50.9","29.66","74.1","55.9","1553","point"
"2026-06-07 05:06:00 pm","75.4","50.9","29.66","74.3","56.0","1555","point"
"2026-06-07 05:08:00 pm","75.4","50.9","29.66","74.3","56.0","1558","point"
"2026-06-07 05:10:00 pm","75.5","50.8","29.66","74.3","56.0","1565","point"
"2026-06-07 05:12:00 pm","75.5","50.7","29.66","74.3","56.0","1565","point"
"2026-06-07 05:14:00 pm","75.5","50.6","29.66","74.3","56.0","1560","point"
"2026-06-07 05:16:00 pm","75.6","50.7","29.66","74.5","56.0","1565","point"
"2026-06-07 05:18:00 pm","75.7","50.6","29.65","74.5","56.1","1582","point"
"2026-06-07 05:20:00 pm","75.7","50.6","29.65","74.5","56.1","1582","point"
"2026-06-07 05:22:00 pm","75.7","50.5","29.66","74.5","56.1","1580","point"
"2026-06-07 05:24:00 pm","75.8","50.5","29.66","74.7","56.1","1580","point"
"2026-06-07 05:26:00 pm","75.8","50.5","29.65","74.7","56.1","1592","point"
"2026-06-07 05:28:00 pm","75.8","50.5","29.65","74.7","56.1","1592","point"
"2026-06-07 05:30:00 pm","75.8","50.4","29.65","74.7","56.1","1592","point"
"2026-06-07 05:32:00 pm","75.9","50.4","29.65","74.8","56.2","1595","point"
"2026-06-07 05:34:00 pm","75.9","50.4","29.65","74.8","56.2","1597","point"
"2026-06-07 05:36:00 pm","76.0","50.3","29.65","74.8","56.2","1600","point"
"2026-06-07 05:38:00 pm","76.0","50.3","29.65","74.8","56.2","1597","point"
"2026-06-07 05:40:00 pm","76.1","50.2","29.65","74.8","56.2","1607","point"
"2026-06-07 05:42:00 pm","76.1","50.2","29.65","74.8","56.2","1609","point"
"2026-06-07 05:44:00 pm","76.1","50.1","29.65","75.0","56.2","1605","point"
"2026-06-07 05:46:00 pm","76.1","50.1","29.65","75.0","56.2","1609","point"
"2026-06-07 05:48:00 pm","76.2","50.0","29.65","75.0","56.2","1614","point"
"2026-06-07 05:50:00 pm","76.2","50.0","29.65","75.0","56.2","1617","point"
"2026-06-07 05:52:00 pm","76.2","50.0","29.65","75.0","56.3","1624","point"
"2026-06-07 05:54:00 pm","76.2","50.0","29.65","75.0","56.2","1617","point"
"2026-06-07 05:56:00 pm","76.3","50.0","29.65","75.0","56.3","1622","point"
"2026-06-07 05:58:00 pm","76.3","50.0","29.66","75.0","56.3","1614","point"
"2026-06-07 06:00:00 pm","76.3","50.0","29.65","75.0","56.3","1622","point"
"2026-06-07 06:02:00 pm","76.3","49.9","29.65","75.0","56.3","1622","point"
"2026-06-07 06:04:00 pm","76.4","50.0","29.65","75.0","56.4","1624","point"
"2026-06-07 06:06:00 pm","76.4","49.8","29.65","75.0","56.3","1629","point"
"2026-06-07 06:08:00 pm","76.4","49.8","29.65","75.0","56.3","1632","point"
"2026-06-07 06:10:00 pm","76.5","49.8","29.65","75.2","56.3","1634","point"
"2026-06-07 06:12:00 pm","76.4","49.9","29.65","75.0","56.3","1637","point"
"2026-06-07 06:14:00 pm","76.5","49.8","29.65","75.2","56.4","1639","point"
"2026-06-07 06:16:00 pm","76.5","49.8","29.65","75.2","56.4","1644","point"
"2026-06-07 06:18:00 pm","76.5","49.8","29.64","75.2","56.4","1646","point"
"2026-06-07 06:20:00 pm","76.5","49.8","29.65","75.2","56.4","1644","point"
"2026-06-07 06:22:00 pm","76.5","49.8","29.65","75.2","56.4","1644","point"
"2026-06-07 06:24:00 pm","76.5","49.7","29.65","75.2","56.4","1641","point"
"2026-06-07 06:26:00 pm","76.5","49.7","29.64","75.2","56.3","1649","point"
"2026-06-07 06:28:00 pm","76.6","49.7","29.64","75.2","56.4","1651","point"
"2026-06-07 06:30:00 pm","76.6","49.7","29.64","75.2","56.4","1651","point"
"2026-06-07 06:32:00 pm","76.6","49.7","29.64","75.2","56.4","1659","point"
"2026-06-07 06:34:00 pm","76.6","49.6","29.64","75.2","56.4","1651","point"
"2026-06-07 06:36:00 pm","76.6","49.6","29.64","75.2","56.4","1659","point"
"2026-06-07 06:38:00 pm","76.6","49.6","29.64","75.2","56.4","1659","point"
"2026-06-07 06:40:00 pm","76.6","49.6","29.63","75.4","56.4","1666","point"
"2026-06-07 06:42:00 pm","76.7","49.6","29.64","75.4","56.4","1666","point"
"2026-06-07 06:44:00 pm","76.7","49.6","29.64","75.4","56.4","1659","point"
"2026-06-07 06:46:00 pm","76.7","49.6","29.64","75.4","56.4","1661","point"
"2026-06-07 06:48:00 pm","76.7","49.6","29.64","75.4","56.5","1669","point"
"2026-06-07 06:50:00 pm","76.8","49.6","29.64","75.4","56.5","1666","point"
"2026-06-07 06:52:00 pm","76.7","49.7","29.64","75.4","56.5","1666","point"
"2026-06-07 06:54:00 pm","76.8","49.6","29.64","75.4","56.5","1669","point"
"2026-06-07 06:56:00 pm","76.8","49.6","29.64","75.4","56.5","1674","point"
"2026-06-07 06:58:00 pm","76.8","49.5","29.64","75.4","56.5","1669","point"
"2026-06-07 07:00:00 pm","76.8","49.5","29.64","75.4","56.4","1664","point"
"2026-06-07 07:02:00 pm","76.8","49.4","29.64","75.4","56.4","1666","point"
"2026-06-07 07:04:00 pm","76.8","49.4","29.64","75.6","56.5","1669","point"
"2026-06-07 07:06:00 pm","76.8","49.4","29.64","75.6","56.4","1669","point"
"2026-06-07 07:08:00 pm","76.8","49.5","29.64","75.6","56.5","1669","point"
"2026-06-07 07:10:00 pm","76.9","49.4","29.64","75.6","56.5","1669","point"
"2026-06-07 07:12:00 pm","76.9","49.4","29.64","75.6","56.5","1674","point"
"2026-06-07 07:14:00 pm","76.9","49.4","29.64","75.6","56.5","1674","point"
"2026-06-07 07:16:00 pm","76.9","49.4","29.64","75.6","56.5","1674","point"
"2026-06-07 07:18:00 pm","76.9","49.3","29.64","75.6","56.5","1678","point"
"2026-06-07 07:20:00 pm","76.9","49.3","29.64","75.6","56.5","1674","point"
"2026-06-07 07:22:00 pm","77.0","49.3","29.64","75.6","56.5","1681","point"
"2026-06-07 07:24:00 pm","77.0","49.3","29.64","75.6","56.5","1681","point"
"2026-06-07 07:26:00 pm","77.0","49.3","29.64","75.7","56.6","1683","point"
"2026-06-07 07:28:00 pm","77.0","49.3","29.64","75.7","56.5","1681","point"
"2026-06-07 07:30:00 pm","77.0","49.3","29.64","75.7","56.6","1681","point"
"2026-06-07 07:32:00 pm","77.0","49.3","29.64","75.7","56.6","1683","point"
"2026-06-07 07:34:00 pm","77.0","49.3","29.64","75.7","56.6","1683","point"
"2026-06-07 07:36:00 pm","77.0","49.3","29.63","75.7","56.6","1688","point"
"2026-06-07 07:38:00 pm","77.0","49.3","29.64","75.7","56.6","1681","point"
"2026-06-07 07:40:00 pm","77.1","49.3","29.64","75.7","56.6","1691","point"
"2026-06-07 07:42:00 pm","77.0","49.3","29.63","75.7","56.6","1688","point"
"2026-06-07 07:44:00 pm","77.0","49.3","29.64","75.7","56.6","1686","point"
"2026-06-07 07:46:00 pm","77.1","49.3","29.64","75.7","56.6","1686","point"
"2026-06-07 07:48:00 pm","77.1","49.3","29.64","75.7","56.6","1691","point"
"2026-06-07 07:50:00 pm","77.1","49.3","29.63","75.7","56.6","1696","point"
"2026-06-07 07:52:00 pm","77.1","49.3","29.63","75.7","56.6","1693","point"
"2026-06-07 07:54:00 pm","77.1","49.2","29.63","75.7","56.6","1698","point"
"2026-06-07 07:56:00 pm","77.1","49.2","29.64","75.7","56.6","1693","point"
"2026-06-07 07:58:00 pm","77.2","49.2","29.63","75.7","56.6","1703","point"
"2026-06-07 08:00:00 pm","77.1","49.2","29.63","75.7","56.6","1696","point"
"2026-06-07 08:02:00 pm","77.2","49.2","29.63","75.7","56.6","1698","point"
"2026-06-07 08:04:00 pm","77.2","49.2","29.63","75.7","56.6","1698","point"
"2026-06-07 08:06:00 pm","77.2","49.2","29.63","76.1","56.7","1701","point"
"2026-06-07 08:08:00 pm","77.2","49.2","29.63","75.7","56.6","1698","point"
"2026-06-07 08:10:00 pm","77.2","49.1","29.63","75.7","56.6","1698","point"
"2026-06-07 08:12:00 pm","77.2","49.2","29.63","76.1","56.6","1703","point"
"2026-06-07 08:14:00 pm","77.2","49.2","29.63","76.1","56.6","1703","point"
"2026-06-07 08:16:00 pm","77.2","49.1","29.63","76.1","56.6","1708","point"
"2026-06-07 08:18:00 pm","77.2","49.1","29.63","76.1","56.6","1708","point"
"2026-06-07 08:20:00 pm","77.2","49.0","29.63","76.1","56.6","1710","point"
"2026-06-07 08:22:00 pm","77.2","49.0","29.62","76.1","56.6","1715","point"
"2026-06-07 08:24:00 pm","77.2","49.0","29.63","76.1","56.6","1708","point"
"2026-06-07 08:26:00 pm","77.2","49.0","29.63","76.1","56.6","1706","point"
"2026-06-07 08:28:00 pm","77.2","48.9","29.63","76.1","56.6","1706","point"
"2026-06-07 08:30:00 pm","77.2","48.9","29.63","76.1","56.5","1708","point"
"2026-06-07 08:32:00 pm","77.2","48.9","29.63","76.1","56.5","1708","point"
"2026-06-07 08:34:00 pm","77.2","48.9","29.63","76.1","56.5","1708","point"
"2026-06-07 08:36:00 pm","77.2","48.9","29.63","76.1","56.5","1708","point"
"2026-06-07 08:38:00 pm","77.3","48.9","29.63","76.1","56.6","1715","point"
"2026-06-07 08:40:00 pm","77.2","48.9","29.62","76.1","56.5","1718","point"
"2026-06-07 08:42:00 pm","77.3","48.8","29.62","76.1","56.5","1718","point"
"2026-06-07 08:44:00 pm","77.3","48.8","29.62","76.1","56.5","1718","point"
"2026-06-07 08:46:00 pm","77.3","48.8","29.63","76.1","56.6","1715","point"
"2026-06-07 08:48:00 pm","77.3","48.8","29.62","76.1","56.5","1720","point"
"2026-06-07 08:50:00 pm","77.3","48.8","29.62","76.1","56.6","1723","point"
"2026-06-07 08:52:00 pm","77.3","48.8","29.63","76.1","56.6","1718","point"
"2026-06-07 08:54:00 pm","77.3","48.7","29.62","76.1","56.5","1720","point"
"2026-06-07 08:56:00 pm","77.3","48.7","29.62","76.1","56.5","1723","point"
"2026-06-07 08:58:00 pm","77.4","48.7","29.62","76.3","56.6","1725","point"
"2026-06-07 09:00:00 pm","77.3","48.7","29.62","76.1","56.5","1728","point"
"2026-06-07 09:02:00 pm","77.3","48.7","29.62","76.1","56.5","1728","point"
"2026-06-07 09:04:00 pm","77.3","48.6","29.62","76.1","56.5","1728","point"
"2026-06-07 09:06:00 pm","77.4","48.6","29.62","76.3","56.5","1725","point"
"2026-06-07 09:08:00 pm","77.4","48.5","29.62","76.3","56.4","1725","point"
"2026-06-07 09:10:00 pm","77.3","48.5","29.62","76.1","56.4","1723","point"
"2026-06-07 09:12:00 pm","77.4","48.6","29.62","76.3","56.5","1730","point"
"2026-06-07 09:14:00 pm","77.3","48.5","29.62","76.1","56.4","1723","point"
"2026-06-07 09:16:00 pm","77.4","48.6","29.62","76.3","56.5","1733","point"
"2026-06-07 09:18:00 pm","77.3","48.5","29.62","76.1","56.4","1728","point"
"2026-06-07 09:20:00 pm","77.4","48.6","29.62","76.3","56.4","1730","point"
"2026-06-07 09:22:00 pm","77.4","48.5","29.62","76.3","56.4","1733","point"
"2026-06-07 09:24:00 pm","77.4","48.5","29.62","76.3","56.5","1733","point"
"2026-06-07 09:26:00 pm","77.4","48.5","29.62","76.3","56.5","1735","point"
"2026-06-07 09:28:00 pm","77.4","48.5","29.62","76.3","56.5","1728","point"
"2026-06-07 09:30:00 pm","77.4","48.5","29.62","76.3","56.4","1733","point"
"2026-06-07 09:32:00 pm","77.4","48.5","29.62","76.3","56.5","1733","point"
"2026-06-07 09:34:00 pm","77.4","48.4","29.62","76.3","56.4","1733","point"
"2026-06-07 09:36:00 pm","77.5","48.5","29.61","76.3","56.5","1743","point"
"2026-06-07 09:38:00 pm","77.4","48.4","29.61","76.3","56.4","1735","point"
"2026-06-07 09:40:00 pm","77.5","48.4","29.61","76.3","56.5","1740","point"
"2026-06-07 09:42:00 pm","77.5","48.4","29.61","76.1","56.4","1743","point"
"2026-06-07 09:44:00 pm","77.4","48.3","29.61","76.1","56.4","1735","point"
"2026-06-07 09:46:00 pm","77.5","48.8","29.61","76.3","56.7","1743","point"
"2026-06-07 09:48:00 pm","77.5","48.7","29.61","76.3","56.6","1745","point"
"2026-06-07 09:50:00 pm","77.5","48.4","29.62","76.3","56.5","1738","point"
"2026-06-07 09:52:00 pm","77.5","48.2","29.61","76.1","56.4","1743","point"
"2026-06-07 09:54:00 pm","77.6","48.1","29.61","76.3","56.4","1747","point"
"2026-06-07 09:56:00 pm","77.6","47.9","29.62","76.3","56.3","1740","point"
"2026-06-07 09:58:00 pm","77.6","47.8","29.62","76.3","56.2","1745","point"
"2026-06-07 10:00:00 pm","77.6","47.7","29.62","76.3","56.2","1738","point"
"2026-06-07 10:02:00 pm","77.6","47.6","29.62","76.3","56.2","1750","point"
"2026-06-07 10:04:00 pm","77.6","47.5","29.62","76.3","56.1","1745","point"
"2026-06-07 10:06:00 pm","77.7","47.5","29.61","76.3","56.1","1750","point"
"2026-06-07 10:08:00 pm","77.7","47.4","29.61","76.3","56.1","1755","point"
"2026-06-07 10:10:00 pm","77.7","48.1","29.61","76.5","56.5","1760","point"
"2026-06-07 10:12:00 pm","77.8","48.8","29.62","76.6","57.0","1762","point"
"2026-06-07 10:14:00 pm","77.8","49.2","29.61","76.6","57.2","1767","point"
"2026-06-07 10:16:00 pm","77.8","49.7","29.61","76.8","57.5","1772","point"
"2026-06-07 10:18:00 pm","77.8","50.0","29.62","76.8","57.7","1767","point"
"2026-06-07 10:20:00 pm","77.8","50.4","29.61","77.0","57.9","1770","point"
"2026-06-07 10:22:00 pm","77.8","51.0","29.62","77.0","58.2","1767","point"
"2026-06-07 10:24:00 pm","77.8","51.8","29.62","77.2","58.7","1775","point"
"2026-06-07 10:26:00 pm","77.8","52.5","29.61","77.2","59.1","1784","point"
"2026-06-07 10:28:00 pm","77.9","53.2","29.61","77.2","59.5","1792","point"
"2026-06-07 10:30:00 pm","77.9","53.8","29.62","77.4","59.8","1789","point"
"2026-06-07 10:32:00 pm","78.0","54.2","29.61","77.7","60.1","1799","point"
"2026-06-07 10:34:00 pm","78.0","54.4","29.61","77.7","60.2","1799","point"
"2026-06-07 10:36:00 pm","78.0","54.6","29.61","77.7","60.3","1807","point"
"2026-06-07 10:38:00 pm","78.0","54.8","29.61","77.7","60.4","1807","point"
"2026-06-07 10:40:00 pm","78.0","54.9","29.61","77.7","60.5","1814","point"
"2026-06-07 10:42:00 pm","78.0","55.0","29.61","77.7","60.5","1812","point"
"2026-06-07 10:44:00 pm","78.0","55.1","29.62","77.9","60.6","1804","point"
"2026-06-07 10:46:00 pm","78.1","55.1","29.61","78.1","60.7","1816","point"
"2026-06-07 10:48:00 pm","78.1","55.2","29.61","78.1","60.7","1816","point"
"2026-06-07 10:50:00 pm","78.2","55.2","29.61","78.1","60.8","1819","point"
"2026-06-07 10:52:00 pm","78.1","55.2","29.61","78.1","60.7","1816","point"
"2026-06-07 10:54:00 pm","78.2","55.3","29.61","78.1","60.8","1819","point"
"2026-06-07 10:56:00 pm","78.2","55.3","29.61","78.1","60.8","1821","point"
"2026-06-07 10:58:00 pm","78.2","55.3","29.61","78.1","60.8","1819","point"
"2026-06-07 11:00:00 pm","78.2","55.2","29.61","78.1","60.8","1824","point"
"2026-06-07 11:02:00 pm","78.2","55.3","29.61","78.1","60.9","1829","point"
"2026-06-07 11:04:00 pm","78.2","55.2","29.61","78.1","60.8","1826","point"
"2026-06-07 11:06:00 pm","78.2","55.2","29.61","78.1","60.8","1829","point"
"2026-06-07 11:08:00 pm","78.2","55.1","29.61","78.1","60.8","1829","point"
"2026-06-07 11:10:00 pm","78.2","55.1","29.61","78.1","60.8","1826","point"
"2026-06-07 11:12:00 pm","78.3","55.1","29.61","78.4","60.8","1829","point"
"2026-06-07 11:14:00 pm","78.3","55.0","29.61","78.4","60.8","1829","point"
"2026-06-07 11:16:00 pm","78.2","55.0","29.61","77.9","60.7","1826","point"
"2026-06-07 11:18:00 pm","78.3","54.9","29.61","78.3","60.7","1831","point"
"2026-06-07 11:20:00 pm","78.3","54.9","29.61","78.3","60.7","1829","point"
"2026-06-07 11:22:00 pm","78.3","54.8","29.61","78.3","60.7","1831","point"
"2026-06-07 11:24:00 pm","78.3","54.8","29.61","78.3","60.7","1829","point"
"2026-06-07 11:26:00 pm","78.3","54.7","29.61","78.3","60.7","1831","point"
"2026-06-07 11:28:00 pm","78.3","54.7","29.61","78.3","60.7","1831","point"
"2026-06-07 11:30:00 pm","78.3","54.6","29.61","78.3","60.6","1831","point"
"2026-06-07 11:32:00 pm","78.3","54.6","29.61","78.3","60.6","1831","point"
"2026-06-07 11:34:00 pm","78.3","54.4","29.61","78.3","60.5","1831","point"
"2026-06-07 11:36:00 pm","78.3","54.3","29.60","78.3","60.5","1834","point"
"2026-06-07 11:38:00 pm","78.3","54.3","29.61","78.3","60.5","1831","point"
"2026-06-07 11:40:00 pm","78.3","54.2","29.60","78.3","60.4","1834","point"
"2026-06-07 11:42:00 pm","78.3","54.3","29.61","78.3","60.4","1831","point"
"2026-06-07 11:44:00 pm","78.3","54.3","29.61","78.3","60.4","1826","point"
"2026-06-07 11:46:00 pm","78.3","54.2","29.61","78.1","60.4","1831","point"
"2026-06-07 11:48:00 pm","78.3","54.1","29.60","78.1","60.4","1834","point"
"2026-06-07 11:50:00 pm","78.3","54.1","29.61","78.1","60.4","1831","point"
"2026-06-07 11:52:00 pm","78.3","54.1","29.61","78.1","60.4","1831","point"
"2026-06-07 11:54:00 pm","78.3","54.1","29.61","78.1","60.4","1831","point"
"2026-06-07 11:56:00 pm","78.3","54.1","29.60","78.1","60.4","1836","point"
"2026-06-07 11:58:00 pm","78.3","54.1","29.61","78.1","60.4","1831","point"
"2026-06-08 12:00:00 am","78.3","54.0","29.61","78.1","60.3","1831","point"
"2026-06-08 12:02:00 am","78.3","54.0","29.60","78.1","60.3","1831","point"
"2026-06-08 12:04:00 am","78.3","53.9","29.60","78.1","60.2","1834","point"
"2026-06-08 12:06:00 am","78.3","53.8","29.60","78.1","60.2","1836","point"
"2026-06-08 12:08:00 am","78.3","53.7","29.61","78.1","60.2","1831","point"
"2026-06-08 12:10:00 am","78.3","53.7","29.60","78.1","60.1","1834","point"
"2026-06-08 12:12:00 am","78.3","53.6","29.60","78.1","60.1","1836","point"
"2026-06-08 12:14:00 am","78.3","53.6","29.60","78.1","60.1","1841","point"
"2026-06-08 12:16:00 am","78.3","53.6","29.61","78.1","60.1","1826","point"
"2026-06-08 12:18:00 am","78.4","53.6","29.60","78.1","60.1","1836","point"
"2026-06-08 12:20:00 am","78.3","53.6","29.60","78.1","60.1","1836","point"
"2026-06-08 12:22:00 am","78.3","53.5","29.60","78.1","60.1","1836","point"
"2026-06-08 12:24:00 am","78.4","53.5","29.60","78.1","60.1","1839","point"
"2026-06-08 12:26:00 am","78.3","53.5","29.60","78.1","60.0","1836","point"
"2026-06-08 12:28:00 am","78.4","53.4","29.60","78.1","60.0","1839","point"
"2026-06-08 12:30:00 am","78.3","53.4","29.60","77.9","60.0","1834","point"
"2026-06-08 12:32:00 am","78.4","53.3","29.60","77.9","60.0","1834","point"
"2026-06-08 12:34:00 am","78.4","53.2","29.60","77.9","60.0","1839","point"
"2026-06-08 12:36:00 am","78.3","53.3","29.60","77.9","59.9","1834","point"
"2026-06-08 12:38:00 am","78.3","53.3","29.60","77.9","59.9","1836","point"
"2026-06-08 12:40:00 am","78.3","53.3","29.59","77.9","59.9","1839","point"
"2026-06-08 12:42:00 am","78.3","53.1","29.60","77.9","59.9","1836","point"
"2026-06-08 12:44:00 am","78.4","53.1","29.60","77.9","59.9","1836","point"
"2026-06-08 12:46:00 am","78.3","53.1","29.59","77.9","59.8","1839","point"
"2026-06-08 12:48:00 am","78.4","53.1","29.60","77.9","59.9","1839","point"
"2026-06-08 12:50:00 am","78.3","53.2","29.60","77.9","59.9","1836","point"
"2026-06-08 12:52:00 am","78.4","53.2","29.59","77.9","59.9","1846","point"
"2026-06-08 12:54:00 am","78.4","53.2","29.59","77.9","59.9","1844","point"
"2026-06-08 12:56:00 am","78.4","53.1","29.60","77.9","59.9","1839","point"
"2026-06-08 12:58:00 am","78.4","53.1","29.59","77.9","59.9","1844","point"
"2026-06-08 01:00:00 am","78.4","53.1","29.59","77.9","59.9","1846","point"
"2026-06-08 01:02:00 am","78.3","53.1","29.59","77.9","59.8","1839","point"
"2026-06-08 01:04:00 am","78.3","53.1","29.59","77.9","59.8","1844","point"
"2026-06-08 01:06:00 am","78.3","53.1","29.59","77.9","59.8","1839","point"
"2026-06-08 01:08:00 am","78.4","53.1","29.59","77.9","59.9","1851","point"
"2026-06-08 01:10:00 am","78.4","53.1","29.59","77.9","59.9","1851","point"
"2026-06-08 01:12:00 am","78.3","53.0","29.59","77.9","59.8","1844","point"
"2026-06-08 01:14:00 am","78.3","53.0","29.59","77.9","59.8","1844","point"
"2026-06-08 01:16:00 am","78.3","53.0","29.59","77.9","59.8","1846","point"
"2026-06-08 01:18:00 am","78.3","53.0","29.59","77.9","59.8","1844","point"
"2026-06-08 01:20:00 am","78.3","52.9","29.59","77.9","59.7","1846","point"
"2026-06-08 01:22:00 am","78.3","52.8","29.58","77.9","59.7","1853","point"
"2026-06-08 01:24:00 am","78.4","52.8","29.59","77.9","59.7","1851","point"
"2026-06-08 01:26:00 am","78.3","52.8","29.59","77.9","59.6","1846","point"
"2026-06-08 01:28:00 am","78.4","52.7","29.59","77.9","59.7","1851","point"
"2026-06-08 01:30:00 am","78.4","52.6","29.59","77.9","59.6","1851","point"
"2026-06-08 01:32:00 am","78.3","52.6","29.59","77.9","59.6","1851","point"
"2026-06-08 01:34:00 am","78.3","52.6","29.59","77.9","59.6","1846","point"
"2026-06-08 01:36:00 am","78.3","52.6","29.59","77.9","59.6","1844","point"
"2026-06-08 01:38:00 am","78.3","52.6","29.59","77.9","59.5","1844","point"
"2026-06-08 01:40:00 am","78.3","52.6","29.59","77.9","59.6","1844","point"
"2026-06-08 01:42:00 am","78.3","52.6","29.59","77.9","59.6","1851","point"
"2026-06-08 01:44:00 am","78.3","52.5","29.59","77.9","59.5","1846","point"
"2026-06-08 01:46:00 am","78.3","52.4","29.58","77.9","59.5","1853","point"
"2026-06-08 01:48:00 am","78.4","52.4","29.58","77.9","59.5","1856","point"
"2026-06-08 01:50:00 am","78.3","52.4","29.58","77.9","59.5","1849","point"
"2026-06-08 01:52:00 am","78.3","52.5","29.58","77.9","59.5","1849","point"
"2026-06-08 01:54:00 am","78.4","52.5","29.57","77.9","59.5","1863","point"
"2026-06-08 01:56:00 am","78.4","52.4","29.58","77.9","59.5","1856","point"
"2026-06-08 01:58:00 am","78.3","52.3","29.58","77.9","59.4","1856","point"
"2026-06-08 02:00:00 am","78.3","52.3","29.58","77.9","59.4","1853","point"
"2026-06-08 02:02:00 am","78.3","52.2","29.57","77.9","59.4","1858","point"
"2026-06-08 02:04:00 am","78.3","52.3","29.58","77.9","59.4","1856","point"
"2026-06-08 02:06:00 am","78.3","52.3","29.58","77.9","59.4","1853","point"
"2026-06-08 02:08:00 am","78.3","52.2","29.57","77.9","59.3","1863","point"
"2026-06-08 02:10:00 am","78.3","52.3","29.58","77.9","59.4","1856","point"
"2026-06-08 02:12:00 am","78.3","52.2","29.57","77.9","59.4","1858","point"
"2026-06-08 02:14:00 am","78.3","52.2","29.57","77.9","59.3","1858","point"
"2026-06-08 02:16:00 am","78.3","52.2","29.57","77.9","59.3","1858","point"
"2026-06-08 02:18:00 am","78.3","52.1","29.57","77.9","59.3","1858","point"
"2026-06-08 02:20:00 am","78.3","52.1","29.58","77.9","59.3","1856","point"
"2026-06-08 02:22:00 am","78.3","52.1","29.57","77.9","59.3","1858","point"
"2026-06-08 02:24:00 am","78.3","52.1","29.57","77.9","59.3","1863","point"
"2026-06-08 02:26:00 am","78.3","52.0","29.57","77.9","59.3","1858","point"
"2026-06-08 02:28:00 am","78.3","52.1","29.57","77.9","59.3","1863","point"
"2026-06-08 02:30:00 am","78.4","52.1","29.57","77.9","59.3","1863","point"
"2026-06-08 02:32:00 am","78.4","52.1","29.58","77.9","59.4","1858","point"
"2026-06-08 02:34:00 am","78.3","52.1","29.57","77.9","59.3","1858","point"
"2026-06-08 02:36:00 am","78.4","52.1","29.57","77.9","59.3","1863","point"
"2026-06-08 02:38:00 am","78.3","52.1","29.58","77.9","59.3","1853","point"
"2026-06-08 02:40:00 am","78.4","52.1","29.58","77.9","59.3","1858","point"
"2026-06-08 02:42:00 am","78.3","52.2","29.58","77.9","59.3","1856","point"
"2026-06-08 02:44:00 am","78.3","52.2","29.58","77.9","59.3","1856","point"
"2026-06-08 02:46:00 am","78.4","52.1","29.57","77.9","59.3","1863","point"
"2026-06-08 02:48:00 am","78.3","52.0","29.57","77.9","59.3","1858","point"
"2026-06-08 02:50:00 am","78.4","52.0","29.57","77.9","59.3","1863","point"
"2026-06-08 02:52:00 am","78.4","52.0","29.57","77.9","59.3","1863","point"
"2026-06-08 02:54:00 am","78.3","51.9","29.57","77.9","59.2","1858","point"
"2026-06-08 02:56:00 am","78.4","51.9","29.57","77.9","59.3","1863","point"
"2026-06-08 02:58:00 am","78.4","52.0","29.57","77.9","59.3","1863","point"
"2026-06-08 03:00:00 am","78.4","51.9","29.58","77.9","59.3","1858","point"
"2026-06-08 03:02:00 am","78.4","51.9","29.58","77.9","59.3","1858","point"
"2026-06-08 03:04:00 am","78.4","51.9","29.58","77.9","59.3","1858","point"
"2026-06-08 03:06:00 am","78.3","51.9","29.58","77.9","59.2","1856","point"
"2026-06-08 03:08:00 am","78.4","51.9","29.57","77.9","59.2","1863","point"
"2026-06-08 03:10:00 am","78.4","51.9","29.58","77.9","59.2","1858","point"
"2026-06-08 03:12:00 am","78.4","51.9","29.57","77.9","59.2","1866","point"
"2026-06-08 03:14:00 am","78.4","51.9","29.58","77.9","59.2","1858","point"
"2026-06-08 03:16:00 am","78.4","51.8","29.58","77.9","59.2","1858","point"
"2026-06-08 03:18:00 am","78.4","51.8","29.58","77.9","59.2","1858","point"
"2026-06-08 03:20:00 am","78.4","51.8","29.58","77.9","59.2","1858","point"
"2026-06-08 03:22:00 am","78.4","51.9","29.58","77.9","59.2","1858","point"
"2026-06-08 03:24:00 am","78.4","51.8","29.57","77.9","59.2","1863","point"
"2026-06-08 03:26:00 am","78.4","51.8","29.57","77.9","59.2","1863","point"
"2026-06-08 03:28:00 am","78.4","51.8","29.57","77.9","59.2","1863","point"
"2026-06-08 03:30:00 am","78.4","51.8","29.57","77.9","59.2","1866","point"
"2026-06-08 03:32:00 am","78.4","51.8","29.57","77.9","59.2","1863","point"
"2026-06-08 03:34:00 am","78.4","51.7","29.57","77.7","59.1","1863","point"
"2026-06-08 03:36:00 am","78.4","51.6","29.58","77.7","59.1","1858","point"
"2026-06-08 03:38:00 am","78.4","51.6","29.57","77.7","59.1","1866","point"
"2026-06-08 03:40:00 am","78.4","51.6","29.57","77.7","59.1","1863","point"
"2026-06-08 03:42:00 am","78.4","51.6","29.57","77.7","59.1","1863","point"
"2026-06-08 03:44:00 am","78.4","51.6","29.57","77.7","59.1","1863","point"
"2026-06-08 03:46:00 am","78.4","51.6","29.57","77.7","59.1","1863","point"
"2026-06-08 03:48:00 am","78.4","51.5","29.57","77.7","59.1","1868","point"
"2026-06-08 03:50:00 am","78.4","51.6","29.57","77.7","59.1","1863","point"
"2026-06-08 03:52:00 am","78.4","51.5","29.57","77.7","59.1","1868","point"
"2026-06-08 03:54:00 am","78.4","51.5","29.57","77.7","59.0","1858","point"
"2026-06-08 03:56:00 am","78.4","51.5","29.58","77.7","59.0","1856","point"
"2026-06-08 03:58:00 am","78.4","51.5","29.58","77.7","59.0","1858","point"
"2026-06-08 04:00:00 am","78.4","51.5","29.58","77.7","59.0","1856","point"
"2026-06-08 04:02:00 am","78.4","51.5","29.57","77.7","59.1","1863","point"
"2026-06-08 04:04:00 am","78.4","51.5","29.57","77.7","59.1","1868","point"
"2026-06-08 04:06:00 am","78.4","51.5","29.57","77.7","59.1","1868","point"
"2026-06-08 04:08:00 am","78.4","51.5","29.57","77.7","59.0","1863","point"
"2026-06-08 04:10:00 am","78.4","51.5","29.57","77.7","59.0","1866","point"
"2026-06-08 04:12:00 am","78.4","51.4","29.57","77.7","59.0","1866","point"
"2026-06-08 04:14:00 am","78.4","51.4","29.57","77.7","59.0","1866","point"
"2026-06-08 04:16:00 am","78.4","51.4","29.57","77.7","59.0","1866","point"
"2026-06-08 04:18:00 am","78.4","51.4","29.57","77.7","59.0","1863","point"
"2026-06-08 04:20:00 am","78.4","51.4","29.57","77.7","59.0","1866","point"
"2026-06-08 04:22:00 am","78.4","51.4","29.57","77.7","59.0","1863","point"
"2026-06-08 04:24:00 am","78.4","51.4","29.57","77.7","59.0","1863","point"
"2026-06-08 04:26:00 am","78.4","51.4","29.57","77.7","59.0","1861","point"
"2026-06-08 04:28:00 am","78.4","51.4","29.58","77.7","59.0","1856","point"
"2026-06-08 04:30:00 am","78.4","51.3","29.58","77.7","58.9","1856","point"
"2026-06-08 04:32:00 am","78.4","51.3","29.57","77.7","58.9","1861","point"
"2026-06-08 04:34:00 am","78.4","51.3","29.58","77.7","59.0","1856","point"
"2026-06-08 04:36:00 am","78.4","51.3","29.57","77.7","59.0","1863","point"
"2026-06-08 04:38:00 am","78.4","51.2","29.58","77.7","58.9","1856","point"
"2026-06-08 04:40:00 am","78.4","51.2","29.58","77.7","58.9","1856","point"
"2026-06-08 04:42:00 am","78.4","51.2","29.57","77.7","58.9","1863","point"
"2026-06-08 04:44:00 am","78.4","51.1","29.57","77.7","58.9","1866","point"
"2026-06-08 04:46:00 am","78.4","51.1","29.58","77.7","58.9","1856","point"
"2026-06-08 04:48:00 am","78.4","51.1","29.58","77.7","58.8","1853","point"
"2026-06-08 04:50:00 am","78.4","51.1","29.58","77.7","58.9","1858","point"
"2026-06-08 04:52:00 am","78.4","51.1","29.57","77.7","58.9","1863","point"
"2026-06-08 04:54:00 am","78.4","51.1","29.58","77.7","58.9","1858","point"
"2026-06-08 04:56:00 am","78.4","51.1","29.58","77.7","58.9","1858","point"
"2026-06-08 04:58:00 am","78.4","51.2","29.58","77.7","58.9","1858","point"
"2026-06-08 05:00:00 am","78.4","51.2","29.57","77.7","58.9","1866","point"
"2026-06-08 05:02:00 am","78.4","51.1","29.58","77.7","58.9","1858","point"
"2026-06-08 05:04:00 am","78.4","51.1","29.58","77.7","58.8","1858","point"
"2026-06-08 05:06:00 am","78.4","51.0","29.58","77.7","58.8","1858","point"
"2026-06-08 05:08:00 am","78.5","50.8","29.58","77.9","58.8","1861","point"
"2026-06-08 05:10:00 am","78.4","50.9","29.58","77.7","58.7","1853","point"
"2026-06-08 05:12:00 am","78.5","50.9","29.58","77.9","58.8","1856","point"
"2026-06-08 05:14:00 am","78.4","50.9","29.58","77.7","58.8","1856","point"
"2026-06-08 05:16:00 am","78.4","50.9","29.58","77.7","58.8","1853","point"
"2026-06-08 05:18:00 am","78.4","51.0","29.58","77.7","58.8","1853","point"
"2026-06-08 05:20:00 am","78.5","51.0","29.58","77.9","58.8","1856","point"
"2026-06-08 05:22:00 am","78.5","51.0","29.59","77.9","58.8","1853","point"
"2026-06-08 05:24:00 am","78.4","51.0","29.59","77.7","58.8","1849","point"
"2026-06-08 05:26:00 am","78.5","51.1","29.58","77.9","58.9","1861","point"
"2026-06-08 05:28:00 am","78.4","51.0","29.58","77.7","58.8","1853","point"
"2026-06-08 05:30:00 am","78.5","51.1","29.58","77.9","58.9","1856","point"
"2026-06-08 05:32:00 am","78.4","51.1","29.58","77.7","58.8","1853","point"
"2026-06-08 05:34:00 am","78.5","51.1","29.58","77.9","58.9","1861","point"
"2026-06-08 05:36:00 am","78.5","51.1","29.58","77.9","58.9","1861","point"
"2026-06-08 05:38:00 am","78.5","51.1","29.58","77.9","58.9","1861","point"
"2026-06-08 05:40:00 am","78.4","50.9","29.58","77.7","58.8","1853","point"
"2026-06-08 05:42:00 am","78.5","51.0","29.58","77.9","58.8","1856","point"
"2026-06-08 05:44:00 am","78.5","50.9","29.58","77.9","58.8","1861","point"
"2026-06-08 05:46:00 am","78.5","50.9","29.58","77.9","58.8","1856","point"
"2026-06-08 05:48:00 am","78.5","50.9","29.59","77.9","58.8","1853","point"
"2026-06-08 05:50:00 am","78.5","50.9","29.59","77.9","58.8","1851","point"
"2026-06-08 05:52:00 am","78.5","50.8","29.59","77.9","58.8","1851","point"
"2026-06-08 05:54:00 am","78.5","50.8","29.59","77.9","58.7","1846","point"
"2026-06-08 05:56:00 am","78.5","50.8","29.59","77.9","58.8","1844","point"
"2026-06-08 05:58:00 am","78.5","50.9","29.59","77.9","58.8","1844","point"
"2026-06-08 06:00:00 am","78.5","50.8","29.59","77.9","58.8","1846","point"
"2026-06-08 06:02:00 am","78.5","50.8","29.59","77.9","58.7","1846","point"
"2026-06-08 06:04:00 am","78.5","50.8","29.59","77.9","58.8","1846","point"
"2026-06-08 06:06:00 am","78.5","50.8","29.59","77.9","58.8","1849","point"
"2026-06-08 06:08:00 am","78.5","50.8","29.59","77.9","58.8","1851","point"
"2026-06-08 06:10:00 am","78.5","50.8","29.59","77.9","58.7","1846","point"
"2026-06-08 06:12:00 am","78.5","50.8","29.59","77.9","58.8","1849","point"
"2026-06-08 06:14:00 am","78.5","50.7","29.59","77.9","58.7","1849","point"
"2026-06-08 06:16:00 am","78.5","50.8","29.59","77.9","58.7","1849","point"
"2026-06-08 06:18:00 am","78.5","50.8","29.60","77.9","58.8","1841","point"
"2026-06-08 06:20:00 am","78.5","50.7","29.60","77.9","58.7","1839","point"
"2026-06-08 06:22:00 am","78.5","50.7","29.60","77.9","58.7","1841","point"
"2026-06-08 06:24:00 am","78.5","50.7","29.60","77.9","58.7","1839","point"
"2026-06-08 06:26:00 am","78.5","50.7","29.60","77.9","58.7","1839","point"
"2026-06-08 06:28:00 am","78.5","50.7","29.60","77.9","58.7","1836","point"
"2026-06-08 06:30:00 am","78.5","50.6","29.60","77.9","58.7","1841","point"
"2026-06-08 06:32:00 am","78.5","50.6","29.60","77.9","58.7","1841","point"
"2026-06-08 06:34:00 am","78.5","50.6","29.59","77.9","58.7","1849","point"
"2026-06-08 06:36:00 am","78.5","50.5","29.60","77.9","58.6","1839","point"
"2026-06-08 06:38:00 am","78.5","50.6","29.60","77.9","58.7","1841","point"
"2026-06-08 06:40:00 am","78.5","50.7","29.60","77.9","58.7","1836","point"
"2026-06-08 06:42:00 am","78.5","50.7","29.60","77.9","58.7","1841","point"
"2026-06-08 06:44:00 am","78.5","50.7","29.60","77.9","58.7","1841","point"
"2026-06-08 06:46:00 am","78.5","50.6","29.60","77.9","58.7","1841","point"
"2026-06-08 06:48:00 am","78.5","50.5","29.60","77.9","58.6","1839","point"
"2026-06-08 06:50:00 am","78.5","50.5","29.60","77.9","58.6","1841","point"
"2026-06-08 06:52:00 am","78.5","50.6","29.60","77.9","58.7","1839","point"
"2026-06-08 06:54:00 am","78.5","50.6","29.60","77.9","58.7","1841","point"
"2026-06-08 06:56:00 am","78.5","50.6","29.60","77.9","58.7","1841","point"
"2026-06-08 06:58:00 am","78.5","50.6","29.61","77.9","58.7","1834","point"
"2026-06-08 07:00:00 am","78.5","50.6","29.60","77.9","58.7","1839","point"
"2026-06-08 07:02:00 am","78.5","50.7","29.60","77.9","58.7","1841","point"
"2026-06-08 07:04:00 am","78.5","50.7","29.61","77.9","58.7","1834","point"
"2026-06-08 07:06:00 am","78.5","50.7","29.60","77.9","58.7","1839","point"
"2026-06-08 07:08:00 am","78.5","50.7","29.60","77.9","58.7","1839","point"
"2026-06-08 07:10:00 am","78.5","50.7","29.60","77.9","58.7","1839","point"
"2026-06-08 07:12:00 am","78.6","50.6","29.61","77.9","58.8","1836","point"
"2026-06-08 07:14:00 am","78.5","50.5","29.61","77.9","58.7","1834","point"
"2026-06-08 07:16:00 am","78.5","50.5","29.61","77.9","58.6","1824","point"
"2026-06-08 07:18:00 am","78.5","50.4","29.61","77.9","58.6","1826","point"
"2026-06-08 07:20:00 am","78.5","50.4","29.61","77.9","58.6","1826","point"
"2026-06-08 07:22:00 am","78.5","50.5","29.61","77.9","58.7","1834","point"
"2026-06-08 07:24:00 am","78.6","50.5","29.61","77.9","58.7","1831","point"
"2026-06-08 07:26:00 am","78.6","50.5","29.61","77.9","58.7","1834","point"
"2026-06-08 07:28:00 am","78.6","50.4","29.61","77.9","58.6","1829","point"
"2026-06-08 07:30:00 am","78.6","50.3","29.61","77.9","58.6","1826","point"
"2026-06-08 07:32:00 am","78.6","50.3","29.61","77.9","58.6","1826","point"
"2026-06-08 07:34:00 am","78.6","50.3","29.61","77.9","58.6","1829","point"
"2026-06-08 07:36:00 am","78.6","50.3","29.61","77.9","58.6","1826","point"
"2026-06-08 07:38:00 am","78.6","50.3","29.61","78.1","58.6","1829","point"
"2026-06-08 07:40:00 am","78.6","50.3","29.61","77.9","58.6","1826","point"
"2026-06-08 07:42:00 am","78.6","50.2","29.62","77.9","58.5","1824","point"
"2026-06-08 07:44:00 am","78.6","50.1","29.61","77.9","58.5","1826","point"
"2026-06-08 07:46:00 am","78.6","50.2","29.62","77.9","58.5","1816","point"
"2026-06-08 07:48:00 am","78.7","51.2","29.62","78.3","59.1","1831","point"
"2026-06-08 07:50:00 am","78.8","52.5","29.62","78.4","59.9","1844","point"
"2026-06-08 07:52:00 am","78.8","53.2","29.62","78.4","60.3","1849","point"
"2026-06-08 07:54:00 am","78.8","53.7","29.62","78.8","60.6","1851","point"
"2026-06-08 07:56:00 am","78.8","53.9","29.62","78.8","60.7","1853","point"
"2026-06-08 07:58:00 am","78.8","54.1","29.62","78.8","60.8","1856","point"
"2026-06-08 08:00:00 am","78.8","54.2","29.62","78.8","60.9","1856","point"
"2026-06-08 08:02:00 am","78.8","54.3","29.62","79.0","60.9","1856","point"
"2026-06-08 08:04:00 am","78.8","54.3","29.62","79.0","60.9","1853","point"
"2026-06-08 08:06:00 am","78.9","54.3","29.62","79.0","61.0","1858","point"
"2026-06-08 08:08:00 am","78.8","54.3","29.62","79.0","61.0","1856","point"
"2026-06-08 08:10:00 am","78.8","54.4","29.62","79.0","61.0","1853","point"
"2026-06-08 08:12:00 am","78.9","54.3","29.62","79.0","61.0","1853","point"
"2026-06-08 08:14:00 am","78.9","54.4","29.62","79.0","61.0","1853","point"
"2026-06-08 08:16:00 am","78.9","54.3","29.62","79.0","61.0","1849","point"
"2026-06-08 08:18:00 am","78.9","54.3","29.62","79.0","61.0","1856","point"
"2026-06-08 08:20:00 am","78.9","54.2","29.62","79.0","61.0","1853","point"
"2026-06-08 08:22:00 am","78.9","54.2","29.62","78.8","60.9","1853","point"
"2026-06-08 08:24:00 am","78.9","54.1","29.62","78.8","60.9","1853","point"
"2026-06-08 08:26:00 am","78.9","54.1","29.63","78.8","60.9","1849","point"
"2026-06-08 08:28:00 am","78.9","54.0","29.63","78.8","60.9","1849","point"
"2026-06-08 08:30:00 am","78.9","54.0","29.63","78.8","60.9","1844","point"
"2026-06-08 08:32:00 am","78.9","54.0","29.63","78.8","60.9","1849","point"
"2026-06-08 08:34:00 am","78.9","54.0","29.63","78.8","60.9","1849","point"
"2026-06-08 08:36:00 am","78.9","53.9","29.63","78.8","60.9","1849","point"
"2026-06-08 08:38:00 am","78.9","53.9","29.63","78.8","60.8","1849","point"
"2026-06-08 08:40:00 am","78.9","53.9","29.63","78.8","60.8","1846","point"
"2026-06-08 08:42:00 am","78.9","53.9","29.63","78.8","60.8","1846","point"
"2026-06-08 08:44:00 am","78.9","53.8","29.63","78.8","60.8","1844","point"
"2026-06-08 08:46:00 am","78.9","53.8","29.64","78.8","60.8","1841","point"
"2026-06-08 08:48:00 am","78.9","53.8","29.63","78.8","60.8","1851","point"
"2026-06-08 08:50:00 am","78.9","53.8","29.63","78.8","60.7","1846","point"
"2026-06-08 08:52:00 am","78.9","53.7","29.63","78.8","60.7","1849","point"
"2026-06-08 08:54:00 am","78.9","53.7","29.63","78.8","60.7","1849","point"
"2026-06-08 08:56:00 am","78.9","53.7","29.63","78.8","60.7","1844","point"
"2026-06-08 08:58:00 am","78.9","53.7","29.63","78.8","60.7","1846","point"
"2026-06-08 09:00:00 am","78.9","53.6","29.63","78.8","60.7","1844","point"
"2026-06-08 09:02:00 am","78.9","53.6","29.63","78.8","60.7","1844","point"
"2026-06-08 09:04:00 am","78.9","53.6","29.63","78.8","60.7","1844","point"
"2026-06-08 09:06:00 am","78.9","53.6","29.63","78.8","60.6","1846","point"
"2026-06-08 09:08:00 am","78.9","53.6","29.63","78.8","60.6","1844","point"
"2026-06-08 09:10:00 am","78.9","53.5","29.64","78.8","60.6","1839","point"
"2026-06-08 09:12:00 am","78.9","53.5","29.63","78.8","60.6","1844","point"
"2026-06-08 09:14:00 am","78.9","53.5","29.63","78.8","60.6","1844","point"
"2026-06-08 09:16:00 am","78.9","53.5","29.63","78.8","60.6","1844","point"
"2026-06-08 09:18:00 am","78.9","53.5","29.63","78.8","60.6","1846","point"
"2026-06-08 09:20:00 am","78.9","53.5","29.63","78.8","60.6","1839","point"
"2026-06-08 09:22:00 am","78.9","53.4","29.63","78.8","60.6","1841","point"
"2026-06-08 09:24:00 am","78.9","53.4","29.64","78.8","60.6","1836","point"
"2026-06-08 09:26:00 am","78.9","53.4","29.63","78.6","60.5","1839","point"
"2026-06-08 09:28:00 am","78.9","53.4","29.64","78.6","60.6","1836","point"
"2026-06-08 09:30:00 am","78.9","53.4","29.63","78.6","60.5","1841","point"
"2026-06-08 09:32:00 am","78.9","53.3","29.63","78.6","60.5","1846","point"
"2026-06-08 09:34:00 am","78.9","53.3","29.63","78.6","60.5","1844","point"
"2026-06-08 09:36:00 am","78.9","53.3","29.63","78.6","60.5","1844","point"
"2026-06-08 09:38:00 am","79.0","53.3","29.63","79.0","60.5","1844","point"
"2026-06-08 09:40:00 am","78.9","53.2","29.63","78.6","60.5","1846","point"
"2026-06-08 09:42:00 am","79.0","53.2","29.63","79.0","60.5","1844","point"
"2026-06-08 09:44:00 am","78.9","53.2","29.63","78.6","60.5","1846","point"
"2026-06-08 09:46:00 am","79.0","53.2","29.64","79.0","60.5","1839","point"
"2026-06-08 09:48:00 am","78.9","53.2","29.63","78.6","60.5","1844","point"
"2026-06-08 09:50:00 am","78.9","53.2","29.63","78.6","60.5","1839","point"
"2026-06-08 09:52:00 am","78.9","53.2","29.63","78.6","60.4","1839","point"
"2026-06-08 09:54:00 am","78.9","53.1","29.63","78.6","60.4","1844","point"
"2026-06-08 09:56:00 am","78.9","53.1","29.63","78.6","60.4","1844","point"
"2026-06-08 09:58:00 am","78.9","53.1","29.63","78.6","60.4","1839","point"
"2026-06-08 10:00:00 am","78.9","53.1","29.63","78.6","60.4","1839","point"
"2026-06-08 10:02:00 am","78.9","53.1","29.64","78.6","60.4","1836","point"
"2026-06-08 10:04:00 am","78.9","53.1","29.64","78.6","60.4","1834","point"
"2026-06-08 10:06:00 am","78.9","53.0","29.63","78.6","60.4","1839","point"
"2026-06-08 10:08:00 am","78.9","53.0","29.63","78.6","60.4","1839","point"
"2026-06-08 10:10:00 am","78.9","53.0","29.63","78.6","60.4","1839","point"
"2026-06-08 10:12:00 am","78.9","53.0","29.63","78.6","60.4","1839","point"
"2026-06-08 10:14:00 am","78.9","52.9","29.64","78.6","60.3","1836","point"
"2026-06-08 10:16:00 am","78.9","53.0","29.64","78.6","60.4","1836","point"
"2026-06-08 10:18:00 am","78.9","52.9","29.63","78.6","60.3","1839","point"
"2026-06-08 10:20:00 am","78.9","52.9","29.63","78.6","60.3","1839","point"
"2026-06-08 10:22:00 am","78.9","52.9","29.64","78.6","60.3","1834","point"
"2026-06-08 10:24:00 am","79.0","52.9","29.64","79.0","60.3","1839","point"
"2026-06-08 10:26:00 am","78.9","52.8","29.64","78.6","60.3","1836","point"
"2026-06-08 10:28:00 am","78.9","52.8","29.63","78.6","60.3","1839","point"
"2026-06-08 10:30:00 am","78.9","52.8","29.63","78.6","60.2","1844","point"
"2026-06-08 10:32:00 am","78.9","52.8","29.63","78.6","60.2","1844","point"
"2026-06-08 10:34:00 am","78.9","52.8","29.63","78.6","60.2","1844","point"
"2026-06-08 10:36:00 am","78.9","52.8","29.63","78.6","60.2","1844","point"
"2026-06-08 10:38:00 am","78.9","52.7","29.63","78.6","60.2","1844","point"
"2026-06-08 10:40:00 am","79.0","52.8","29.63","79.0","60.3","1846","point"
"2026-06-08 10:42:00 am","79.0","52.7","29.63","79.0","60.2","1846","point"
"2026-06-08 10:44:00 am","78.9","52.7","29.63","78.6","60.2","1846","point"
"2026-06-08 10:46:00 am","79.0","52.7","29.63","79.0","60.2","1849","point"
"2026-06-08 10:48:00 am","79.0","52.7","29.63","79.0","60.2","1844","point"
"2026-06-08 10:50:00 am","79.0","52.7","29.63","79.0","60.2","1846","point"
"2026-06-08 10:52:00 am","79.0","52.7","29.63","79.0","60.2","1844","point"
"2026-06-08 10:54:00 am","79.0","52.6","29.63","79.0","60.2","1849","point"
"2026-06-08 10:56:00 am","78.9","52.6","29.63","78.6","60.2","1844","point"
"2026-06-08 10:58:00 am","79.0","52.6","29.63","79.0","60.2","1849","point"
"2026-06-08 11:00:00 am","78.9","52.6","29.63","78.6","60.2","1844","point"
"2026-06-08 11:02:00 am","79.0","52.6","29.63","79.0","60.2","1849","point"
"2026-06-08 11:14:00 am","79.0","52.5","29.63","78.8","60.1","1841","point"
"2026-06-08 11:16:00 am","79.0","52.4","29.63","78.8","60.2","1846","point"
"2026-06-08 11:18:00 am","79.0","52.4","29.63","78.8","60.1","1846","point"
"2026-06-08 11:20:00 am","79.0","52.4","29.63","78.8","60.1","1846","point"
"2026-06-08 11:22:00 am","79.0","52.4","29.63","78.8","60.1","1846","point"
"2026-06-08 11:24:00 am","79.0","52.4","29.63","78.8","60.1","1846","point"
"2026-06-08 11:26:00 am","79.0","52.4","29.63","78.8","60.1","1849","point"
"2026-06-08 11:28:00 am","79.0","52.4","29.63","78.8","60.1","1841","point"
"2026-06-08 11:30:00 am","79.0","52.4","29.62","78.8","60.1","1849","point"
"2026-06-08 11:32:00 am","79.0","52.3","29.63","78.8","60.0","1841","point"
"2026-06-08 11:34:00 am","79.0","52.3","29.63","78.8","60.1","1841","point"
"2026-06-08 11:36:00 am","79.0","52.3","29.63","78.8","60.1","1846","point"
"2026-06-08 11:38:00 am","79.0","52.3","29.63","78.8","60.1","1849","point"
"2026-06-08 11:40:00 am","79.1","52.3","29.63","78.8","60.1","1849","point"
"2026-06-08 11:42:00 am","79.0","52.2","29.63","78.8","60.0","1846","point"
"2026-06-08 11:44:00 am","79.0","52.2","29.62","78.8","60.0","1851","point"
"2026-06-08 11:46:00 am","79.1","52.2","29.63","78.8","60.1","1849","point"
"2026-06-08 11:48:00 am","79.0","52.2","29.62","78.8","60.0","1851","point"
"2026-06-08 11:50:00 am","79.0","52.2","29.63","78.8","60.0","1849","point"
"2026-06-08 11:52:00 am","79.0","52.2","29.63","78.8","60.0","1846","point"
"2026-06-08 11:54:00 am","79.0","52.2","29.63","78.8","60.0","1846","point"
"2026-06-08 11:56:00 am","79.1","52.2","29.63","78.8","60.0","1851","point"
"2026-06-08 11:58:00 am","79.0","52.2","29.63","78.8","60.0","1841","point"
"2026-06-08 12:00:00 pm","79.0","52.1","29.63","78.8","60.0","1846","point"
"2026-06-08 12:02:00 pm","79.1","52.1","29.63","78.8","60.0","1851","point"
"2026-06-08 12:04:00 pm","79.1","52.1","29.63","78.8","60.0","1849","point"
"2026-06-08 12:06:00 pm","79.0","52.1","29.63","78.8","60.0","1841","point"
"2026-06-08 12:08:00 pm","79.1","52.1","29.63","78.8","60.0","1849","point"
"2026-06-08 12:10:00 pm","79.0","52.1","29.63","78.8","60.0","1841","point"
"2026-06-08 12:12:00 pm","79.1","52.1","29.63","78.8","60.0","1844","point"
"2026-06-08 12:14:00 pm","79.1","52.1","29.63","78.8","60.0","1853","point"
"2026-06-08 12:16:00 pm","79.1","52.1","29.63","78.8","60.0","1849","point"
"2026-06-08 12:18:00 pm","79.1","52.0","29.63","78.8","60.0","1849","point"
"2026-06-08 12:20:00 pm","79.1","52.0","29.63","78.8","60.0","1846","point"
"2026-06-08 12:22:00 pm","79.1","52.0","29.63","78.8","60.0","1851","point"
"2026-06-08 12:24:00 pm","79.1","52.0","29.63","78.8","60.0","1846","point"
"2026-06-08 12:26:00 pm","79.1","52.0","29.63","78.8","60.0","1851","point"
"2026-06-08 12:28:00 pm","79.1","52.0","29.63","78.8","60.0","1851","point"
"2026-06-08 12:30:00 pm","79.1","52.0","29.63","78.8","59.9","1849","point"
"2026-06-08 12:32:00 pm","79.2","51.9","29.63","79.2","60.0","1853","point"
"2026-06-08 12:34:00 pm","79.1","52.0","29.63","78.8","60.0","1846","point"
"2026-06-08 12:36:00 pm","79.2","51.9","29.63","79.2","60.0","1851","point"
"2026-06-08 12:38:00 pm","79.1","51.9","29.63","78.8","59.9","1851","point"
"2026-06-08 12:40:00 pm","79.1","51.9","29.63","78.8","59.9","1846","point"
"2026-06-08 12:42:00 pm","79.2","51.9","29.64","79.2","60.0","1846","point"
"2026-06-08 12:44:00 pm","79.1","51.9","29.63","78.8","59.9","1846","point"
"2026-06-08 12:46:00 pm","79.2","51.9","29.63","79.2","60.0","1851","point"
"2026-06-08 12:48:00 pm","79.2","51.9","29.64","79.2","60.0","1846","point"
"2026-06-08 12:50:00 pm","79.2","51.9","29.63","79.2","60.0","1851","point"
"2026-06-08 12:52:00 pm","79.2","51.8","29.63","79.2","59.9","1853","point"
"2026-06-08 12:54:00 pm","79.2","51.9","29.63","79.2","60.0","1856","point"
"2026-06-08 12:56:00 pm","79.2","51.8","29.63","79.2","60.0","1856","point"
"2026-06-08 12:58:00 pm","79.2","51.8","29.63","79.2","60.0","1856","point"
"2026-06-08 01:00:00 pm","79.2","51.8","29.63","79.2","60.0","1858","point"
"2026-06-08 01:02:00 pm","79.2","51.8","29.63","79.2","60.0","1861","point"
"2026-06-08 01:04:00 pm","79.2","51.8","29.63","79.2","60.0","1858","point"
"2026-06-08 01:06:00 pm","79.2","51.8","29.63","79.2","60.0","1858","point"
"2026-06-08 01:08:00 pm","79.2","51.8","29.63","79.2","60.0","1861","point"
"2026-06-08 01:10:00 pm","79.3","51.7","29.62","79.2","60.0","1868","point"
"2026-06-08 01:12:00 pm","79.3","51.7","29.62","79.2","60.0","1868","point"
"2026-06-08 01:14:00 pm","79.2","51.7","29.62","79.2","59.9","1866","point"
"2026-06-08 01:16:00 pm","79.3","51.7","29.63","79.2","60.0","1858","point"
"2026-06-08 01:18:00 pm","79.3","51.7","29.62","79.2","60.0","1868","point"
"2026-06-08 01:20:00 pm","79.3","51.7","29.63","79.0","60.0","1861","point"
"2026-06-08 01:22:00 pm","79.3","51.6","29.62","79.0","59.9","1873","point"
"2026-06-08 01:24:00 pm","79.3","51.6","29.62","79.0","60.0","1876","point"
"2026-06-08 01:26:00 pm","79.3","51.6","29.63","79.0","60.0","1868","point"
"2026-06-08 01:28:00 pm","79.3","51.6","29.63","79.0","60.0","1868","point"
"2026-06-08 01:30:00 pm","79.3","51.6","29.62","79.0","60.0","1871","point"
"2026-06-08 01:32:00 pm","79.4","51.6","29.63","79.2","60.0","1871","point"
"2026-06-08 01:34:00 pm","79.4","51.6","29.62","79.2","60.0","1876","point"
"2026-06-08 01:36:00 pm","79.4","51.6","29.63","79.2","60.0","1873","point"
"2026-06-08 01:38:00 pm","79.4","51.6","29.62","79.2","60.1","1881","point"
"2026-06-08 01:40:00 pm","79.4","51.6","29.62","79.2","60.1","1881","point"
"2026-06-08 01:42:00 pm","79.4","51.6","29.62","79.2","60.1","1881","point"
"2026-06-08 01:44:00 pm","79.4","51.6","29.63","79.2","60.1","1876","point"
"2026-06-08 01:46:00 pm","79.4","51.6","29.63","79.2","60.0","1871","point"
"2026-06-08 01:48:00 pm","79.5","51.6","29.63","79.2","60.1","1876","point"
"2026-06-08 01:50:00 pm","79.5","51.6","29.63","79.2","60.1","1878","point"
"2026-06-08 01:52:00 pm","79.5","51.6","29.63","79.2","60.1","1881","point"
"2026-06-08 01:54:00 pm","79.5","51.6","29.63","79.2","60.2","1881","point"
"2026-06-08 01:56:00 pm","79.5","51.6","29.63","79.2","60.1","1881","point"
"2026-06-08 01:58:00 pm","79.5","51.6","29.63","79.3","60.2","1886","point"
"2026-06-08 02:00:00 pm","79.5","51.6","29.63","79.3","60.2","1881","point"
"2026-06-08 02:02:00 pm","79.6","51.6","29.63","79.3","60.2","1888","point"
"2026-06-08 02:04:00 pm","79.6","51.6","29.62","79.3","60.2","1890","point"
"2026-06-08 02:06:00 pm","79.6","51.6","29.63","79.3","60.2","1883","point"
"2026-06-08 02:08:00 pm","79.6","51.6","29.63","79.3","60.2","1886","point"
"2026-06-08 02:10:00 pm","79.6","51.5","29.63","79.3","60.2","1886","point"
"2026-06-08 02:12:00 pm","79.6","51.5","29.63","79.3","60.2","1886","point"
"2026-06-08 02:14:00 pm","79.6","51.5","29.63","79.3","60.2","1886","point"
"2026-06-08 02:16:00 pm","79.7","51.5","29.63","79.3","60.2","1888","point"
"2026-06-08 02:18:00 pm","79.7","51.5","29.63","79.3","60.2","1886","point"
"2026-06-08 02:20:00 pm","79.7","51.5","29.63","79.7","60.3","1888","point"
"2026-06-08 02:22:00 pm","79.7","51.5","29.63","79.7","60.3","1888","point"
"2026-06-08 02:24:00 pm","79.7","51.5","29.63","79.7","60.3","1893","point"
"2026-06-08 02:26:00 pm","79.7","51.5","29.63","79.7","60.2","1888","point"
"2026-06-08 02:28:00 pm","79.8","51.5","29.63","79.7","60.3","1890","point"
"2026-06-08 02:30:00 pm","79.8","51.4","29.63","79.7","60.3","1888","point"
"2026-06-08 02:32:00 pm","79.8","51.5","29.63","79.7","60.3","1888","point"
"2026-06-08 02:34:00 pm","79.8","51.4","29.63","79.7","60.3","1888","point"
"2026-06-08 02:36:00 pm","79.8","51.4","29.63","79.7","60.3","1893","point"
"2026-06-08 02:38:00 pm","79.8","51.4","29.62","79.7","60.3","1903","point"
"2026-06-08 02:40:00 pm","79.8","51.4","29.63","79.7","60.3","1900","point"
"2026-06-08 02:42:00 pm","79.9","51.4","29.63","79.7","60.4","1895","point"
"2026-06-08 02:44:00 pm","79.9","51.4","29.63","79.7","60.4","1898","point"
"2026-06-08 02:46:00 pm","79.9","51.4","29.63","79.7","60.4","1903","point"
"2026-06-08 02:48:00 pm","79.9","51.4","29.63","79.9","60.4","1905","point"
"2026-06-08 02:50:00 pm","80.0","51.4","29.63","79.9","60.4","1900","point"
"2026-06-08 02:52:00 pm","80.0","51.4","29.63","79.9","60.4","1900","point"
"2026-06-08 02:54:00 pm","80.0","51.4","29.63","79.9","60.4","1905","point"
"2026-06-08 02:56:00 pm","80.0","51.3","29.63","79.9","60.4","1910","point"
"2026-06-08 02:58:00 pm","80.0","51.3","29.63","79.9","60.4","1910","point"
"2026-06-08 03:00:00 pm","80.0","51.3","29.63","79.9","60.5","1913","point"
"2026-06-08 03:02:00 pm","80.0","51.3","29.63","79.9","60.5","1908","point"
"2026-06-08 03:04:00 pm","80.0","51.3","29.63","79.9","60.5","1910","point"
"2026-06-08 03:06:00 pm","80.1","51.3","29.63","80.1","60.5","1910","point"
"2026-06-08 03:08:00 pm","80.1","51.3","29.63","80.1","60.5","1910","point"
"2026-06-08 03:10:00 pm","80.1","51.3","29.63","80.1","60.5","1915","point"
"2026-06-08 03:12:00 pm","80.2","51.3","29.63","80.1","60.5","1915","point"
"2026-06-08 03:14:00 pm","80.2","51.2","29.63","80.1","60.5","1920","point"
"2026-06-08 03:16:00 pm","80.2","51.2","29.63","80.1","60.6","1920","point"
"2026-06-08 03:18:00 pm","80.2","51.2","29.63","80.1","60.6","1920","point"
"2026-06-08 03:20:00 pm","80.2","51.2","29.63","80.1","60.5","1922","point"
"2026-06-08 03:22:00 pm","80.2","51.2","29.63","80.1","60.6","1920","point"
"2026-06-08 03:24:00 pm","80.3","51.2","29.63","80.4","60.6","1927","point"
"2026-06-08 03:26:00 pm","80.3","51.2","29.63","80.4","60.6","1925","point"
"2026-06-08 03:28:00 pm","80.3","51.2","29.63","80.4","60.6","1927","point"
"2026-06-08 03:30:00 pm","80.3","51.1","29.63","80.4","60.6","1935","point"
"2026-06-08 03:32:00 pm","80.4","51.1","29.63","80.4","60.7","1935","point"
"2026-06-08 03:34:00 pm","80.4","51.2","29.63","80.4","60.7","1937","point"
"2026-06-08 03:36:00 pm","80.4","51.1","29.63","80.4","60.7","1940","point"
"2026-06-08 03:38:00 pm","80.4","51.1","29.63","80.4","60.7","1937","point"
"2026-06-08 03:40:00 pm","80.4","51.1","29.63","80.4","60.7","1940","point"
"2026-06-08 03:42:00 pm","80.4","51.1","29.63","80.6","60.7","1940","point"
"2026-06-08 03:44:00 pm","80.4","51.1","29.63","80.6","60.7","1942","point"
"2026-06-08 03:46:00 pm","80.5","51.1","29.63","80.6","60.8","1950","point"
"2026-06-08 03:48:00 pm","80.5","51.0","29.62","80.6","60.7","1952","point"
"2026-06-08 03:50:00 pm","80.6","51.0","29.62","80.6","60.8","1955","point"
"2026-06-08 03:52:00 pm","80.6","51.0","29.63","80.6","60.7","1950","point"
"2026-06-08 03:54:00 pm","80.6","50.9","29.62","80.8","60.8","1957","point"
"2026-06-08 03:56:00 pm","80.6","50.9","29.62","80.8","60.8","1957","point"
"2026-06-08 03:58:00 pm","80.7","51.0","29.63","80.8","60.8","1957","point"
"2026-06-08 04:00:00 pm","80.7","50.9","29.63","80.8","60.8","1957","point"
"2026-06-08 04:02:00 pm","80.7","50.9","29.63","80.8","60.8","1957","point"
"2026-06-08 04:04:00 pm","80.7","50.9","29.63","80.8","60.8","1962","point"
"2026-06-08 04:06:00 pm","80.7","50.9","29.63","80.8","60.8","1962","point"
"2026-06-08 04:08:00 pm","80.8","50.8","29.63","81.0","60.9","1967","point"
"2026-06-08 04:10:00 pm","80.8","50.8","29.63","81.0","60.9","1962","point"
"2026-06-08 04:12:00 pm","80.8","50.8","29.62","81.0","60.9","1977","point"
"2026-06-08 04:14:00 pm","80.8","50.8","29.63","81.0","60.9","1969","point"
"2026-06-08 04:16:00 pm","80.8","50.8","29.63","81.0","60.9","1969","point"
"2026-06-08 04:18:00 pm","80.9","50.7","29.62","81.0","60.9","1974","point"
"2026-06-08 04:20:00 pm","80.9","50.7","29.62","81.0","60.9","1979","point"
"2026-06-08 04:22:00 pm","80.9","50.7","29.62","81.0","60.9","1974","point"
"2026-06-08 04:24:00 pm","80.9","50.6","29.63","81.0","60.9","1974","point"
"2026-06-08 04:26:00 pm","80.9","50.6","29.62","81.0","60.9","1977","point"
"2026-06-08 04:28:00 pm","80.9","50.6","29.62","81.0","60.9","1984","point"
"2026-06-08 04:30:00 pm","80.9","50.6","29.62","81.0","60.9","1982","point"
"2026-06-08 04:32:00 pm","81.0","50.6","29.63","81.1","60.9","1979","point"
"2026-06-08 04:34:00 pm","81.0","50.6","29.62","81.1","60.9","1984","point"
"2026-06-08 04:36:00 pm","81.0","50.6","29.63","81.1","60.9","1979","point"
"2026-06-08 04:38:00 pm","81.0","50.6","29.62","81.1","61.0","1987","point"
"2026-06-08 04:40:00 pm","81.0","50.5","29.62","81.1","60.9","1987","point"
"2026-06-08 04:42:00 pm","81.1","50.6","29.62","81.1","61.0","1989","point"
"2026-06-08 04:44:00 pm","81.1","50.5","29.62","81.1","61.0","1989","point"
"2026-06-08 04:46:00 pm","81.1","50.5","29.62","81.1","61.0","1999","point"
"2026-06-08 04:48:00 pm","81.2","50.5","29.62","81.5","61.1","1999","point"
"2026-06-08 04:50:00 pm","81.2","50.5","29.62","81.5","61.0","1994","point"
"2026-06-08 04:52:00 pm","81.2","50.5","29.62","81.5","61.0","1996","point"
"2026-06-08 04:54:00 pm","81.2","50.4","29.62","81.5","61.0","2004","point"
"2026-06-08 04:56:00 pm","81.2","50.4","29.62","81.5","61.0","1994","point"
"2026-06-08 04:58:00 pm","81.3","50.4","29.62","81.5","61.1","1999","point"
"2026-06-08 05:00:00 pm","81.3","50.4","29.62","81.5","61.1","2001","point"
"2026-06-08 05:02:00 pm","81.3","50.3","29.62","81.5","61.0","2001","point"
"2026-06-08 05:04:00 pm","81.3","50.3","29.62","81.5","61.0","2006","point"
"2026-06-08 05:06:00 pm","81.4","50.3","29.62","81.7","61.1","2009","point"
"2026-06-08 05:08:00 pm","81.4","50.3","29.62","81.7","61.1","2004","point"
"2026-06-08 05:10:00 pm","81.4","50.3","29.62","81.7","61.1","2009","point"
"2026-06-08 05:12:00 pm","81.4","50.3","29.62","81.7","61.1","2009","point"
"2026-06-08 05:14:00 pm","81.4","50.3","29.62","81.7","61.1","2009","point"
"2026-06-08 05:16:00 pm","81.4","50.2","29.62","81.7","61.1","2011","point"
"2026-06-08 05:18:00 pm","81.4","50.2","29.62","81.7","61.1","2011","point"
"2026-06-08 05:20:00 pm","81.5","50.2","29.63","81.7","61.1","2009","point"
"2026-06-08 05:22:00 pm","81.5","50.2","29.62","81.7","61.1","2016","point"
"2026-06-08 05:24:00 pm","81.5","50.2","29.62","81.7","61.1","2014","point"
"2026-06-08 05:26:00 pm","81.5","50.2","29.62","81.9","61.2","2019","point"
"2026-06-08 05:28:00 pm","81.5","50.1","29.62","81.7","61.1","2016","point"
"2026-06-08 05:30:00 pm","81.5","50.1","29.62","81.9","61.2","2016","point"
"2026-06-08 05:32:00 pm","81.6","50.1","29.62","81.9","61.2","2024","point"
"2026-06-08 05:34:00 pm","81.6","50.1","29.62","81.9","61.2","2024","point"
"2026-06-08 05:36:00 pm","81.6","50.1","29.62","81.9","61.2","2026","point"
"2026-06-08 05:38:00 pm","81.6","50.1","29.63","81.9","61.2","2019","point"
"2026-06-08 05:40:00 pm","81.6","50.1","29.63","81.9","61.2","2016","point"
"2026-06-08 05:42:00 pm","81.6","50.0","29.62","81.9","61.2","2024","point"
"2026-06-08 05:44:00 pm","81.6","50.0","29.63","81.7","61.2","2019","point"
"2026-06-08 05:46:00 pm","81.6","50.0","29.62","81.9","61.2","2024","point"
"2026-06-08 05:48:00 pm","81.6","50.0","29.62","81.9","61.2","2026","point"
"2026-06-08 05:50:00 pm","81.6","50.1","29.62","81.9","61.2","2029","point"
"2026-06-08 05:52:00 pm","81.6","50.0","29.62","81.9","61.2","2026","point"
"2026-06-08 05:54:00 pm","81.6","50.1","29.62","81.9","61.2","2024","point"
"2026-06-08 05:56:00 pm","81.6","50.1","29.62","81.9","61.2","2024","point"
"2026-06-08 05:58:00 pm","81.6","50.1","29.62","81.9","61.3","2026","point"
"2026-06-08 06:00:00 pm","81.6","50.1","29.62","81.9","61.3","2024","point"
"2026-06-08 06:02:00 pm","81.6","50.1","29.62","81.9","61.3","2024","point"
"2026-06-08 06:04:00 pm","81.6","50.1","29.62","81.9","61.2","2026","point"
"2026-06-08 06:06:00 pm","81.6","50.1","29.62","81.9","61.2","2024","point"
"2026-06-08 06:08:00 pm","81.6","49.9","29.62","81.7","61.1","2024","point"
"2026-06-08 06:10:00 pm","81.5","49.9","29.62","81.7","61.0","2016","point"
"2026-06-08 06:12:00 pm","81.5","49.8","29.62","81.7","60.9","2016","point"
"2026-06-08 06:14:00 pm","81.4","49.7","29.62","81.5","60.8","2014","point"
"2026-06-08 06:16:00 pm","81.4","49.6","29.62","81.5","60.8","2011","point"
"2026-06-08 06:18:00 pm","81.4","49.5","29.62","81.5","60.6","2004","point"
"2026-06-08 06:20:00 pm","81.4","49.4","29.62","81.5","60.6","1999","point"
"2026-06-08 06:22:00 pm","81.2","49.2","29.62","81.3","60.4","1991","point"
"2026-06-08 06:24:00 pm","81.2","49.1","29.63","81.1","60.3","1989","point"
"2026-06-08 06:26:00 pm","81.2","49.0","29.63","81.1","60.2","1982","point"
"2026-06-08 06:28:00 pm","81.1","48.9","29.63","81.0","60.1","1979","point"
"2026-06-08 06:30:00 pm","81.1","48.9","29.62","81.0","60.0","1979","point"
"2026-06-08 06:32:00 pm","81.0","48.7","29.62","81.0","59.9","1977","point"
"2026-06-08 06:34:00 pm","80.9","48.7","29.62","80.6","59.8","1972","point"
"2026-06-08 06:36:00 pm","80.9","48.6","29.63","80.6","59.7","1964","point"
"2026-06-08 06:38:00 pm","80.9","48.5","29.63","80.6","59.7","1964","point"
"2026-06-08 06:40:00 pm","80.8","48.5","29.63","80.6","59.6","1957","point"
"2026-06-08 06:42:00 pm","80.8","48.4","29.62","80.6","59.5","1957","point"
"2026-06-08 06:44:00 pm","80.8","48.4","29.62","80.4","59.5","1957","point"
"2026-06-08 06:46:00 pm","80.7","48.3","29.62","80.2","59.4","1952","point"
"2026-06-08 06:48:00 pm","80.7","48.4","29.63","80.2","59.4","1947","point"
"2026-06-08 06:50:00 pm","80.7","48.3","29.63","80.2","59.4","1947","point"
"2026-06-08 06:52:00 pm","80.7","48.4","29.62","80.2","59.4","1947","point"
"2026-06-08 06:54:00 pm","80.7","48.4","29.62","80.2","59.4","1947","point"
"2026-06-08 06:56:00 pm","80.7","48.4","29.62","80.2","59.4","1952","point"
"2026-06-08 06:58:00 pm","80.6","48.4","29.63","80.4","59.4","1942","point"
"2026-06-08 07:00:00 pm","80.6","48.4","29.62","80.2","59.3","1940","point"
"2026-06-08 07:02:00 pm","80.6","48.4","29.62","80.2","59.3","1940","point"
"2026-06-08 07:04:00 pm","80.6","48.4","29.62","80.1","59.3","1947","point"
"2026-06-08 07:06:00 pm","80.5","48.4","29.62","80.1","59.3","1940","point"
"2026-06-08 07:08:00 pm","80.5","48.3","29.62","80.1","59.2","1942","point"
"2026-06-08 07:10:00 pm","80.5","48.2","29.63","80.1","59.1","1932","point"
"2026-06-08 07:12:00 pm","80.4","48.2","29.63","80.1","59.1","1930","point"
"2026-06-08 07:14:00 pm","80.5","48.2","29.63","80.1","59.1","1932","point"
"2026-06-08 07:16:00 pm","80.4","48.1","29.62","79.7","59.0","1930","point"
"2026-06-08 07:18:00 pm","80.4","48.1","29.62","79.7","59.0","1932","point"
"2026-06-08 07:20:00 pm","80.4","48.0","29.62","79.7","58.9","1935","point"
"2026-06-08 07:22:00 pm","80.4","47.9","29.62","79.7","58.8","1927","point"
"2026-06-08 07:24:00 pm","80.3","47.9","29.62","79.7","58.8","1925","point"
"2026-06-08 07:26:00 pm","80.3","47.8","29.63","79.7","58.7","1918","point"
"2026-06-08 07:28:00 pm","80.2","47.7","29.63","79.5","58.6","1913","point"
"2026-06-08 07:30:00 pm","80.2","47.6","29.63","79.5","58.6","1913","point"
"2026-06-08 07:32:00 pm","80.2","47.6","29.63","79.5","58.5","1908","point"
"2026-06-08 07:34:00 pm","80.2","47.5","29.62","79.5","58.4","1913","point"
"2026-06-08 07:36:00 pm","80.2","47.4","29.62","79.5","58.4","1908","point"
"2026-06-08 07:38:00 pm","80.2","47.4","29.63","79.5","58.3","1905","point"
"2026-06-08 07:40:00 pm","80.1","47.3","29.62","79.5","58.2","1903","point"
"2026-06-08 07:42:00 pm","80.1","47.2","29.62","79.5","58.2","1903","point"
"2026-06-08 07:44:00 pm","80.0","47.1","29.62","79.2","58.1","1903","point"
"2026-06-08 07:46:00 pm","80.0","47.1","29.62","79.2","58.0","1900","point"
"2026-06-08 07:48:00 pm","80.0","47.0","29.62","79.2","58.0","1900","point"
"2026-06-08 07:50:00 pm","80.0","46.9","29.62","79.2","57.9","1895","point"
"2026-06-08 07:52:00 pm","79.9","46.9","29.62","79.2","57.8","1890","point"
"2026-06-08 07:54:00 pm","79.9","46.8","29.62","79.2","57.8","1890","point"
"2026-06-08 07:56:00 pm","79.9","46.7","29.62","79.0","57.7","1890","point"
"2026-06-08 07:58:00 pm","79.9","46.7","29.63","78.8","57.7","1883","point"
"2026-06-08 08:00:00 pm","79.8","46.6","29.62","78.8","57.6","1886","point"
"2026-06-08 08:02:00 pm","79.8","46.6","29.62","78.8","57.5","1883","point"
"2026-06-08 08:04:00 pm","79.8","46.5","29.63","78.8","57.5","1873","point"
"2026-06-08 08:06:00 pm","79.8","46.4","29.63","78.8","57.4","1873","point"
"2026-06-08 08:08:00 pm","79.7","46.4","29.63","78.6","57.3","1866","point"
"2026-06-08 08:10:00 pm","79.6","46.3","29.63","78.6","57.2","1863","point"
"2026-06-08 08:12:00 pm","79.6","46.2","29.63","78.6","57.2","1863","point"
"2026-06-08 08:14:00 pm","79.6","46.2","29.63","78.6","57.1","1861","point"
"2026-06-08 08:16:00 pm","79.5","46.2","29.63","78.6","57.1","1858","point"
"2026-06-08 08:18:00 pm","79.5","46.1","29.63","78.6","57.0","1858","point"
"2026-06-08 08:20:00 pm","79.5","46.1","29.63","78.4","57.0","1856","point"
"2026-06-08 08:22:00 pm","79.5","46.0","29.63","78.4","56.9","1853","point"
"2026-06-08 08:24:00 pm","79.5","46.0","29.63","78.4","56.9","1853","point"
"2026-06-08 08:26:00 pm","79.4","45.9","29.63","78.4","56.8","1851","point"
"2026-06-08 08:28:00 pm","79.4","45.9","29.63","78.4","56.8","1846","point"
"2026-06-08 08:30:00 pm","79.4","45.8","29.63","78.3","56.7","1846","point"
"2026-06-08 08:32:00 pm","79.4","45.9","29.63","78.3","56.7","1841","point"
"2026-06-08 08:34:00 pm","79.4","45.8","29.63","78.3","56.7","1841","point"
"2026-06-08 08:36:00 pm","79.4","45.8","29.63","78.3","56.7","1839","point"
"2026-06-08 08:38:00 pm","79.3","45.8","29.63","78.1","56.6","1836","point"
"2026-06-08 08:40:00 pm","79.3","45.7","29.63","78.1","56.6","1836","point"
"2026-06-08 08:42:00 pm","79.2","45.7","29.63","78.1","56.5","1836","point"
"2026-06-08 08:44:00 pm","79.2","45.6","29.63","78.1","56.4","1831","point"
"2026-06-08 08:46:00 pm","79.2","45.6","29.64","78.1","56.4","1821","point"
"2026-06-08 08:48:00 pm","79.1","45.6","29.63","77.9","56.3","1826","point"
"2026-06-08 08:50:00 pm","79.1","45.6","29.63","77.9","56.3","1824","point"
"2026-06-08 08:52:00 pm","79.1","45.5","29.63","77.9","56.2","1821","point"
"2026-06-08 08:54:00 pm","79.1","45.5","29.63","77.9","56.2","1821","point"
"2026-06-08 08:56:00 pm","79.0","45.5","29.63","77.9","56.2","1816","point"
"2026-06-08 08:58:00 pm","79.0","45.5","29.63","77.9","56.1","1809","point"
"2026-06-08 09:00:00 pm","78.9","45.5","29.63","77.5","56.1","1807","point"
"2026-06-08 09:02:00 pm","78.9","45.4","29.63","77.5","56.0","1807","point"
"2026-06-08 09:04:00 pm","78.9","45.4","29.63","77.5","56.0","1807","point"
"2026-06-08 09:06:00 pm","78.9","45.4","29.63","77.5","56.0","1804","point"
"2026-06-08 09:08:00 pm","78.8","45.4","29.63","77.5","55.9","1802","point"
"2026-06-08 09:10:00 pm","78.8","45.3","29.63","77.5","55.9","1799","point"
"2026-06-08 09:12:00 pm","78.8","45.4","29.63","77.5","55.9","1799","point"
"2026-06-08 09:14:00 pm","78.8","45.3","29.63","77.4","55.8","1792","point"
"2026-06-08 09:16:00 pm","78.8","45.3","29.63","77.4","55.8","1797","point"
"2026-06-08 09:18:00 pm","78.7","45.3","29.63","77.4","55.7","1789","point"
"2026-06-08 09:20:00 pm","78.6","45.2","29.64","77.4","55.7","1782","point"
"2026-06-08 09:22:00 pm","78.6","45.2","29.63","77.2","55.6","1787","point"
"2026-06-08 09:24:00 pm","78.5","45.2","29.63","77.2","55.6","1780","point"
"2026-06-08 09:26:00 pm","78.5","45.2","29.63","77.2","55.5","1782","point"
"2026-06-08 09:28:00 pm","78.5","45.2","29.63","77.2","55.5","1780","point"
"2026-06-08 09:30:00 pm","78.5","45.2","29.63","77.2","55.5","1782","point"
"2026-06-08 09:32:00 pm","78.5","45.1","29.63","77.2","55.5","1780","point"
"2026-06-08 09:34:00 pm","78.5","45.2","29.63","77.2","55.5","1780","point"
"2026-06-08 09:36:00 pm","78.5","45.2","29.63","77.2","55.5","1777","point"
"2026-06-08 09:38:00 pm","78.4","45.1","29.63","77.0","55.4","1777","point"
"2026-06-08 09:40:00 pm","78.4","45.2","29.63","77.0","55.4","1772","point"
"2026-06-08 09:42:00 pm","78.4","45.2","29.63","77.0","55.4","1770","point"
"2026-06-08 09:44:00 pm","78.4","45.1","29.63","77.0","55.4","1775","point"
"2026-06-08 09:46:00 pm","78.4","45.2","29.63","77.0","55.5","1772","point"
"2026-06-08 09:48:00 pm","78.5","45.2","29.63","77.2","55.5","1780","point"
"2026-06-08 09:50:00 pm","78.4","45.2","29.63","77.0","55.5","1777","point"
"2026-06-08 09:52:00 pm","78.5","45.3","29.63","77.2","55.6","1780","point"
"2026-06-08 09:54:00 pm","78.5","40.2","29.62","76.5","52.4","1767","point"
"2026-06-08 09:56:00 pm","78.5","38.9","29.63","76.3","51.5","1760","point"
"2026-06-08 09:58:00 pm","78.5","37.8","29.63","76.1","50.7","1752","point"
"2026-06-08 10:00:00 pm","78.7","37.2","29.62","76.3","50.4","1762","point"
"2026-06-08 10:02:00 pm","78.6","37.2","29.63","76.3","50.4","1750","point"
"2026-06-08 10:04:00 pm","78.5","37.2","29.63","76.1","50.2","1745","point"
"2026-06-08 10:06:00 pm","78.5","37.2","29.63","76.1","50.3","1747","point"
"2026-06-08 10:08:00 pm","78.5","37.2","29.63","76.1","50.3","1750","point"
"2026-06-08 10:10:00 pm","78.5","37.3","29.63","76.1","50.3","1745","point"
"2026-06-08 10:12:00 pm","78.5","37.2","29.63","76.1","50.3","1745","point"
"2026-06-08 10:14:00 pm","78.5","37.2","29.62","76.1","50.2","1750","point"
"2026-06-08 10:16:00 pm","78.5","37.2","29.63","76.1","50.2","1747","point"
"2026-06-08 10:18:00 pm","78.4","37.2","29.63","75.9","50.1","1743","point"
"2026-06-08 10:20:00 pm","78.5","37.2","29.62","76.1","50.2","1752","point"
"2026-06-08 10:22:00 pm","78.4","37.4","29.63","75.9","50.3","1740","point"
"2026-06-08 10:24:00 pm","78.4","37.6","29.63","75.9","50.4","1740","point"
"2026-06-08 10:26:00 pm","78.4","37.9","29.63","75.9","50.6","1740","point"
"2026-06-08 10:28:00 pm","78.4","38.3","29.63","75.9","50.9","1743","point"
"2026-06-08 10:30:00 pm","78.4","38.7","29.62","76.1","51.2","1752","point"
"2026-06-08 10:32:00 pm","78.4","39.1","29.62","76.1","51.5","1752","point"
"2026-06-08 10:34:00 pm","78.4","39.5","29.62","76.1","51.7","1755","point"
"2026-06-08 10:36:00 pm","78.4","40.2","29.63","76.3","52.2","1752","point"
"2026-06-08 10:38:00 pm","78.4","41.5","29.63","76.3","53.2","1760","point"
"2026-06-08 10:40:00 pm","78.4","43.5","29.62","76.6","54.4","1775","point"
"2026-06-08 10:42:00 pm","78.5","45.7","29.62","77.2","55.8","1794","point"
"2026-06-08 10:44:00 pm","78.5","47.5","29.62","77.5","56.9","1799","point"
"2026-06-08 10:46:00 pm","78.5","48.8","29.62","77.7","57.7","1807","point"
"2026-06-08 10:48:00 pm","78.5","49.9","29.63","77.7","58.3","1807","point"
"2026-06-08 10:50:00 pm","78.6","50.7","29.62","77.9","58.8","1816","point"
"2026-06-08 10:52:00 pm","78.6","51.4","29.63","77.9","59.2","1814","point"
"2026-06-08 10:54:00 pm","78.6","51.9","29.63","78.4","59.5","1821","point"
"2026-06-08 10:56:00 pm","78.7","52.3","29.62","78.4","59.7","1829","point"
"2026-06-08 10:58:00 pm","78.7","52.6","29.62","78.4","60.0","1836","point"
"2026-06-08 11:00:00 pm","78.7","52.9","29.62","78.4","60.0","1831","point"
"2026-06-08 11:02:00 pm","78.7","52.5","29.63","78.4","59.8","1824","point"
"2026-06-08 11:04:00 pm","78.7","52.1","29.62","78.4","59.6","1836","point"
"2026-06-08 11:06:00 pm","78.7","51.7","29.62","78.4","59.5","1829","point"
"2026-06-08 11:08:00 pm","78.8","51.5","29.62","78.4","59.4","1836","point"
"2026-06-08 11:10:00 pm","78.9","51.4","29.62","78.4","59.4","1839","point"
"2026-06-08 11:12:00 pm","78.8","51.4","29.62","78.4","59.4","1834","point"
"2026-06-08 11:14:00 pm","78.8","51.2","29.62","78.4","59.3","1834","point"
"2026-06-08 11:16:00 pm","78.8","51.1","29.62","78.4","59.2","1839","point"
"2026-06-08 11:18:00 pm","78.8","50.9","29.62","78.4","59.1","1834","point"
"2026-06-08 11:20:00 pm","78.8","50.8","29.62","78.4","59.0","1834","point"
"2026-06-08 11:22:00 pm","78.8","50.6","29.62","78.4","58.9","1834","point"
"2026-06-08 11:24:00 pm","78.8","50.5","29.62","78.4","58.9","1836","point"
"2026-06-08 11:26:00 pm","78.8","50.4","29.62","78.4","58.8","1839","point"
"2026-06-08 11:28:00 pm","78.8","50.2","29.62","78.4","58.7","1829","point"
"2026-06-08 11:30:00 pm","78.8","50.2","29.62","78.4","58.7","1834","point"
"2026-06-08 11:32:00 pm","78.8","50.1","29.62","78.4","58.7","1834","point"
"2026-06-08 11:34:00 pm","78.7","50.0","29.62","78.1","58.5","1826","point"
"2026-06-08 11:36:00 pm","78.7","50.0","29.62","77.9","58.4","1829","point"
"2026-06-08 11:38:00 pm","78.7","49.9","29.61","77.9","58.4","1831","point"
"2026-06-08 11:40:00 pm","78.8","49.8","29.62","77.9","58.5","1834","point"
"2026-06-08 11:42:00 pm","78.7","49.8","29.62","77.9","58.4","1831","point"
"2026-06-08 11:44:00 pm","78.7","49.7","29.62","77.9","58.3","1829","point"
"2026-06-08 11:46:00 pm","78.7","49.7","29.62","77.9","58.3","1824","point"
"2026-06-08 11:48:00 pm","78.8","49.6","29.62","77.9","58.3","1831","point"
"2026-06-08 11:50:00 pm","78.7","49.5","29.62","77.9","58.2","1829","point"
"2026-06-08 11:52:00 pm","78.7","49.5","29.62","77.9","58.2","1826","point"
"2026-06-08 11:54:00 pm","78.7","49.4","29.62","77.9","58.2","1824","point"
"2026-06-08 11:56:00 pm","78.6","49.3","29.62","77.9","58.0","1821","point"
"2026-06-08 11:58:00 pm","78.6","49.2","29.62","77.7","58.0","1814","point"
"2026-06-09 12:00:00 am","78.6","49.2","29.61","77.7","57.9","1826","point"
"2026-06-09 12:02:00 am","78.6","49.1","29.62","77.9","58.0","1821","point"
"2026-06-09 12:04:00 am","78.6","49.1","29.61","77.7","57.9","1821","point"
"2026-06-09 12:06:00 am","78.6","49.0","29.61","77.9","57.9","1829","point"
"2026-06-09 12:08:00 am","78.6","49.0","29.61","77.7","57.8","1829","point"
"2026-06-09 12:10:00 am","78.6","48.9","29.61","77.7","57.8","1821","point"
"2026-06-09 12:12:00 am","78.5","48.8","29.61","77.7","57.7","1821","point"
"2026-06-09 12:14:00 am","78.5","48.8","29.61","77.7","57.7","1821","point"
"2026-06-09 12:16:00 am","78.5","48.8","29.62","77.7","57.7","1816","point"
"2026-06-09 12:18:00 am","78.5","48.7","29.61","77.7","57.7","1826","point"
"2026-06-09 12:20:00 am","78.5","48.7","29.61","77.7","57.6","1816","point"
"2026-06-09 12:22:00 am","78.5","48.7","29.61","77.7","57.6","1826","point"
"2026-06-09 12:24:00 am","78.5","48.6","29.61","77.7","57.5","1824","point"
"2026-06-09 12:26:00 am","78.5","48.5","29.61","77.7","57.5","1819","point"
"2026-06-09 12:28:00 am","78.5","48.5","29.61","77.7","57.5","1824","point"
"2026-06-09 12:30:00 am","78.5","48.5","29.61","77.7","57.5","1819","point"
"2026-06-09 12:32:00 am","78.5","48.4","29.61","77.7","57.4","1814","point"
"2026-06-09 12:34:00 am","78.5","48.4","29.61","77.5","57.4","1819","point"
"2026-06-09 12:36:00 am","78.5","48.4","29.60","77.5","57.4","1826","point"
"2026-06-09 12:38:00 am","78.5","48.3","29.61","77.5","57.4","1814","point"
"2026-06-09 12:40:00 am","78.5","48.3","29.60","77.5","57.4","1826","point"
"2026-06-09 12:42:00 am","78.5","48.2","29.60","77.5","57.3","1824","point"
"2026-06-09 12:44:00 am","78.5","48.2","29.60","77.5","57.3","1821","point"
"2026-06-09 12:46:00 am","78.5","48.2","29.60","77.5","57.3","1819","point"
"2026-06-09 12:48:00 am","78.4","48.1","29.60","77.2","57.2","1819","point"
"2026-06-09 12:50:00 am","78.4","48.1","29.60","77.2","57.2","1819","point"
"2026-06-09 12:52:00 am","78.5","48.1","29.60","77.5","57.2","1819","point"
"2026-06-09 12:54:00 am","78.5","48.1","29.60","77.5","57.2","1824","point"
"2026-06-09 12:56:00 am","78.4","48.0","29.60","77.2","57.1","1819","point"
"2026-06-09 12:58:00 am","78.4","48.0","29.60","77.2","57.1","1819","point"
"2026-06-09 01:00:00 am","78.4","48.0","29.59","77.2","57.1","1826","point"
"2026-06-09 01:02:00 am","78.4","48.0","29.60","77.2","57.1","1819","point"
"2026-06-09 01:04:00 am","78.4","47.9","29.60","77.2","57.1","1819","point"
"2026-06-09 01:06:00 am","78.5","47.9","29.60","77.5","57.1","1826","point"
"2026-06-09 01:08:00 am","78.4","47.9","29.60","77.2","57.0","1814","point"
"2026-06-09 01:10:00 am","78.4","47.9","29.60","77.2","57.0","1816","point"
"2026-06-09 01:12:00 am","78.4","47.9","29.60","77.2","57.0","1814","point"
"2026-06-09 01:14:00 am","78.4","47.8","29.60","77.2","57.0","1816","point"
"2026-06-09 01:16:00 am","78.4","47.8","29.60","77.2","56.9","1819","point"
"2026-06-09 01:18:00 am","78.5","47.8","29.59","77.5","57.0","1831","point"
"2026-06-09 01:20:00 am","78.4","47.7","29.60","77.2","56.9","1819","point"
"2026-06-09 01:22:00 am","78.4","47.7","29.59","77.2","56.9","1826","point"
"2026-06-09 01:24:00 am","78.4","47.7","29.60","77.2","56.9","1816","point"
"2026-06-09 01:26:00 am","78.4","47.6","29.59","77.2","56.9","1824","point"
"2026-06-09 01:28:00 am","78.4","47.6","29.60","77.2","56.9","1819","point"
"2026-06-09 01:30:00 am","78.4","47.6","29.60","77.2","56.8","1819","point"
"2026-06-09 01:32:00 am","78.4","47.6","29.59","77.2","56.8","1826","point"
"2026-06-09 01:34:00 am","78.4","47.5","29.60","77.2","56.8","1819","point"
"2026-06-09 01:36:00 am","78.3","47.5","29.59","77.2","56.7","1819","point"
"2026-06-09 01:38:00 am","78.4","47.5","29.59","77.2","56.8","1821","point"
"2026-06-09 01:40:00 am","78.4","47.5","29.60","77.2","56.8","1814","point"
"2026-06-09 01:42:00 am","78.4","47.5","29.59","77.2","56.8","1821","point"
"2026-06-09 01:44:00 am","78.3","47.4","29.59","77.2","56.7","1814","point"
"2026-06-09 01:46:00 am","78.4","47.4","29.59","77.2","56.7","1821","point"
"2026-06-09 01:48:00 am","78.4","47.4","29.59","77.2","56.7","1816","point"
"2026-06-09 01:50:00 am","78.3","47.4","29.59","77.2","56.6","1814","point"
"2026-06-09 01:52:00 am","78.3","47.3","29.59","77.2","56.6","1814","point"
"2026-06-09 01:54:00 am","78.4","47.4","29.59","77.2","56.7","1821","point"
"2026-06-09 01:56:00 am","78.3","47.3","29.59","77.2","56.6","1814","point"
"2026-06-09 01:58:00 am","78.3","47.3","29.59","77.2","56.6","1816","point"
"2026-06-09 02:00:00 am","78.3","47.3","29.59","77.2","56.6","1816","point"
"2026-06-09 02:02:00 am","78.2","47.3","29.60","77.0","56.5","1804","point"
"2026-06-09 02:04:00 am","78.3","47.2","29.59","77.2","56.5","1814","point"
"2026-06-09 02:06:00 am","78.3","47.2","29.59","77.2","56.6","1814","point"
"2026-06-09 02:08:00 am","78.3","47.2","29.59","77.2","56.5","1814","point"
"2026-06-09 02:10:00 am","78.3","47.2","29.60","77.2","56.5","1809","point"
"2026-06-09 02:12:00 am","78.3","47.1","29.59","77.2","56.5","1819","point"
"2026-06-09 02:14:00 am","78.2","47.1","29.60","77.0","56.4","1804","point"
"2026-06-09 02:16:00 am","78.3","47.1","29.59","77.2","56.4","1812","point"
"2026-06-09 02:18:00 am","78.3","47.1","29.60","77.2","56.4","1809","point"
"2026-06-09 02:20:00 am","78.3","47.0","29.59","77.2","56.4","1814","point"
"2026-06-09 02:22:00 am","78.3","47.0","29.59","77.2","56.4","1814","point"
"2026-06-09 02:24:00 am","78.3","47.0","29.59","77.2","56.4","1819","point"
"2026-06-09 02:26:00 am","78.3","47.0","29.59","77.2","56.4","1819","point"
"2026-06-09 02:28:00 am","78.3","47.0","29.59","77.2","56.4","1812","point"
"2026-06-09 02:30:00 am","78.3","46.9","29.59","77.2","56.4","1816","point"
"2026-06-09 02:32:00 am","78.2","46.9","29.59","77.0","56.3","1812","point"
"2026-06-09 02:34:00 am","78.2","46.9","29.59","77.0","56.3","1816","point"
"2026-06-09 02:36:00 am","78.2","46.9","29.59","77.0","56.3","1816","point"
"2026-06-09 02:38:00 am","78.3","46.9","29.59","77.2","56.3","1819","point"
"2026-06-09 02:40:00 am","78.2","46.9","29.59","77.0","56.3","1816","point"
"2026-06-09 02:42:00 am","78.2","46.9","29.59","77.0","56.2","1816","point"
"2026-06-09 02:44:00 am","78.2","46.8","29.60","77.0","56.3","1804","point"
"2026-06-09 02:46:00 am","78.2","46.8","29.59","77.0","56.2","1816","point"
"2026-06-09 02:48:00 am","78.2","46.8","29.59","77.0","56.3","1809","point"
"2026-06-09 02:50:00 am","78.2","46.8","29.59","77.0","56.2","1819","point"
"2026-06-09 02:52:00 am","78.2","46.8","29.59","77.0","56.2","1812","point"
"2026-06-09 02:54:00 am","78.2","46.7","29.59","77.0","56.2","1814","point"
"2026-06-09 02:56:00 am","78.2","46.8","29.59","77.0","56.2","1807","point"
"2026-06-09 02:58:00 am","78.2","46.7","29.59","77.0","56.2","1814","point"
"2026-06-09 03:00:00 am","78.2","46.7","29.59","77.0","56.1","1812","point"
"2026-06-09 03:02:00 am","78.2","46.7","29.58","77.0","56.1","1816","point"
"2026-06-09 03:04:00 am","78.2","46.7","29.59","77.0","56.2","1816","point"
"2026-06-09 03:06:00 am","78.2","46.7","29.59","77.0","56.1","1809","point"
"2026-06-09 03:08:00 am","78.2","46.7","29.59","76.8","56.2","1814","point"
"2026-06-09 03:10:00 am","78.2","46.7","29.59","76.8","56.1","1809","point"
"2026-06-09 03:12:00 am","78.2","46.6","29.59","76.8","56.1","1809","point"
"2026-06-09 03:14:00 am","78.2","46.7","29.59","76.8","56.1","1816","point"
"2026-06-09 03:16:00 am","78.2","46.6","29.58","76.8","56.1","1819","point"
"2026-06-09 03:18:00 am","78.2","46.7","29.58","76.8","56.2","1821","point"
"2026-06-09 03:20:00 am","78.2","46.7","29.59","76.8","56.1","1812","point"
"2026-06-09 03:22:00 am","78.2","46.6","29.58","76.8","56.1","1819","point"
"2026-06-09 03:24:00 am","78.2","46.6","29.58","76.8","56.1","1824","point"
"2026-06-09 03:26:00 am","78.2","46.6","29.58","76.8","56.1","1819","point"
"2026-06-09 03:28:00 am","78.2","46.6","29.58","76.8","56.0","1819","point"
"2026-06-09 03:30:00 am","78.2","46.6","29.58","76.8","56.0","1816","point"
"2026-06-09 03:32:00 am","78.2","46.6","29.58","76.8","56.0","1819","point"
"2026-06-09 03:34:00 am","78.2","46.6","29.58","76.8","56.0","1824","point"
"2026-06-09 03:36:00 am","78.2","46.6","29.58","76.8","56.1","1826","point"
"2026-06-09 03:38:00 am","78.2","46.5","29.58","76.8","56.0","1824","point"
"2026-06-09 03:40:00 am","78.2","46.5","29.57","76.8","56.0","1829","point"
"2026-06-09 03:42:00 am","78.1","46.5","29.58","76.8","55.9","1812","point"
"2026-06-09 03:44:00 am","78.2","46.5","29.58","76.8","56.0","1824","point"
"2026-06-09 03:46:00 am","78.2","46.5","29.58","76.8","56.0","1819","point"
"2026-06-09 03:48:00 am","78.1","46.5","29.58","76.8","55.9","1816","point"
"2026-06-09 03:50:00 am","78.1","46.5","29.57","76.8","55.9","1819","point"
"2026-06-09 03:52:00 am","78.2","46.5","29.58","76.8","56.0","1819","point"
"2026-06-09 03:54:00 am","78.1","46.5","29.57","76.8","55.9","1819","point"
"2026-06-09 03:56:00 am","78.1","46.4","29.57","76.8","55.9","1819","point"
"2026-06-09 03:58:00 am","78.1","46.5","29.57","76.8","55.9","1826","point"
"2026-06-09 04:00:00 am","78.1","46.4","29.57","76.8","55.9","1824","point"
"2026-06-09 04:02:00 am","78.2","46.4","29.57","76.8","55.9","1826","point"
"2026-06-09 04:04:00 am","78.1","46.4","29.57","76.8","55.9","1816","point"
"2026-06-09 04:06:00 am","78.2","46.4","29.57","76.8","55.9","1821","point"
"2026-06-09 04:08:00 am","78.1","46.3","29.57","76.8","55.9","1821","point"
"2026-06-09 04:10:00 am","78.1","46.4","29.58","76.8","55.9","1814","point"
"2026-06-09 04:12:00 am","78.1","46.3","29.58","76.8","55.9","1816","point"
"2026-06-09 04:14:00 am","78.1","46.3","29.57","76.8","55.9","1821","point"
"2026-06-09 04:16:00 am","78.1","46.3","29.57","76.8","55.8","1821","point"
"2026-06-09 04:18:00 am","78.1","46.3","29.57","76.8","55.8","1821","point"
"2026-06-09 04:20:00 am","78.1","46.3","29.57","76.8","55.8","1821","point"
"2026-06-09 04:22:00 am","78.1","46.3","29.57","76.8","55.8","1816","point"
"2026-06-09 04:24:00 am","78.0","46.3","29.57","76.6","55.8","1816","point"
"2026-06-09 04:26:00 am","78.1","46.3","29.57","76.8","55.8","1819","point"
"2026-06-09 04:28:00 am","78.1","46.2","29.57","76.8","55.8","1826","point"
"2026-06-09 04:30:00 am","78.1","46.3","29.57","76.8","55.8","1821","point"
"2026-06-09 04:32:00 am","78.1","46.2","29.57","76.8","55.8","1821","point"
"2026-06-09 04:34:00 am","78.1","46.3","29.57","76.8","55.8","1821","point"
"2026-06-09 04:36:00 am","78.0","46.3","29.57","76.6","55.7","1816","point"
"2026-06-09 04:38:00 am","78.2","46.2","29.57","76.8","55.8","1829","point"
"2026-06-09 04:40:00 am","78.1","46.2","29.57","76.8","55.8","1821","point"
"2026-06-09 04:42:00 am","78.1","46.2","29.57","76.8","55.8","1826","point"
"2026-06-09 04:44:00 am","78.1","46.2","29.57","76.8","55.7","1816","point"
"2026-06-09 04:46:00 am","78.0","46.2","29.58","76.6","55.7","1812","point"
"2026-06-09 04:48:00 am","78.1","46.2","29.58","76.8","55.8","1816","point"
"2026-06-09 04:50:00 am","78.0","46.2","29.57","76.6","55.7","1816","point"
"2026-06-09 04:52:00 am","78.1","46.2","29.57","76.8","55.7","1821","point"
"2026-06-09 04:54:00 am","78.0","46.2","29.57","76.6","55.7","1814","point"
"2026-06-09 04:56:00 am","78.2","46.1","29.57","76.8","55.8","1821","point"
"2026-06-09 04:58:00 am","78.1","46.1","29.57","76.8","55.7","1821","point"
"2026-06-09 05:00:00 am","78.1","46.1","29.57","76.8","55.7","1824","point"
"2026-06-09 05:02:00 am","78.1","46.1","29.57","76.8","55.7","1824","point"
"2026-06-09 05:04:00 am","78.1","46.1","29.57","76.8","55.7","1821","point"
"2026-06-09 05:06:00 am","78.0","46.1","29.57","76.6","55.6","1814","point"
"2026-06-09 05:08:00 am","78.0","46.1","29.57","76.6","55.6","1821","point"
"2026-06-09 05:10:00 am","78.0","46.1","29.57","76.6","55.6","1814","point"
"2026-06-09 05:12:00 am","78.0","46.1","29.57","76.6","55.6","1821","point"
"2026-06-09 05:14:00 am","78.1","46.1","29.57","76.8","55.7","1819","point"
"2026-06-09 05:16:00 am","78.0","46.0","29.57","76.6","55.6","1821","point"
"2026-06-09 05:18:00 am","78.1","46.0","29.57","76.8","55.7","1826","point"
"2026-06-09 05:20:00 am","78.0","46.0","29.57","76.6","55.6","1814","point"
"2026-06-09 05:22:00 am","78.1","46.0","29.57","76.8","55.7","1824","point"
"2026-06-09 05:24:00 am","78.0","46.0","29.57","76.6","55.6","1821","point"
"2026-06-09 05:26:00 am","78.0","46.0","29.57","76.6","55.5","1816","point"
"2026-06-09 05:28:00 am","78.0","46.0","29.57","76.6","55.6","1816","point"
"2026-06-09 05:30:00 am","78.1","46.0","29.57","76.8","55.6","1824","point"
"2026-06-09 05:32:00 am","78.0","46.0","29.57","76.6","55.6","1816","point"
"2026-06-09 05:34:00 am","78.1","46.0","29.57","76.8","55.6","1821","point"
"2026-06-09 05:36:00 am","78.1","46.0","29.57","76.8","55.6","1821","point"
"2026-06-09 05:38:00 am","78.0","46.0","29.57","76.6","55.6","1824","point"
"2026-06-09 05:40:00 am","78.0","46.0","29.57","76.6","55.6","1816","point"
"2026-06-09 05:42:00 am","78.0","46.0","29.57","76.6","55.6","1816","point"
"2026-06-09 05:44:00 am","78.0","45.9","29.57","76.6","55.5","1821","point"
"2026-06-09 05:46:00 am","78.0","45.9","29.57","76.6","55.5","1821","point"
"2026-06-09 05:48:00 am","78.1","45.9","29.56","76.8","55.6","1831","point"
"2026-06-09 05:50:00 am","78.1","45.9","29.57","76.8","55.6","1826","point"
"2026-06-09 05:52:00 am","78.0","45.9","29.57","76.6","55.5","1816","point"
"2026-06-09 05:54:00 am","78.1","45.9","29.57","76.6","55.6","1816","point"
"2026-06-09 05:56:00 am","78.0","45.9","29.57","76.6","55.6","1816","point"
"2026-06-09 05:58:00 am","78.0","45.9","29.57","76.6","55.5","1821","point"
"2026-06-09 06:00:00 am","78.0","45.9","29.57","76.6","55.5","1821","point"
"2026-06-09 06:02:00 am","78.1","45.9","29.57","76.8","55.6","1824","point"
"2026-06-09 06:04:00 am","78.1","45.9","29.57","76.6","55.6","1824","point"
"2026-06-09 06:06:00 am","78.0","45.9","29.57","76.5","55.5","1816","point"
"2026-06-09 06:08:00 am","78.1","45.9","29.57","76.6","55.6","1821","point"
"2026-06-09 06:10:00 am","78.0","45.9","29.57","76.5","55.5","1816","point"
"2026-06-09 06:12:00 am","78.0","45.9","29.57","76.5","55.5","1816","point"
"2026-06-09 06:14:00 am","78.0","45.9","29.57","76.5","55.5","1814","point"
"2026-06-09 06:16:00 am","78.0","45.9","29.57","76.6","55.5","1814","point"
"2026-06-09 06:18:00 am","78.0","45.9","29.57","76.5","55.5","1814","point"
"2026-06-09 06:20:00 am","78.1","45.9","29.57","76.8","55.6","1821","point"
"2026-06-09 06:22:00 am","78.1","45.9","29.57","76.6","55.6","1824","point"
"2026-06-09 06:24:00 am","78.0","45.9","29.57","76.5","55.5","1816","point"
"2026-06-09 06:26:00 am","78.0","45.9","29.57","76.5","55.5","1821","point"
"2026-06-09 06:28:00 am","78.1","45.9","29.58","76.6","55.6","1814","point"
"2026-06-09 06:30:00 am","78.1","45.9","29.57","76.6","55.6","1824","point"
"2026-06-09 06:32:00 am","78.0","45.9","29.57","76.5","55.5","1809","point"
"2026-06-09 06:34:00 am","78.0","45.8","29.57","76.5","55.5","1816","point"
"2026-06-09 06:36:00 am","78.0","45.9","29.57","76.5","55.5","1814","point"
"2026-06-09 06:38:00 am","78.1","45.9","29.57","76.6","55.6","1821","point"
"2026-06-09 06:40:00 am","78.1","45.9","29.58","76.6","55.6","1814","point"
"2026-06-09 06:42:00 am","78.0","45.9","29.57","76.5","55.5","1821","point"
"2026-06-09 06:44:00 am","78.1","45.9","29.57","76.6","55.6","1824","point"
"2026-06-09 06:46:00 am","78.0","45.9","29.57","76.5","55.5","1816","point"
"2026-06-09 06:48:00 am","78.0","45.8","29.57","76.5","55.5","1816","point"
"2026-06-09 06:50:00 am","78.1","45.9","29.57","76.6","55.5","1824","point"
"2026-06-09 06:52:00 am","78.1","45.8","29.57","76.6","55.5","1821","point"
"2026-06-09 06:54:00 am","78.0","45.8","29.56","76.5","55.5","1829","point"
"2026-06-09 06:56:00 am","78.1","45.8","29.57","76.6","55.5","1824","point"
"2026-06-09 06:58:00 am","78.0","45.9","29.57","76.5","55.5","1809","point"
"2026-06-09 07:00:00 am","78.0","45.8","29.57","76.5","55.5","1821","point"
"2026-06-09 07:02:00 am","78.1","45.8","29.57","76.6","55.5","1821","point"
"2026-06-09 07:04:00 am","78.0","45.8","29.57","76.5","55.5","1816","point"
"2026-06-09 07:06:00 am","78.1","45.8","29.57","76.6","55.5","1824","point"
"2026-06-09 07:08:00 am","78.0","45.8","29.57","76.5","55.5","1816","point"
"2026-06-09 07:10:00 am","78.1","45.8","29.57","76.6","55.5","1821","point"
"2026-06-09 07:12:00 am","78.0","45.8","29.57","76.5","55.5","1821","point"
"2026-06-09 07:14:00 am","78.1","45.8","29.57","76.6","55.5","1824","point"
"2026-06-09 07:16:00 am","78.1","45.8","29.57","76.6","55.5","1824","point"
"2026-06-09 07:18:00 am","78.0","45.8","29.57","76.5","55.5","1821","point"
"2026-06-09 07:20:00 am","78.1","45.7","29.57","76.6","55.5","1821","point"
"2026-06-09 07:22:00 am","78.1","45.7","29.57","76.6","55.5","1821","point"
"2026-06-09 07:24:00 am","78.1","45.7","29.56","76.6","55.5","1831","point"
"2026-06-09 07:26:00 am","78.1","45.7","29.57","76.6","55.5","1821","point"
"2026-06-09 07:28:00 am","78.0","45.7","29.57","76.5","55.4","1816","point"
"2026-06-09 07:30:00 am","78.1","45.7","29.57","76.6","55.5","1816","point"
"2026-06-09 07:32:00 am","78.1","45.7","29.57","76.6","55.4","1821","point"
"2026-06-09 07:34:00 am","78.1","45.7","29.57","76.6","55.4","1821","point"
"2026-06-09 07:36:00 am","78.1","45.7","29.57","76.6","55.4","1824","point"
"2026-06-09 07:38:00 am","78.0","45.7","29.58","76.5","55.4","1812","point"
"2026-06-09 07:40:00 am","78.1","45.7","29.57","76.6","55.4","1819","point"
"2026-06-09 07:42:00 am","78.2","45.6","29.57","76.6","55.5","1829","point"
"2026-06-09 07:44:00 am","78.1","45.6","29.57","76.6","55.4","1821","point"
"2026-06-09 07:46:00 am","78.0","45.6","29.57","76.5","55.4","1816","point"
"2026-06-09 07:48:00 am","78.1","45.6","29.57","76.6","55.4","1821","point"
"2026-06-09 07:50:00 am","78.1","45.6","29.57","76.6","55.4","1821","point"
"2026-06-09 07:52:00 am","78.1","45.6","29.57","76.6","55.4","1821","point"
"2026-06-09 07:54:00 am","78.1","45.6","29.57","76.6","55.4","1821","point"
"2026-06-09 07:56:00 am","78.1","45.5","29.57","76.6","55.3","1829","point"
"2026-06-09 07:58:00 am","78.1","45.5","29.57","76.6","55.3","1824","point"
"2026-06-09 08:00:00 am","78.1","45.5","29.57","76.6","55.3","1829","point"
"2026-06-09 08:02:00 am","78.1","45.5","29.57","76.6","55.3","1814","point"
"2026-06-09 08:04:00 am","78.1","45.5","29.57","76.6","55.3","1819","point"
"2026-06-09 08:06:00 am","78.1","45.5","29.56","76.6","55.3","1829","point"
"2026-06-09 08:08:00 am","78.2","45.5","29.57","76.6","55.4","1821","point"
"2026-06-09 08:10:00 am","78.2","45.4","29.57","76.6","55.3","1824","point"
"2026-06-09 08:12:00 am","78.1","45.4","29.57","76.6","55.3","1819","point"
"2026-06-09 08:14:00 am","78.1","45.4","29.57","76.6","55.3","1824","point"
"2026-06-09 08:16:00 am","78.0","45.4","29.56","76.5","55.2","1824","point"
"2026-06-09 08:18:00 am","78.1","45.4","29.57","76.6","55.3","1816","point"
"2026-06-09 08:20:00 am","78.1","45.4","29.57","76.6","55.3","1821","point"
"2026-06-09 08:22:00 am","78.1","45.4","29.57","76.6","55.3","1819","point"
"2026-06-09 08:24:00 am","78.1","45.4","29.57","76.6","55.3","1819","point"
"2026-06-09 08:26:00 am","78.0","45.4","29.57","76.5","55.2","1816","point"
"2026-06-09 08:28:00 am","78.1","45.4","29.57","76.6","55.3","1821","point"
"2026-06-09 08:30:00 am","78.2","45.5","29.57","76.6","55.4","1821","point"
"2026-06-09 08:32:00 am","78.2","45.5","29.57","76.6","55.4","1824","point"
"2026-06-09 08:34:00 am","78.1","45.5","29.57","76.6","55.3","1821","point"
"2026-06-09 08:36:00 am","78.1","45.5","29.57","76.6","55.3","1819","point"
"2026-06-09 08:38:00 am","78.1","45.5","29.57","76.6","55.4","1829","point"
"2026-06-09 08:40:00 am","78.1","45.5","29.57","76.6","55.4","1819","point"
"2026-06-09 08:42:00 am","78.2","45.5","29.58","76.6","55.4","1819","point"
"2026-06-09 08:44:00 am","78.2","45.6","29.58","76.6","55.4","1819","point"
"2026-06-09 08:46:00 am","78.2","45.6","29.57","76.6","55.5","1826","point"
"2026-06-09 08:48:00 am","78.1","45.6","29.57","76.6","55.4","1819","point"
"2026-06-09 08:50:00 am","78.2","46.0","29.57","76.8","55.7","1826","point"
"2026-06-09 08:52:00 am","78.2","46.1","29.57","76.8","55.8","1826","point"
"2026-06-09 08:54:00 am","78.2","46.2","29.62","76.8","55.9","1780","point"
"2026-06-09 08:56:00 am","78.2","45.6","29.62","76.6","55.5","1772","point"
"2026-06-09 08:58:00 am","77.9","45.1","29.61","76.3","54.9","1757","point"
"2026-06-09 09:00:00 am","77.2","44.9","29.60","75.4","54.2","1725","point"
"2026-06-09 09:02:00 am","76.8","44.8","29.57","74.8","53.7","1725","point"
"2026-06-09 09:04:00 am","76.4","44.8","29.55","74.5","53.3","1728","point"
"2026-06-09 09:06:00 am","75.9","44.8","29.53","74.1","53.0","1713","point"
"2026-06-09 09:08:00 am","75.5","44.8","29.51","73.6","52.6","1713","point"
"2026-06-09 09:10:00 am","75.3","44.8","29.49","73.4","52.4","1720","point"
"2026-06-09 09:12:00 am","74.9","44.4","29.47","73.2","51.8","1706","point"
"2026-06-09 09:14:00 am","75.0","47.1","29.49","73.4","53.5","1710","point"
"2026-06-09 09:16:00 am","75.1","46.9","29.48","73.6","53.5","1728","point"
"2026-06-09 09:18:00 am","75.1","46.8","29.47","73.6","53.4","1740","point"
"2026-06-09 09:20:00 am","75.1","46.8","29.46","73.6","53.4","1745","point"
"2026-06-09 09:22:00 am","74.9","46.7","29.46","73.4","53.1","1730","point"
"2026-06-09 09:24:00 am","74.8","46.6","29.46","73.2","53.0","1718","point"
"2026-06-09 09:26:00 am","74.8","46.5","29.44","73.2","53.0","1752","point"
"2026-06-09 09:28:00 am","74.7","46.4","29.44","73.2","52.8","1743","point"
"2026-06-09 09:30:00 am","74.7","46.4","29.44","73.2","52.7","1740","point"
"2026-06-09 09:32:00 am","74.1","40.2","29.43","72.0","48.4","1683","point"
"2026-06-09 09:34:00 am","73.7","41.9","29.43","72.0","49.2","1669","point"
"2026-06-09 09:36:00 am","73.2","44.8","29.43","71.8","50.5","1649","point"
"2026-06-09 09:38:00 am","72.8","45.2","29.42","71.4","50.4","1629","point"
"2026-06-09 09:40:00 am","72.6","45.2","29.43","71.2","50.1","1605","point"
"2026-06-09 09:42:00 am","72.5","45.1","29.43","71.1","50.0","1597","point"
"2026-06-09 09:44:00 am","72.3","45.1","29.42","71.1","49.9","1595","point"
"2026-06-09 09:46:00 am","72.2","45.2","29.43","71.1","49.8","1580","point"
"2026-06-09 09:48:00 am","72.1","45.2","29.42","71.1","49.7","1577","point"
"2026-06-09 09:50:00 am","72.1","45.2","29.42","70.9","49.7","1582","point"
"2026-06-09 09:52:00 am","72.1","45.4","29.43","70.9","49.8","1572","point"
"2026-06-09 09:54:00 am","72.1","45.4","29.42","70.9","49.9","1580","point"
"2026-06-09 09:56:00 am","72.0","45.6","29.41","70.9","49.9","1582","point"
"2026-06-09 09:58:00 am","72.0","45.6","29.42","70.9","49.8","1572","point"
"2026-06-09 10:00:00 am","72.0","45.7","29.42","70.9","49.9","1575","point"
"2026-06-09 10:02:00 am","72.0","45.9","29.42","70.9","50.0","1572","point"
"2026-06-09 10:04:00 am","72.0","46.0","29.42","70.9","50.1","1570","point"
"2026-06-09 10:06:00 am","72.0","46.1","29.42","70.9","50.1","1575","point"
"2026-06-09 10:08:00 am","72.0","46.2","29.42","70.9","50.2","1575","point"
"2026-06-09 10:10:00 am","71.9","46.3","29.42","70.7","50.2","1570","point"
"2026-06-09 10:12:00 am","72.0","46.4","29.42","70.9","50.3","1570","point"
"2026-06-09 10:14:00 am","72.0","46.5","29.42","70.9","50.4","1582","point"
"2026-06-09 10:16:00 am","72.0","46.6","29.44","70.9","50.5","1560","point"
"2026-06-09 10:18:00 am","72.0","46.7","29.44","70.9","50.5","1560","point"
"2026-06-09 10:20:00 am","72.0","47.1","29.44","70.9","50.8","1563","point"
"2026-06-09 10:22:00 am","72.1","47.0","29.43","70.9","50.8","1572","point"
"2026-06-09 10:24:00 am","72.1","46.9","29.44","71.1","50.7","1568","point"
"2026-06-09 10:26:00 am","72.3","46.9","29.44","71.1","50.8","1577","point"
"2026-06-09 10:28:00 am","72.3","46.8","29.43","71.1","50.8","1587","point"
"2026-06-09 10:30:00 am","72.2","46.6","29.44","71.1","50.6","1575","point"
"2026-06-09 10:32:00 am","72.1","46.6","29.44","71.1","50.6","1568","point"
"2026-06-09 10:34:00 am","72.1","46.4","29.44","70.9","50.5","1565","point"
"2026-06-09 10:36:00 am","72.0","46.3","29.44","70.9","50.3","1553","point"
"2026-06-09 10:38:00 am","71.9","45.9","29.43","70.7","50.0","1553","point"
"2026-06-09 10:40:00 am","71.9","45.9","29.44","70.7","49.9","1548","point"
"2026-06-09 10:42:00 am","71.8","45.9","29.42","70.7","49.9","1568","point"
"2026-06-09 10:44:00 am","71.8","46.0","29.42","70.7","49.9","1568","point"
"2026-06-09 10:46:00 am","71.9","46.1","29.42","70.7","50.1","1570","point"
"2026-06-09 10:48:00 am","72.0","46.1","29.42","70.9","50.1","1575","point"
"2026-06-09 10:50:00 am","72.0","45.9","29.41","70.9","50.0","1580","point"
"2026-06-09 10:52:00 am","71.9","45.6","29.42","70.7","49.7","1570","point"
"2026-06-09 10:54:00 am","72.0","45.4","29.41","70.9","49.7","1577","point"
"2026-06-09 10:56:00 am","72.1","45.4","29.42","70.9","49.8","1575","point"
"2026-06-09 10:58:00 am","72.0","45.4","29.42","70.9","49.7","1575","point"
"2026-06-09 11:00:00 am","72.1","45.4","29.42","70.9","49.8","1575","point"
"2026-06-09 11:02:00 am","72.0","45.5","29.41","70.9","49.8","1580","point"
"2026-06-09 11:04:00 am","72.1","45.5","29.41","70.9","49.9","1587","point"
"2026-06-09 11:06:00 am","72.0","45.4","29.41","70.9","49.8","1587","point"
"2026-06-09 11:08:00 am","72.1","45.3","29.41","70.9","49.8","1582","point"
"2026-06-09 11:10:00 am","72.1","45.3","29.41","70.9","49.7","1582","point"
"2026-06-09 11:12:00 am","72.0","45.3","29.41","70.9","49.7","1580","point"
"2026-06-09 11:14:00 am","72.1","45.3","29.41","70.9","49.8","1590","point"
"2026-06-09 11:16:00 am","72.1","45.3","29.41","70.9","49.8","1592","point"
"2026-06-09 11:18:00 am","72.1","45.2","29.41","70.9","49.7","1590","point"
"2026-06-09 11:20:00 am","72.1","45.4","29.41","71.1","49.9","1587","point"
"2026-06-09 11:22:00 am","72.1","45.4","29.41","70.9","49.9","1590","point"
"2026-06-09 11:24:00 am","72.2","45.3","29.41","71.1","49.9","1595","point"
"2026-06-09 11:26:00 am","72.3","45.2","29.42","71.1","49.9","1595","point"
"2026-06-09 11:28:00 am","72.3","45.1","29.41","71.1","49.8","1600","point"
"2026-06-09 11:30:00 am","72.3","45.0","29.41","70.9","49.8","1605","point"
"2026-06-09 11:32:00 am","72.4","44.9","29.41","70.9","49.8","1609","point"
"2026-06-09 11:34:00 am","72.4","44.8","29.41","70.9","49.7","1609","point"
"2026-06-09 11:36:00 am","72.4","44.7","29.41","70.9","49.7","1609","point"
"2026-06-09 11:38:00 am","72.5","44.6","29.41","70.9","49.7","1612","point"
"2026-06-09 11:40:00 am","72.5","44.5","29.41","70.9","49.7","1617","point"
"2026-06-09 11:42:00 am","72.5","44.4","29.41","70.9","49.6","1617","point"
"2026-06-09 11:44:00 am","72.6","44.3","29.41","71.1","49.6","1619","point"
"2026-06-09 11:46:00 am","72.6","44.2","29.41","71.1","49.6","1619","point"
"2026-06-09 11:48:00 am","72.6","44.1","29.41","71.1","49.5","1619","point"
"2026-06-09 11:50:00 am","72.7","44.1","29.41","71.2","49.6","1624","point"
"2026-06-09 11:52:00 am","72.6","44.0","29.41","71.1","49.4","1619","point"
"2026-06-09 11:54:00 am","72.7","43.9","29.41","71.2","49.5","1624","point"
"2026-06-09 11:56:00 am","72.7","43.8","29.41","71.2","49.4","1627","point"
"2026-06-09 11:58:00 am","72.6","43.8","29.41","71.1","49.3","1622","point"
"2026-06-09 12:00:00 pm","72.7","43.7","29.42","71.2","49.3","1617","point"
"2026-06-09 12:02:00 pm","72.7","43.6","29.41","71.2","49.3","1622","point"
"2026-06-09 12:04:00 pm","72.7","43.5","29.41","71.2","49.2","1622","point"
"2026-06-09 12:06:00 pm","72.7","43.4","29.41","71.2","49.2","1622","point"
"2026-06-09 12:08:00 pm","72.7","43.3","29.41","71.2","49.1","1622","point"
"2026-06-09 12:10:00 pm","72.7","43.2","29.42","71.2","49.0","1617","point"
"2026-06-09 12:12:00 pm","72.7","43.1","29.42","71.2","48.9","1614","point"
"2026-06-09 12:14:00 pm","72.8","42.9","29.42","71.2","48.9","1619","point"
"2026-06-09 12:16:00 pm","72.7","42.9","29.42","71.1","48.8","1607","point"
"2026-06-09 12:18:00 pm","72.7","42.8","29.42","71.1","48.8","1609","point"
"2026-06-09 12:20:00 pm","72.7","42.7","29.42","71.1","48.7","1607","point"
"2026-06-09 12:22:00 pm","72.7","42.7","29.41","71.1","48.7","1619","point"
"2026-06-09 12:24:00 pm","72.8","42.6","29.42","71.1","48.7","1619","point"
"2026-06-09 12:26:00 pm","72.7","42.6","29.42","71.1","48.6","1609","point"
"2026-06-09 12:28:00 pm","72.7","42.5","29.42","71.1","48.6","1612","point"
"2026-06-09 12:30:00 pm","72.7","42.4","29.42","71.1","48.5","1612","point"
"2026-06-09 12:32:00 pm","72.7","42.3","29.42","71.1","48.5","1607","point"
"2026-06-09 12:34:00 pm","72.7","42.2","29.42","71.1","48.4","1612","point"
"2026-06-09 12:36:00 pm","72.7","42.1","29.41","71.1","48.3","1614","point"
"2026-06-09 12:38:00 pm","72.7","42.2","29.42","71.1","48.4","1605","point"
"2026-06-09 12:40:00 pm","72.7","42.3","29.41","71.1","48.5","1614","point"
"2026-06-09 12:42:00 pm","72.7","42.4","29.42","71.1","48.5","1605","point"
"2026-06-09 12:44:00 pm","72.6","42.5","29.42","70.9","48.5","1607","point"
"2026-06-09 12:46:00 pm","72.6","42.5","29.44","70.9","48.5","1580","point"
"2026-06-09 12:48:00 pm","72.6","42.4","29.43","70.9","48.5","1590","point"
"2026-06-09 12:50:00 pm","72.6","42.4","29.43","70.9","48.5","1595","point"
"2026-06-09 12:52:00 pm","72.6","42.3","29.44","70.9","48.4","1577","point"
"2026-06-09 12:54:00 pm","72.4","42.1","29.45","70.7","48.1","1555","point"
"2026-06-09 12:56:00 pm","71.1","40.7","29.45","69.4","46.0","1459","point"
"2026-06-09 12:58:00 pm","69.9","41.5","29.45","68.0","45.4","1380","point"
"2026-06-09 01:00:00 pm","71.1","81.6","29.44","72.3","65.2","1612","point"
"2026-06-09 01:02:00 pm","73.5","64.4","29.44","73.8","60.7","1718","point"
"2026-06-09 01:04:00 pm","69.6","36.6","29.44","67.5","42.0","1361","point"
"2026-06-09 01:06:00 pm","70.1","38.7","29.44","68.2","43.7","1393","point"
"2026-06-09 01:08:00 pm","65.7","37.6","29.44","61.5","39.1","1091","point"
"2026-06-09 01:10:00 pm","64.9","39.9","29.44","60.6","39.9","1047","point"
"2026-06-09 01:12:00 pm","63.2","38.7","29.44","59.2","37.6","928","point"
"2026-06-09 01:14:00 pm","59.6","38.8","29.44","55.9","34.5","686","point"
"2026-06-09 01:16:00 pm","60.9","41.2","29.44","57.2","37.2","770","point"
"2026-06-09 01:18:00 pm","61.3","43.0","29.44","57.7","38.6","799","point"
"2026-06-09 01:20:00 pm","63.1","45.0","29.44","59.5","41.4","933","point"
"2026-06-09 01:22:00 pm","59.9","41.8","29.44","56.5","36.7","710","point"
"2026-06-09 01:24:00 pm","60.3","43.9","29.44","56.8","38.3","738","point"
"2026-06-09 01:26:00 pm","59.9","43.6","29.44","56.7","37.7","707","point"
"2026-06-09 01:28:00 pm","61.1","45.9","29.44","57.7","40.2","804","point"
"2026-06-09 01:30:00 pm","61.2","45.1","29.44","57.9","39.7","801","point"
"2026-06-09 01:32:00 pm","62.3","46.0","29.44","58.8","41.3","882","point"
"2026-06-09 01:34:00 pm","63.2","47.8","29.44","59.9","43.1","947","point"
"2026-06-09 01:36:00 pm","62.6","41.9","29.44","58.8","39.2","891","point"
"2026-06-09 01:38:00 pm","62.6","42.3","29.44","58.8","39.4","894","point"
"2026-06-09 01:40:00 pm","62.4","40.0","29.44","58.3","37.8","875","point"
"2026-06-09 01:42:00 pm","63.3","40.9","29.44","59.4","39.1","937","point"
"2026-06-09 01:44:00 pm","63.4","42.5","29.44","59.5","40.3","952","point"
"2026-06-09 01:46:00 pm","62.9","43.6","29.44","59.2","40.4","920","point"
"2026-06-09 01:48:00 pm","63.1","42.7","29.44","59.2","40.0","930","point"
"2026-06-09 01:50:00 pm","61.3","43.1","29.44","57.7","38.7","809","point"
"2026-06-09 01:52:00 pm","60.6","43.6","29.44","57.0","38.3","755","point"
"2026-06-09 01:54:00 pm","58.3","43.8","29.44","55.2","36.4","607","point"
"2026-06-09 01:56:00 pm","59.7","45.7","29.44","56.7","38.8","707","point"
"2026-06-09 01:58:00 pm","60.0","47.3","29.44","56.8","39.9","727","point"
"2026-06-09 02:00:00 pm","60.2","49.5","29.44","57.2","41.2","746","point"
"2026-06-09 02:02:00 pm","60.4","49.6","29.44","57.4","41.5","762","point"
"2026-06-09 02:04:00 pm","59.2","49.4","29.44","56.5","40.3","676","point"
"2026-06-09 02:06:00 pm","60.5","50.9","29.45","57.7","42.2","760","point"
"2026-06-09 02:08:00 pm","62.3","51.0","29.44","59.4","44.0","896","point"
"2026-06-09 02:10:00 pm","62.2","49.2","29.44","59.0","42.9","882","point"
"2026-06-09 02:12:00 pm","62.3","48.4","29.44","59.0","42.6","889","point"
"2026-06-09 02:14:00 pm","62.0","46.8","29.45","58.5","41.4","852","point"
"2026-06-09 02:16:00 pm","61.4","46.8","29.44","58.1","40.8","816","point"
"2026-06-09 02:18:00 pm","60.4","46.5","29.44","57.0","39.8","748","point"
"2026-06-09 02:20:00 pm","60.7","47.4","29.44","57.6","40.6","770","point"
"2026-06-09 02:22:00 pm","60.0","46.7","29.44","56.8","39.5","722","point"
"2026-06-09 02:24:00 pm","60.4","49.4","29.44","57.6","41.4","758","point"
"2026-06-09 02:26:00 pm","59.4","47.9","29.45","56.5","39.6","676","point"
"2026-06-09 02:28:00 pm","60.4","48.8","29.45","57.4","41.1","748","point"
"2026-06-09 02:30:00 pm","60.7","48.9","29.44","57.7","41.4","774","point"
"2026-06-09 02:32:00 pm","59.1","47.3","29.44","56.1","39.0","659","point"
"2026-06-09 02:34:00 pm","58.3","46.3","29.44","55.4","37.8","604","point"
"2026-06-09 02:36:00 pm","59.5","47.5","29.44","56.5","39.5","686","point"
"2026-06-09 02:38:00 pm","59.2","48.5","29.44","56.3","39.8","667","point"
"2026-06-09 02:40:00 pm","59.1","46.5","29.45","55.9","38.6","655","point"
"2026-06-09 02:42:00 pm","59.6","47.6","29.45","56.7","39.7","688","point"
"2026-06-09 02:44:00 pm","60.5","48.6","29.44","57.4","41.1","765","point"
"2026-06-09 02:46:00 pm","60.9","47.1","29.44","57.7","40.6","779","point"
"2026-06-09 02:48:00 pm","61.0","46.7","29.45","57.7","40.4","787","point"
"2026-06-09 02:50:00 pm","61.0","46.5","29.44","57.6","40.4","787","point"
"2026-06-09 02:52:00 pm","60.7","47.7","29.44","57.6","40.8","772","point"
"2026-06-09 02:54:00 pm","60.0","46.4","29.44","56.8","39.4","722","point"
"2026-06-09 02:56:00 pm","59.1","45.7","29.45","55.9","38.2","655","point"
"2026-06-09 02:58:00 pm","59.6","47.8","29.45","56.7","39.8","693","point"
"2026-06-09 03:00:00 pm","60.1","49.3","29.44","57.2","41.0","734","point"
"2026-06-09 03:02:00 pm","60.3","49.4","29.45","57.4","41.3","743","point"
"2026-06-09 03:04:00 pm","59.5","48.2","29.45","56.5","39.9","676","point"
"2026-06-09 03:06:00 pm","60.5","48.8","29.45","57.4","41.2","755","point"
"2026-06-09 03:08:00 pm","60.4","46.4","29.44","57.0","39.7","743","point"
"2026-06-09 03:10:00 pm","61.5","47.9","29.44","58.3","41.6","826","point"
"2026-06-09 03:12:00 pm","61.0","46.5","29.44","57.7","40.4","789","point"
"2026-06-09 03:14:00 pm","61.3","48.0","29.44","58.1","41.5","811","point"
"2026-06-09 03:16:00 pm","61.4","48.8","29.44","58.3","42.0","821","point"
"2026-06-09 03:18:00 pm","61.6","48.8","29.45","58.5","42.2","830","point"
"2026-06-09 03:20:00 pm","60.9","49.7","29.44","57.9","42.0","791","point"
"2026-06-09 03:22:00 pm","60.2","48.8","29.45","57.2","40.8","727","point"
"2026-06-09 03:24:00 pm","59.7","50.0","29.45","56.7","41.0","700","point"
"2026-06-09 03:26:00 pm","59.4","50.7","29.45","56.7","41.1","683","point"
"2026-06-09 03:28:00 pm","60.2","52.0","29.45","57.4","42.5","738","point"
"2026-06-09 03:30:00 pm","59.8","50.7","29.45","57.0","41.6","707","point"
"2026-06-09 03:32:00 pm","59.8","52.1","29.45","57.0","42.2","710","point"
"2026-06-09 03:34:00 pm","56.8","48.7","29.45","54.1","37.7","499","point"
"2026-06-09 03:36:00 pm","60.0","52.2","29.45","57.2","42.4","727","point"
"2026-06-09 03:38:00 pm","60.4","50.4","29.45","57.4","41.8","746","point"
"2026-06-09 03:40:00 pm","58.8","48.2","29.45","55.8","39.3","628","point"
"2026-06-09 03:42:00 pm","60.0","50.3","29.45","57.0","41.5","724","point"
"2026-06-09 03:44:00 pm","60.4","50.7","29.45","57.4","42.0","750","point"
"2026-06-09 03:46:00 pm","58.6","49.7","29.45","55.8","39.9","621","point"
"2026-06-09 03:48:00 pm","58.6","49.4","29.45","55.8","39.7","619","point"
"2026-06-09 03:50:00 pm","59.3","50.9","29.45","56.5","41.1","671","point"
"2026-06-09 03:52:00 pm","58.3","51.2","29.45","55.8","40.4","604","point"
"2026-06-09 03:54:00 pm","58.6","52.1","29.45","55.9","41.1","633","point"
"2026-06-09 03:56:00 pm","58.6","53.0","29.46","56.1","41.6","625","point"
"2026-06-09 03:58:00 pm","58.5","53.9","29.45","56.1","41.9","625","point"
"2026-06-09 04:00:00 pm","58.6","53.8","29.45","56.1","41.9","636","point"
"2026-06-09 04:02:00 pm","58.6","52.2","29.45","55.9","41.1","626","point"
"2026-06-09 04:04:00 pm","58.7","52.3","29.45","56.1","41.3","643","point"
"2026-06-09 04:06:00 pm","59.3","52.1","29.45","56.5","41.7","669","point"
"2026-06-09 04:08:00 pm","59.6","54.1","29.44","57.0","43.0","705","point"
"2026-06-09 04:10:00 pm","60.0","53.5","29.45","57.4","43.1","724","point"
"2026-06-09 04:12:00 pm","59.0","53.1","29.45","56.3","41.9","655","point"
"2026-06-09 04:14:00 pm","58.8","54.1","29.45","56.3","42.2","640","point"
"2026-06-09 04:16:00 pm","57.9","53.2","29.45","55.4","41.0","576","point"
"2026-06-09 04:18:00 pm","57.6","54.3","29.45","55.2","41.2","556","point"
"2026-06-09 04:20:00 pm","57.7","54.6","29.46","55.6","41.5","568","point"
"2026-06-09 04:22:00 pm","57.5","54.0","29.46","55.0","40.9","545","point"
"2026-06-09 04:24:00 pm","56.7","54.1","29.45","54.5","40.3","499","point"
"2026-06-09 04:26:00 pm","56.3","54.1","29.46","54.0","39.9","463","point"
"2026-06-09 04:28:00 pm","56.2","55.6","29.45","54.1","40.6","465","point"
"2026-06-09 04:30:00 pm","56.0","56.3","29.45","54.0","40.7","456","point"
"2026-06-09 04:32:00 pm","55.5","56.1","29.45","53.4","40.1","418","point"
"2026-06-09 04:34:00 pm","55.7","57.5","29.45","53.6","41.0","442","point"
"2026-06-09 04:36:00 pm","55.6","57.9","29.45","53.6","41.0","425","point"
"2026-06-09 04:38:00 pm","55.6","58.5","29.45","53.8","41.3","432","point"
"2026-06-09 04:40:00 pm","55.1","58.3","29.45","53.2","40.7","398","point"
"2026-06-09 04:42:00 pm","55.2","58.3","29.46","53.4","40.9","398","point"
"2026-06-09 04:44:00 pm","55.3","58.4","29.45","53.4","41.0","408","point"
"2026-06-09 04:46:00 pm","55.1","58.0","29.45","53.2","40.6","389","point"
"2026-06-09 04:48:00 pm","55.3","59.0","29.45","53.4","41.2","406","point"
"2026-06-09 04:50:00 pm","54.9","57.3","29.45","53.1","40.1","377","point"
"2026-06-09 04:52:00 pm","54.6","56.9","29.46","52.7","39.6","346","point"
"2026-06-09 04:54:00 pm","54.5","57.1","29.45","52.5","39.6","346","point"
"2026-06-09 04:56:00 pm","54.9","57.9","29.46","53.1","40.4","377","point"
"2026-06-09 04:58:00 pm","55.2","59.0","29.45","53.2","41.1","401","point"
"2026-06-09 05:00:00 pm","55.3","58.6","29.46","53.4","41.1","408","point"
"2026-06-09 05:02:00 pm","55.4","58.6","29.46","53.6","41.2","413","point"
"2026-06-09 05:04:00 pm","55.6","58.6","29.45","53.8","41.3","432","point"
"2026-06-09 05:06:00 pm","55.3","57.9","29.45","53.4","40.7","406","point"
