"FORMATTED DATE_TIME","Temperature","Relative Humidity","Station Pressure","Heat Index","Dew Point","Density Altitude","Data Type","Record name","Start time","Duration (H:M:S)","Location description","Location address","Location coordinates","Notes"
"2000-01-01 12:10:00 am","74.6","51.6","29.78","73.6","55.6","1363","point",,,,"PHONE/TABLET LOCATION",,"",
"2000-01-01 12:20:00 am","74.2","52.1","29.78","73.2","55.5","1334","point",,,,"PHONE/TABLET LOCATION",,"",
"2000-01-01 12:30:00 am","74.0","51.9","29.79","73.0","55.2","1312","point",,,,"PHONE/TABLET LOCATION",,"",
"2000-01-01 12:40:00 am","73.9","52.1","29.79","72.9","55.3","1303","point",,,,"PHONE/TABLET LOCATION",,"",
"2000-01-01 12:50:00 am","73.9","51.1","29.79","72.9","54.6","1300","point",,,,"PHONE/TABLET LOCATION",,"",
"2000-01-01 01:00:00 am","73.8","51.5","29.80","72.9","54.8","1288","point",,,,"PHONE/TABLET LOCATION",,"",
"2000-01-01 01:10:00 am","73.8","50.6","29.79","72.9","54.4","1290","point",,,,"PHONE/TABLET LOCATION",,"",
"2000-01-01 01:20:00 am","73.9","50.2","29.79","72.9","54.2","1288","point",,,,"PHONE/TABLET LOCATION",,"",
"2000-01-01 01:30:00 am","73.9","50.0","29.79","72.7","54.1","1298","point",,,,"PHONE/TABLET LOCATION",,"",
"2000-01-01 01:40:00 am","73.9","49.6","29.79","72.7","53.8","1293","point",,,,"PHONE/TABLET LOCATION",,"",
"2000-01-01 01:50:00 am","74.0","49.4","29.79","72.9","53.8","1295","point",,,,"PHONE/TABLET LOCATION",,"",
"2000-01-01 02:00:00 am","74.0","49.0","29.79","72.9","53.6","1298","point",,,,"PHONE/TABLET LOCATION",,"",
"2000-01-01 02:10:00 am","74.1","48.7","29.79","72.9","53.6","1310","point",,,,"PHONE/TABLET LOCATION",,"",
"2000-01-01 02:20:00 am","74.2","49.3","29.79","73.0","54.0","1312","point",,,,"PHONE/TABLET LOCATION",,"",
"2000-01-01 02:30:00 am","74.7","47.8","29.79","73.4","53.6","1349","point",,,,"PHONE/TABLET LOCATION",,"",
"2000-01-01 02:40:00 am","74.4","47.8","29.78","73.0","53.3","1334","point",,,,"PHONE/TABLET LOCATION",,"",
"2000-01-01 02:50:00 am","74.3","47.8","29.79","72.9","53.2","1317","point",,,,"PHONE/TABLET LOCATION",,"",
"2000-01-01 03:00:00 am","74.2","47.5","29.79","72.9","53.0","1310","point",,,,"PHONE/TABLET LOCATION",,"",
"2000-01-01 03:10:00 am","74.3","47.1","29.78","73.0","52.9","1322","point",,,,"PHONE/TABLET LOCATION",,"",
"2000-01-01 03:20:00 am","74.1","46.8","29.78","72.7","52.5","1307","point",,,,"PHONE/TABLET LOCATION",,"",
"2000-01-01 03:30:00 am","74.1","46.8","29.78","72.7","52.4","1312","point",,,,"PHONE/TABLET LOCATION",,"",
"2000-01-01 03:40:00 am","74.0","46.6","29.78","72.5","52.3","1305","point",,,,"PHONE/TABLET LOCATION",,"",
"2000-01-01 03:50:00 am","74.0","46.6","29.77","72.5","52.3","1312","point",,,,"PHONE/TABLET LOCATION",,"",
"2000-01-01 04:00:00 am","74.2","46.6","29.77","72.7","52.4","1320","point",,,,"PHONE/TABLET LOCATION",,"",
"2000-01-01 04:10:00 am","74.0","46.5","29.77","72.5","52.2","1312","point",,,,"PHONE/TABLET LOCATION",,"",
"2000-01-01 04:20:00 am","74.0","46.4","29.77","72.5","52.1","1305","point",,,,"PHONE/TABLET LOCATION",,"",
"2000-01-01 04:30:00 am","73.9","46.3","29.77","72.3","52.0","1310","point",,,,"PHONE/TABLET LOCATION",,"",
"2000-01-01 04:40:00 am","74.0","46.3","29.77","72.5","52.1","1310","point",,,,"PHONE/TABLET LOCATION",,"",
"2000-01-01 04:50:00 am","73.9","46.2","29.77","72.3","51.9","1310","point",,,,"PHONE/TABLET LOCATION",,"",
"2026-06-05 01:43:00 pm","73.9","42.9","29.80","72.1","49.9","1261","point",,,,"PHONE/TABLET LOCATION",,"",
"2026-06-05 01:43:10 pm","74.0","42.9","29.79","72.3","50.1","1273","point",,,,"PHONE/TABLET LOCATION",,"",
"2026-06-05 01:43:15 pm","74.0","43.0","29.80","72.3","50.1","1266","point",,,,"PHONE/TABLET LOCATION",,"",
"2026-06-05 01:43:20 pm","73.9","43.0","29.80","72.1","50.0","1261","point",,,,"PHONE/TABLET LOCATION",,"",
"2026-06-05 01:43:25 pm","73.9","43.0","29.80","72.1","50.0","1261","point",,,,"PHONE/TABLET LOCATION",,"",
"2026-06-05 01:43:30 pm","73.9","43.1","29.80","72.1","50.0","1259","point",,,,"PHONE/TABLET LOCATION",,"",
"2026-06-05 01:43:35 pm","74.0","43.1","29.80","72.3","50.1","1266","point",,,,"PHONE/TABLET LOCATION",,"",
"2026-06-05 01:43:40 pm","73.9","43.1","29.80","72.1","50.1","1266","point",,,,"PHONE/TABLET LOCATION",,"",
"2026-06-05 01:43:45 pm","74.1","43.1","29.80","72.3","50.2","1276","point",,,,"PHONE/TABLET LOCATION",,"",
"2026-06-05 01:43:50 pm","74.0","43.1","29.80","72.3","50.1","1268","point",,,,"PHONE/TABLET LOCATION",,"",
"2026-06-05 01:43:55 pm","74.0","43.0","29.80","72.3","50.1","1268","point",,,,"PHONE/TABLET LOCATION",,"",
"2026-06-05 01:44:00 pm","74.0","43.0","29.80","72.3","50.1","1271","point",,,,"PHONE/TABLET LOCATION",,"",
"2026-06-05 01:45:00 pm","74.0","43.1","29.80","72.3","50.1","1271","point",,,,"PHONE/TABLET LOCATION",,"",
"2026-06-05 01:50:00 pm","74.0","43.1","29.80","72.3","50.2","1271","point",,,,"PHONE/TABLET LOCATION",,"",
"2026-06-05 01:55:00 pm","74.0","42.7","29.80","72.1","50.0","1271","point",,,,"PHONE/TABLET LOCATION",,"",
"2026-06-05 02:00:00 pm","73.7","42.2","29.80","72.0","49.4","1250","point",,,,"PHONE/TABLET LOCATION",,"",
"2026-06-05 02:05:00 pm","74.0","41.6","29.80","72.1","49.2","1266","point",,,,"PHONE/TABLET LOCATION",,"",
"2026-06-05 02:10:00 pm","74.1","41.2","29.80","72.1","49.1","1271","point",,,,"PHONE/TABLET LOCATION",,"",
"2026-06-05 02:15:00 pm","73.9","41.2","29.80","72.0","48.9","1259","point",,,,"PHONE/TABLET LOCATION",,"",
"2026-06-05 02:20:00 pm","73.5","40.6","29.80","71.6","48.1","1225","point",,,,"PHONE/TABLET LOCATION",,"",
"2026-06-05 02:25:00 pm","73.2","41.4","29.80","71.4","48.4","1203","point",,,,"PHONE/TABLET LOCATION",,"",
"2026-06-05 02:30:00 pm","73.3","41.5","29.80","71.4","48.5","1212","point",,,,"PHONE/TABLET LOCATION",,"",
"2026-06-05 02:35:00 pm","73.2","41.5","29.80","71.2","48.4","1198","point",,,,"PHONE/TABLET LOCATION",,"",
"2026-06-05 02:40:00 pm","72.9","41.9","29.80","71.2","48.4","1186","point",,,,"PHONE/TABLET LOCATION",,"",
"2026-06-05 02:45:00 pm","72.6","42.1","29.80","70.9","48.3","1166","point",,,,"PHONE/TABLET LOCATION",,"",
"2026-06-05 02:50:00 pm","72.8","41.8","29.80","71.1","48.3","1178","point",,,,"PHONE/TABLET LOCATION",,"",
"2026-06-05 02:55:00 pm","73.2","42.5","29.80","71.6","49.1","1203","point",,,,"PHONE/TABLET LOCATION",,"",
"2026-06-05 03:00:00 pm","73.5","41.2","29.80","71.6","48.5","1225","point",,,,"PHONE/TABLET LOCATION",,"",
"2026-06-05 03:30:00 pm","76.1","40.0","29.80","73.6","50.0","1390","point",,,,"PHONE/TABLET LOCATION",,"",
"2026-06-05 03:35:00 pm","75.9","40.4","29.80","73.8","50.2","1383","point",,,,"PHONE/TABLET LOCATION",,"",
"2026-06-05 03:40:00 pm","75.8","40.8","29.80","73.6","50.3","1380","point",,,,"PHONE/TABLET LOCATION",,"",
"2026-06-05 03:45:00 pm","75.6","40.8","29.81","73.4","50.1","1361","point",,,,"PHONE/TABLET LOCATION",,"",
"2026-06-05 03:50:00 pm","75.7","41.0","29.81","73.4","50.4","1363","point",,,,"PHONE/TABLET LOCATION",,"",
"2026-06-05 03:55:00 pm","75.8","40.6","29.81","73.6","50.2","1371","point",,,,"PHONE/TABLET LOCATION",,"",
"2026-06-05 04:00:00 pm","75.9","41.0","29.80","73.6","50.5","1383","point",,,,"PHONE/TABLET LOCATION",,"",
"2026-06-05 04:05:00 pm","75.9","40.5","29.81","73.6","50.2","1378","point",,,,"PHONE/TABLET LOCATION",,"",
"2026-06-05 04:10:00 pm","75.8","40.2","29.80","73.6","49.9","1378","point",,,,"PHONE/TABLET LOCATION",,"",
"2026-06-05 04:15:00 pm","75.2","41.1","29.80","73.2","50.0","1337","point",,,,"PHONE/TABLET LOCATION",,"",
"2026-06-05 04:20:00 pm","74.7","41.9","29.81","72.9","50.1","1303","point",,,,"PHONE/TABLET LOCATION",,"",
"2026-06-05 04:25:00 pm","74.8","41.5","29.80","72.7","49.9","1310","point",,,,"PHONE/TABLET LOCATION",,"",
"2026-06-05 04:30:00 pm","75.3","40.4","29.80","73.0","49.6","1339","point",,,,"PHONE/TABLET LOCATION",,"",
"2026-06-05 04:35:00 pm","75.0","40.7","29.80","72.9","49.5","1320","point",,,,"PHONE/TABLET LOCATION",,"",
"2026-06-05 04:40:00 pm","74.7","41.2","29.80","72.7","49.6","1300","point",,,,"PHONE/TABLET LOCATION",,"",
"2026-06-05 04:45:00 pm","74.4","42.1","29.80","72.5","49.9","1288","point",,,,"PHONE/TABLET LOCATION",,"",
"2026-06-05 04:50:00 pm","74.2","42.4","29.80","72.3","49.9","1273","point",,,,"PHONE/TABLET LOCATION",,"",
"2026-06-05 04:55:00 pm","74.2","42.9","29.80","72.3","50.1","1278","point",,,,"PHONE/TABLET LOCATION",,"",
"2026-06-05 05:00:00 pm","74.0","43.3","29.80","72.3","50.3","1266","point",,,,"PHONE/TABLET LOCATION",,"",
"2026-06-05 05:05:00 pm","73.9","43.3","29.80","72.1","50.1","1254","point",,,,"PHONE/TABLET LOCATION",,"",
"2026-06-05 05:10:00 pm","73.9","43.4","29.80","72.1","50.2","1256","point",,,,"PHONE/TABLET LOCATION",,"",
"2026-06-05 05:15:00 pm","73.9","43.5","29.80","72.1","50.3","1256","point",,,,"PHONE/TABLET LOCATION",,"",
"2026-06-05 05:20:00 pm","73.9","43.5","29.80","72.1","50.3","1259","point",,,,"PHONE/TABLET LOCATION",,"",
"2026-06-05 05:25:00 pm","73.9","43.3","29.80","72.1","50.2","1256","point",,,,"PHONE/TABLET LOCATION",,"",
"2026-06-05 05:30:00 pm","73.7","43.3","29.80","72.0","50.1","1247","point",,,,"PHONE/TABLET LOCATION",,"",
"2026-06-05 05:35:00 pm","73.9","43.2","29.80","72.1","50.1","1256","point",,,,"PHONE/TABLET LOCATION",,"",
"2026-06-05 05:40:00 pm","73.7","43.2","29.80","72.0","50.0","1247","point",,,,"PHONE/TABLET LOCATION",,"",
"2026-06-05 05:45:00 pm","74.3","43.2","29.80","72.5","50.5","1285","point",,,,"PHONE/TABLET LOCATION",,"",
"2026-06-05 05:50:00 pm","74.8","42.7","29.80","72.9","50.6","1324","point",,,,"PHONE/TABLET LOCATION",,"",
"2026-06-05 05:55:00 pm","75.4","42.3","29.80","73.4","50.9","1356","point",,,,"PHONE/TABLET LOCATION",,"",
"2026-06-05 06:00:00 pm","75.7","41.5","29.80","73.4","50.6","1373","point",,,,"PHONE/TABLET LOCATION",,"",
"2026-06-05 06:05:00 pm","75.8","41.7","29.80","73.6","50.9","1390","point",,,,"PHONE/TABLET LOCATION",,"",
"2026-06-05 06:10:00 pm","75.8","39.2","29.80","73.4","49.2","1378","point",,,,"PHONE/TABLET LOCATION",,"",
"2026-06-05 06:15:00 pm","75.4","38.4","29.80","73.0","48.3","1339","point",,,,"PHONE/TABLET LOCATION",,"",
"2026-06-05 06:20:00 pm","75.1","37.9","29.80","72.7","47.8","1324","point",,,,"PHONE/TABLET LOCATION",,"",
"2026-06-05 06:25:00 pm","74.1","37.4","29.80","71.8","46.5","1251","point",,,,"PHONE/TABLET LOCATION",,"",
"2026-06-05 06:30:00 pm","73.4","38.2","29.80","71.1","46.4","1210","point",,,,"PHONE/TABLET LOCATION",,"",
"2026-06-05 06:35:00 pm","73.1","38.5","29.80","71.1","46.4","1191","point",,,,"PHONE/TABLET LOCATION",,"",
"2026-06-05 06:40:00 pm","72.9","38.6","29.80","71.1","46.2","1178","point",,,,"PHONE/TABLET LOCATION",,"",
"2026-06-05 06:45:00 pm","73.1","39.4","29.80","71.1","47.0","1191","point",,,,"PHONE/TABLET LOCATION",,"",
"2026-06-05 06:50:00 pm","73.1","39.1","29.79","71.1","46.7","1198","point",,,,"PHONE/TABLET LOCATION",,"",
"2026-06-05 06:55:00 pm","73.0","40.1","29.80","71.1","47.4","1193","point",,,,"PHONE/TABLET LOCATION",,"",
"2026-06-05 07:00:00 pm","73.2","40.4","29.80","71.4","47.7","1208","point",,,,"PHONE/TABLET LOCATION",,"",
"2026-06-05 07:05:00 pm","73.2","40.7","29.80","71.4","47.9","1203","point",,,,"PHONE/TABLET LOCATION",,"",
"2026-06-05 07:10:00 pm","73.4","40.7","29.79","71.4","48.1","1225","point",,,,"PHONE/TABLET LOCATION",,"",
"2026-06-05 07:15:00 pm","73.5","41.2","29.79","71.6","48.5","1230","point",,,,"PHONE/TABLET LOCATION",,"",
"2026-06-05 07:20:00 pm","73.5","41.2","29.79","71.6","48.5","1234","point",,,,"PHONE/TABLET LOCATION",,"",
"2026-06-05 07:25:00 pm","73.4","41.3","29.80","71.6","48.5","1225","point",,,,"PHONE/TABLET LOCATION",,"",
"2026-06-05 07:30:00 pm","73.3","41.2","29.80","71.4","48.4","1220","point",,,,"PHONE/TABLET LOCATION",,"",
"2026-06-05 07:35:00 pm","73.2","41.2","29.80","71.4","48.3","1210","point",,,,"PHONE/TABLET LOCATION",,"",
"2026-06-05 07:40:00 pm","73.1","41.2","29.80","71.2","48.2","1205","point",,,,"PHONE/TABLET LOCATION",,"",
"2026-06-05 07:45:00 pm","73.1","41.2","29.80","71.2","48.2","1203","point",,,,"PHONE/TABLET LOCATION",,"",
"2026-06-05 07:50:00 pm","73.0","41.5","29.80","71.2","48.3","1198","point",,,,"PHONE/TABLET LOCATION",,"",
"2026-06-05 07:55:00 pm","72.8","41.4","29.80","71.1","48.0","1176","point",,,,"PHONE/TABLET LOCATION",,"",
"2026-06-05 08:00:00 pm","72.7","41.8","29.80","71.1","48.2","1176","point",,,,"PHONE/TABLET LOCATION",,"",
"2026-06-05 08:05:00 pm","72.5","41.9","29.80","70.9","48.1","1159","point",,,,"PHONE/TABLET LOCATION",,"",
"2026-06-05 08:10:00 pm","72.4","42.5","29.80","70.7","48.3","1147","point",,,,"PHONE/TABLET LOCATION",,"",
"2026-06-05 08:15:00 pm","72.3","42.2","29.80","70.7","48.1","1147","point",,,,"PHONE/TABLET LOCATION",,"",
"2026-06-05 08:20:00 pm","72.3","41.9","29.81","70.7","47.9","1139","point",,,,"PHONE/TABLET LOCATION",,"",
"2026-06-05 08:25:00 pm","72.3","42.3","29.80","70.7","48.2","1144","point",,,,"PHONE/TABLET LOCATION",,"",
"2026-06-05 08:30:00 pm","72.3","42.4","29.81","70.7","48.2","1137","point",,,,"PHONE/TABLET LOCATION",,"",
"2026-06-05 08:35:00 pm","72.3","42.1","29.81","70.7","47.9","1135","point",,,,"PHONE/TABLET LOCATION",,"",
"2026-06-05 08:40:00 pm","72.2","42.4","29.81","70.7","48.1","1125","point",,,,"PHONE/TABLET LOCATION",,"",
"2026-06-05 08:45:00 pm","72.1","42.2","29.81","70.5","47.9","1120","point",,,,"PHONE/TABLET LOCATION",,"",
"2026-06-05 08:50:00 pm","72.1","42.4","29.81","70.5","48.0","1122","point",,,,"PHONE/TABLET LOCATION",,"",
"2026-06-05 08:55:00 pm","72.0","42.5","29.81","70.5","48.0","1118","point",,,,"PHONE/TABLET LOCATION",,"",
"2026-06-05 09:00:00 pm","72.0","42.7","29.81","70.5","48.1","1110","point",,,,"PHONE/TABLET LOCATION",,"",
"2026-06-05 09:05:00 pm","72.0","43.1","29.81","70.5","48.3","1110","point",,,,"PHONE/TABLET LOCATION",,"",
"2026-06-05 09:10:00 pm","72.0","43.5","29.81","70.7","48.7","1118","point",,,,"PHONE/TABLET LOCATION",,"",
"2026-06-05 09:15:00 pm","72.1","44.0","29.81","70.7","49.0","1125","point",,,,"PHONE/TABLET LOCATION",,"",
"2026-06-05 09:20:00 pm","72.2","44.1","29.81","70.9","49.1","1130","point",,,,"PHONE/TABLET LOCATION",,"",
"2026-06-05 09:25:00 pm","72.1","43.9","29.82","70.9","48.9","1122","point",,,,"PHONE/TABLET LOCATION",,"",
"2026-06-05 09:30:00 pm","72.1","44.6","29.81","70.7","49.4","1127","point",,,,"PHONE/TABLET LOCATION",,"",
"2026-06-05 09:35:00 pm","72.1","44.9","29.81","70.7","49.5","1125","point",,,,"PHONE/TABLET LOCATION",,"",
"2026-06-05 09:40:00 pm","72.0","44.5","29.81","70.7","49.2","1120","point",,,,"PHONE/TABLET LOCATION",,"",
"2026-06-05 09:45:00 pm","71.9","44.7","29.82","70.5","49.2","1110","point",,,,"PHONE/TABLET LOCATION",,"",
"2026-06-05 09:50:00 pm","71.8","45.2","29.81","70.7","49.4","1113","point",,,,"PHONE/TABLET LOCATION",,"",
"2026-06-05 09:55:00 pm","71.8","45.2","29.81","70.7","49.4","1105","point",,,,"PHONE/TABLET LOCATION",,"",
"2026-06-05 10:00:00 pm","71.7","45.4","29.81","70.5","49.5","1103","point",,,,"PHONE/TABLET LOCATION",,"",
"2026-06-05 10:05:00 pm","71.7","45.8","29.81","70.5","49.7","1108","point",,,,"PHONE/TABLET LOCATION",,"",
"2026-06-05 10:10:00 pm","71.6","45.8","29.81","70.5","49.6","1103","point",,,,"PHONE/TABLET LOCATION",,"",
"2026-06-05 10:15:00 pm","71.5","45.8","29.81","70.3","49.6","1096","point",,,,"PHONE/TABLET LOCATION",,"",
"2026-06-05 10:20:00 pm","71.5","45.7","29.81","70.3","49.4","1093","point",,,,"PHONE/TABLET LOCATION",,"",
"2026-06-05 10:25:00 pm","71.4","46.0","29.81","70.2","49.5","1088","point",,,,"PHONE/TABLET LOCATION",,"",
"2026-06-05 10:30:00 pm","71.4","46.0","29.81","70.2","49.6","1083","point",,,,"PHONE/TABLET LOCATION",,"",
"2026-06-05 10:35:00 pm","71.4","46.3","29.81","70.2","49.7","1083","point",,,,"PHONE/TABLET LOCATION",,"",
"2026-06-05 10:40:00 pm","71.3","46.2","29.81","70.2","49.6","1076","point",,,,"PHONE/TABLET LOCATION",,"",
"2026-06-05 10:45:00 pm","71.3","46.6","29.81","70.2","49.8","1083","point",,,,"PHONE/TABLET LOCATION",,"",
"2026-06-05 10:50:00 pm","71.3","46.7","29.80","70.2","49.9","1086","point",,,,"PHONE/TABLET LOCATION",,"",
"2026-06-05 10:55:00 pm","71.2","46.8","29.80","70.0","49.9","1083","point",,,,"PHONE/TABLET LOCATION",,"",
"2026-06-05 11:00:00 pm","71.2","46.8","29.80","70.0","49.8","1081","point",,,,"PHONE/TABLET LOCATION",,"",
"2026-06-05 11:05:00 pm","71.2","46.8","29.80","70.0","49.8","1083","point",,,,"PHONE/TABLET LOCATION",,"",
"2026-06-05 11:10:00 pm","71.1","47.0","29.80","70.0","49.8","1079","point",,,,"PHONE/TABLET LOCATION",,"",
"2026-06-05 11:15:00 pm","71.0","47.1","29.80","69.8","49.8","1076","point",,,,"PHONE/TABLET LOCATION",,"",
"2026-06-05 11:20:00 pm","71.0","47.3","29.80","69.8","49.9","1076","point",,,,"PHONE/TABLET LOCATION",,"",
"2026-06-05 11:25:00 pm","71.0","47.2","29.79","69.8","49.9","1079","point",,,,"PHONE/TABLET LOCATION",,"",
"2026-06-05 11:30:00 pm","70.9","47.3","29.80","69.8","49.9","1071","point",,,,"PHONE/TABLET LOCATION",,"",
"2026-06-05 11:35:00 pm","70.8","47.5","29.79","70.0","49.9","1074","point",,,,"PHONE/TABLET LOCATION",,"",
"2026-06-05 11:40:00 pm","70.8","47.6","29.79","70.0","49.9","1074","point",,,,"PHONE/TABLET LOCATION",,"",
"2026-06-05 11:45:00 pm","70.8","50.0","29.79","70.0","51.3","1079","point",,,,"PHONE/TABLET LOCATION",,"",
"2026-06-05 11:50:00 pm","70.8","50.2","29.78","70.2","51.4","1093","point",,,,"PHONE/TABLET LOCATION",,"",
"2026-06-05 11:55:00 pm","70.8","50.0","29.78","70.0","51.2","1086","point",,,,"PHONE/TABLET LOCATION",,"",
"2026-06-06 12:00:00 am","70.8","49.9","29.78","70.0","51.2","1088","point",,,,"PHONE/TABLET LOCATION",,"",
"2026-06-06 12:05:00 am","70.7","49.9","29.78","70.0","51.2","1088","point",,,,"PHONE/TABLET LOCATION",,"",
"2026-06-06 12:10:00 am","70.7","49.9","29.78","69.6","51.1","1083","point",,,,"PHONE/TABLET LOCATION",,"",
"2026-06-06 12:15:00 am","70.7","49.7","29.78","69.6","51.0","1083","point",,,,"PHONE/TABLET LOCATION",,"",
"2026-06-06 12:20:00 am","70.6","49.7","29.78","69.6","51.0","1079","point",,,,"PHONE/TABLET LOCATION",,"",
"2026-06-06 12:25:00 am","70.6","49.6","29.78","69.6","50.9","1081","point",,,,"PHONE/TABLET LOCATION",,"",
"2026-06-06 12:30:00 am","70.6","49.7","29.77","69.6","50.9","1083","point",,,,"PHONE/TABLET LOCATION",,"",
"2026-06-06 12:35:00 am","70.5","49.6","29.77","69.6","50.8","1086","point",,,,"PHONE/TABLET LOCATION",,"",
"2026-06-06 12:40:00 am","70.5","49.7","29.77","69.6","50.8","1086","point",,,,"PHONE/TABLET LOCATION",,"",
"2026-06-06 12:45:00 am","70.5","49.9","29.77","69.4","50.9","1083","point",,,,"PHONE/TABLET LOCATION",,"",
"2026-06-06 12:50:00 am","70.4","49.7","29.77","69.4","50.7","1076","point",,,,"PHONE/TABLET LOCATION",,"",
"2026-06-06 12:55:00 am","70.3","49.7","29.77","69.1","50.6","1069","point",,,,"PHONE/TABLET LOCATION",,"",
"2026-06-06 01:00:00 am","70.3","49.9","29.76","69.1","50.8","1079","point",,,,"PHONE/TABLET LOCATION",,"",
"2026-06-06 01:05:00 am","70.3","49.8","29.76","69.1","50.7","1076","point",,,,"PHONE/TABLET LOCATION",,"",
"2026-06-06 01:10:00 am","70.3","49.9","29.76","69.1","50.7","1074","point",,,,"PHONE/TABLET LOCATION",,"",
"2026-06-06 01:15:00 am","70.2","49.9","29.76","69.1","50.7","1074","point",,,,"PHONE/TABLET LOCATION",,"",
"2026-06-06 01:20:00 am","70.2","50.0","29.76","69.1","50.7","1076","point",,,,"PHONE/TABLET LOCATION",,"",
"2026-06-06 01:25:00 am","70.1","49.9","29.76","68.9","50.6","1071","point",,,,"PHONE/TABLET LOCATION",,"",
"2026-06-06 01:30:00 am","70.1","50.0","29.75","68.9","50.6","1076","point",,,,"PHONE/TABLET LOCATION",,"",
"2026-06-06 01:35:00 am","70.1","50.0","29.75","68.9","50.6","1076","point",,,,"PHONE/TABLET LOCATION",,"",
"2026-06-06 01:40:00 am","70.1","50.1","29.75","69.1","50.6","1069","point",,,,"PHONE/TABLET LOCATION",,"",
"2026-06-06 01:45:00 am","70.1","50.0","29.75","68.9","50.5","1069","point",,,,"PHONE/TABLET LOCATION",,"",
"2026-06-06 01:50:00 am","70.0","50.0","29.75","69.1","50.6","1066","point",,,,"PHONE/TABLET LOCATION",,"",
"2026-06-06 01:55:00 am","70.0","50.2","29.75","69.1","50.6","1066","point",,,,"PHONE/TABLET LOCATION",,"",
"2026-06-06 02:00:00 am","69.9","50.3","29.75","68.7","50.6","1069","point",,,,"PHONE/TABLET LOCATION",,"",
"2026-06-06 02:05:00 am","69.9","50.2","29.75","68.7","50.5","1069","point",,,,"PHONE/TABLET LOCATION",,"",
"2026-06-06 02:10:00 am","69.9","50.4","29.74","68.7","50.6","1074","point",,,,"PHONE/TABLET LOCATION",,"",
"2026-06-06 02:15:00 am","69.8","50.4","29.75","68.7","50.6","1064","point",,,,"PHONE/TABLET LOCATION",,"",
"2026-06-06 02:20:00 am","69.8","50.5","29.75","68.5","50.6","1059","point",,,,"PHONE/TABLET LOCATION",,"",
"2026-06-06 02:25:00 am","69.7","50.6","29.75","68.5","50.6","1059","point",,,,"PHONE/TABLET LOCATION",,"",
"2026-06-06 02:30:00 am","69.7","50.7","29.74","68.5","50.7","1066","point",,,,"PHONE/TABLET LOCATION",,"",
"2026-06-06 02:35:00 am","69.7","50.8","29.74","68.5","50.6","1062","point",,,,"PHONE/TABLET LOCATION",,"",
"2026-06-06 02:40:00 am","69.7","50.9","29.74","68.5","50.6","1064","point",,,,"PHONE/TABLET LOCATION",,"",
"2026-06-06 02:45:00 am","69.6","50.9","29.74","68.5","50.6","1064","point",,,,"PHONE/TABLET LOCATION",,"",
"2026-06-06 02:50:00 am","69.6","51.0","29.73","68.2","50.7","1064","point",,,,"PHONE/TABLET LOCATION",,"",
"2026-06-06 02:55:00 am","69.6","51.1","29.73","68.2","50.7","1064","point",,,,"PHONE/TABLET LOCATION",,"",
"2026-06-06 03:00:00 am","69.5","51.2","29.73","68.2","50.7","1064","point",,,,"PHONE/TABLET LOCATION",,"",
"2026-06-06 03:05:00 am","69.5","51.1","29.73","68.2","50.7","1066","point",,,,"PHONE/TABLET LOCATION",,"",
"2026-06-06 03:10:00 am","69.5","51.3","29.72","68.2","50.8","1071","point",,,,"PHONE/TABLET LOCATION",,"",
"2026-06-06 03:15:00 am","69.5","51.5","29.73","68.2","50.9","1066","point",,,,"PHONE/TABLET LOCATION",,"",
"2026-06-06 03:20:00 am","69.5","51.5","29.72","68.2","50.8","1069","point",,,,"PHONE/TABLET LOCATION",,"",
"2026-06-06 03:25:00 am","69.4","51.5","29.72","68.0","50.8","1069","point",,,,"PHONE/TABLET LOCATION",,"",
"2026-06-06 03:30:00 am","69.4","51.6","29.72","68.0","50.8","1069","point",,,,"PHONE/TABLET LOCATION",,"",
"2026-06-06 03:35:00 am","69.4","51.7","29.72","68.0","50.8","1071","point",,,,"PHONE/TABLET LOCATION",,"",
"2026-06-06 03:40:00 am","69.4","51.8","29.72","68.0","50.9","1071","point",,,,"PHONE/TABLET LOCATION",,"",
"2026-06-06 03:45:00 am","69.4","51.8","29.71","68.0","50.9","1074","point",,,,"PHONE/TABLET LOCATION",,"",
"2026-06-06 03:50:00 am","69.3","51.8","29.72","68.0","50.9","1066","point",,,,"PHONE/TABLET LOCATION",,"",
"2026-06-06 03:55:00 am","69.3","51.9","29.71","68.0","50.9","1074","point",,,,"PHONE/TABLET LOCATION",,"",
"2026-06-06 04:00:00 am","69.3","52.0","29.71","68.0","50.9","1066","point",,,,"PHONE/TABLET LOCATION",,"",
"2026-06-06 04:05:00 am","69.3","52.0","29.71","68.0","50.9","1066","point",,,,"PHONE/TABLET LOCATION",,"",
"2026-06-06 04:10:00 am","69.3","52.1","29.71","68.0","50.9","1071","point",,,,"PHONE/TABLET LOCATION",,"",
"2026-06-06 04:15:00 am","69.2","52.1","29.71","67.8","50.9","1069","point",,,,"PHONE/TABLET LOCATION",,"",
"2026-06-06 04:20:00 am","69.3","52.2","29.71","68.0","51.0","1071","point",,,,"PHONE/TABLET LOCATION",,"",
"2026-06-06 04:25:00 am","69.2","52.2","29.70","67.8","51.0","1074","point",,,,"PHONE/TABLET LOCATION",,"",
"2026-06-06 04:30:00 am","69.2","52.3","29.70","67.8","51.0","1074","point",,,,"PHONE/TABLET LOCATION",,"",
"2026-06-06 04:35:00 am","69.2","52.3","29.70","67.8","51.0","1076","point",,,,"PHONE/TABLET LOCATION",,"",
"2026-06-06 04:40:00 am","69.2","52.5","29.70","67.8","51.1","1076","point",,,,"PHONE/TABLET LOCATION",,"",
"2026-06-06 04:45:00 am","69.1","52.4","29.70","67.8","51.0","1076","point",,,,"PHONE/TABLET LOCATION",,"",
"2026-06-06 04:50:00 am","69.1","52.6","29.70","68.0","51.1","1076","point",,,,"PHONE/TABLET LOCATION",,"",
"2026-06-06 04:55:00 am","69.1","52.6","29.70","68.0","51.1","1079","point",,,,"PHONE/TABLET LOCATION",,"",
"2026-06-06 05:00:00 am","69.1","52.6","29.70","68.0","51.1","1079","point",,,,"PHONE/TABLET LOCATION",,"",
"2026-06-06 05:05:00 am","69.1","52.8","29.70","68.0","51.2","1079","point",,,,"PHONE/TABLET LOCATION",,"",
"2026-06-06 05:10:00 am","69.1","52.8","29.70","68.0","51.2","1079","point",,,,"PHONE/TABLET LOCATION",,"",
"2026-06-06 05:15:00 am","69.1","53.0","29.69","67.6","51.2","1081","point",,,,"PHONE/TABLET LOCATION",,"",
"2026-06-06 05:20:00 am","69.1","53.0","29.69","67.6","51.2","1081","point",,,,"PHONE/TABLET LOCATION",,"",
"2026-06-06 05:25:00 am","69.1","53.0","29.69","68.0","51.2","1091","point",,,,"PHONE/TABLET LOCATION",,"",
"2026-06-06 05:30:00 am","69.0","53.0","29.69","67.6","51.2","1083","point",,,,"PHONE/TABLET LOCATION",,"",
"2026-06-06 05:35:00 am","69.0","53.2","29.68","67.6","51.3","1091","point",,,,"PHONE/TABLET LOCATION",,"",
"2026-06-06 05:40:00 am","69.1","53.3","29.68","67.6","51.4","1096","point",,,,"PHONE/TABLET LOCATION",,"",
"2026-06-06 05:45:00 am","69.0","53.3","29.68","67.6","51.4","1091","point",,,,"PHONE/TABLET LOCATION",,"",
"2026-06-06 05:50:00 am","69.1","53.4","29.68","67.6","51.5","1098","point",,,,"PHONE/TABLET LOCATION",,"",
"2026-06-06 05:55:00 am","69.0","53.5","29.67","67.6","51.4","1098","point",,,,"PHONE/TABLET LOCATION",,"",
"2026-06-06 06:00:00 am","69.0","53.5","29.67","67.6","51.5","1101","point",,,,"PHONE/TABLET LOCATION",,"",
"2026-06-06 06:05:00 am","69.1","53.6","29.67","67.6","51.5","1108","point",,,,"PHONE/TABLET LOCATION",,"",
"2026-06-06 06:10:00 am","69.0","53.6","29.67","67.6","51.5","1113","point",,,,"PHONE/TABLET LOCATION",,"",
"2026-06-06 06:15:00 am","69.0","53.7","29.67","67.6","51.5","1108","point",,,,"PHONE/TABLET LOCATION",,"",
"2026-06-06 06:20:00 am","69.0","53.7","29.67","67.6","51.5","1113","point",,,,"PHONE/TABLET LOCATION",,"",
"2026-06-06 06:25:00 am","69.1","53.6","29.67","67.6","51.5","1115","point",,,,"PHONE/TABLET LOCATION",,"",
"2026-06-06 06:30:00 am","69.1","53.6","29.66","67.6","51.5","1118","point",,,,"PHONE/TABLET LOCATION",,"",
"2026-06-06 06:35:00 am","69.0","53.8","29.66","67.6","51.6","1115","point",,,,"PHONE/TABLET LOCATION",,"",
"2026-06-06 06:40:00 am","69.0","53.6","29.67","67.6","51.5","1113","point",,,,"PHONE/TABLET LOCATION",,"",
"2026-06-06 06:45:00 am","69.0","53.6","29.66","67.6","51.5","1115","point",,,,"PHONE/TABLET LOCATION",,"",
"2026-06-06 06:50:00 am","68.9","53.6","29.66","67.6","51.4","1115","point",,,,"PHONE/TABLET LOCATION",,"",
"2026-06-06 06:55:00 am","68.9","53.7","29.66","67.6","51.5","1115","point",,,,"PHONE/TABLET LOCATION",,"",
"2026-06-06 07:00:00 am","68.9","53.7","29.65","67.6","51.4","1120","point",,,,"PHONE/TABLET LOCATION",,"",
"2026-06-06 07:05:00 am","69.0","53.7","29.65","67.6","51.5","1125","point",,,,"PHONE/TABLET LOCATION",,"",
"2026-06-06 07:10:00 am","69.0","53.8","29.65","67.6","51.6","1135","point",,,,"PHONE/TABLET LOCATION",,"",
"2026-06-06 07:15:00 am","69.1","53.7","29.65","67.6","51.6","1135","point",,,,"PHONE/TABLET LOCATION",,"",
"2026-06-06 07:20:00 am","69.1","53.7","29.65","68.0","51.6","1139","point",,,,"PHONE/TABLET LOCATION",,"",
"2026-06-06 07:25:00 am","69.2","53.6","29.65","68.0","51.6","1144","point",,,,"PHONE/TABLET LOCATION",,"",
"2026-06-06 07:30:00 am","69.3","53.6","29.65","68.2","51.7","1152","point",,,,"PHONE/TABLET LOCATION",,"",
"2026-06-06 07:35:00 am","69.2","53.6","29.65","68.0","51.7","1142","point",,,,"PHONE/TABLET LOCATION",,"",
"2026-06-06 07:40:00 am","69.1","53.7","29.65","68.0","51.7","1144","point",,,,"PHONE/TABLET LOCATION",,"",
"2026-06-06 07:45:00 am","69.1","53.7","29.65","68.0","51.6","1137","point",,,,"PHONE/TABLET LOCATION",,"",
"2026-06-06 07:50:00 am","69.1","53.8","29.64","67.6","51.6","1142","point",,,,"PHONE/TABLET LOCATION",,"",
"2026-06-06 07:55:00 am","69.0","53.7","29.65","67.6","51.5","1132","point",,,,"PHONE/TABLET LOCATION",,"",
"2026-06-06 08:00:00 am","69.0","53.8","29.64","67.6","51.5","1135","point",,,,"PHONE/TABLET LOCATION",,"",
"2026-06-06 08:05:00 am","68.9","53.8","29.64","67.6","51.5","1132","point",,,,"PHONE/TABLET LOCATION",,"",
"2026-06-06 08:10:00 am","69.0","53.8","29.64","67.6","51.6","1142","point",,,,"PHONE/TABLET LOCATION",,"",
"2026-06-06 08:15:00 am","69.1","53.6","29.64","68.0","51.6","1154","point",,,,"PHONE/TABLET LOCATION",,"",
"2026-06-06 08:20:00 am","69.3","53.3","29.64","68.2","51.6","1159","point",,,,"PHONE/TABLET LOCATION",,"",
"2026-06-06 08:25:00 am","69.4","53.1","29.63","68.2","51.6","1174","point",,,,"PHONE/TABLET LOCATION",,"",
"2026-06-06 08:30:00 am","69.4","52.9","29.63","68.2","51.5","1181","point",,,,"PHONE/TABLET LOCATION",,"",
"2026-06-06 08:35:00 am","69.4","52.8","29.63","68.2","51.5","1174","point",,,,"PHONE/TABLET LOCATION",,"",
"2026-06-06 08:40:00 am","69.4","52.7","29.63","68.2","51.4","1178","point",,,,"PHONE/TABLET LOCATION",,"",
"2026-06-06 08:45:00 am","69.5","52.8","29.63","68.4","51.5","1183","point",,,,"PHONE/TABLET LOCATION",,"",
"2026-06-06 08:50:00 am","69.6","52.5","29.63","68.7","51.5","1195","point",,,,"PHONE/TABLET LOCATION",,"",
"2026-06-06 08:55:00 am","69.7","52.6","29.62","68.7","51.6","1203","point",,,,"PHONE/TABLET LOCATION",,"",
"2026-06-06 09:00:00 am","69.6","52.5","29.63","68.5","51.5","1191","point",,,,"PHONE/TABLET LOCATION",,"",
"2026-06-06 09:05:00 am","69.6","52.7","29.62","68.7","51.6","1198","point",,,,"PHONE/TABLET LOCATION",,"",
"2026-06-06 09:10:00 am","69.7","52.7","29.62","68.7","51.6","1200","point",,,,"PHONE/TABLET LOCATION",,"",
"2026-06-06 09:15:00 am","69.7","52.8","29.62","68.7","51.7","1203","point",,,,"PHONE/TABLET LOCATION",,"",
"2026-06-06 09:20:00 am","69.7","52.9","29.62","68.7","51.8","1210","point",,,,"PHONE/TABLET LOCATION",,"",
"2026-06-06 09:25:00 am","69.9","53.2","29.62","68.9","52.1","1220","point",,,,"PHONE/TABLET LOCATION",,"",
"2026-06-06 09:30:00 am","70.1","53.3","29.61","69.3","52.3","1242","point",,,,"PHONE/TABLET LOCATION",,"",
"2026-06-06 09:35:00 am","70.1","53.9","29.62","69.3","52.7","1244","point",,,,"PHONE/TABLET LOCATION",,"",
"2026-06-06 09:40:00 am","70.1","53.6","29.62","69.3","52.5","1247","point",,,,"PHONE/TABLET LOCATION",,"",
"2026-06-06 09:45:00 am","70.5","53.3","29.62","70.0","52.8","1271","point",,,,"PHONE/TABLET LOCATION",,"",
"2026-06-06 09:50:00 am","70.9","52.7","29.62","70.3","52.8","1298","point",,,,"PHONE/TABLET LOCATION",,"",
"2026-06-06 09:55:00 am","71.3","52.5","29.61","70.7","53.0","1332","point",,,,"PHONE/TABLET LOCATION",,"",
"2026-06-06 10:00:00 am","71.6","52.6","29.61","71.1","53.3","1354","point",,,,"PHONE/TABLET LOCATION",,"",
"2026-06-06 10:05:00 am","72.0","52.7","29.61","71.4","53.8","1378","point",,,,"PHONE/TABLET LOCATION",,"",
"2026-06-06 10:10:00 am","72.6","52.7","29.60","72.0","54.3","1425","point",,,,"PHONE/TABLET LOCATION",,"",
"2026-06-06 10:12:00 am","72.6","52.4","29.60","71.8","54.1","1422","point",,,,"PHONE/TABLET LOCATION",,"",
"2026-06-06 10:14:00 am","72.8","52.2","29.61","72.0","54.3","1439","point",,,,"PHONE/TABLET LOCATION",,"",
"2026-06-06 10:16:00 am","72.8","51.7","29.61","72.0","54.0","1432","point",,,,"PHONE/TABLET LOCATION",,"",
"2026-06-06 10:18:00 am","72.8","51.9","29.61","72.0","54.1","1432","point",,,,"PHONE/TABLET LOCATION",,"",
"2026-06-06 10:20:00 am","72.7","52.0","29.60","72.0","54.1","1432","point",,,,"PHONE/TABLET LOCATION",,"",
"2026-06-06 10:22:00 am","72.7","51.7","29.60","72.0","53.9","1432","point",,,,"PHONE/TABLET LOCATION",,"",
"2026-06-06 10:24:00 am","72.6","51.7","29.61","71.8","53.8","1417","point",,,,"PHONE/TABLET LOCATION",,"",
"2026-06-06 10:26:00 am","72.4","51.7","29.61","71.6","53.6","1402","point",,,,"PHONE/TABLET LOCATION",,"",
"2026-06-06 10:28:00 am","72.3","51.8","29.61","71.4","53.6","1402","point",,,,"PHONE/TABLET LOCATION",,"",
"2026-06-06 10:30:00 am","72.6","51.8","29.61","71.8","53.9","1412","point",,,,"PHONE/TABLET LOCATION",,"",
"2026-06-06 10:32:00 am","72.8","51.9","29.60","72.0","54.1","1439","point",,,,"PHONE/TABLET LOCATION",,"",
"2026-06-06 10:34:00 am","73.1","52.2","29.60","72.3","54.6","1464","point",,,,"PHONE/TABLET LOCATION",,"",
"2026-06-06 10:36:00 am","73.6","51.9","29.60","72.9","54.8","1496","point",,,,"PHONE/TABLET LOCATION",,"",
"2026-06-06 10:38:00 am","74.0","51.5","29.60","73.0","55.0","1523","point",,,,"PHONE/TABLET LOCATION",,"",
"2026-06-06 10:40:00 am","74.5","51.1","29.60","73.6","55.3","1558","point",,,,"PHONE/TABLET LOCATION",,"",
"2026-06-06 10:42:00 am","74.9","50.1","29.60","73.8","55.1","1577","point",,,,"PHONE/TABLET LOCATION",,"",
"2026-06-06 10:44:00 am","75.3","49.9","29.60","73.9","55.3","1605","point",,,,"PHONE/TABLET LOCATION",,"",
"2026-06-06 10:46:00 am","75.6","49.9","29.60","74.3","55.6","1629","point",,,,"PHONE/TABLET LOCATION",,"",
"2026-06-06 10:48:00 am","75.8","49.4","29.61","74.5","55.5","1634","point",,,,"PHONE/TABLET LOCATION",,"",
"2026-06-06 10:50:00 am","76.1","49.5","29.61","74.7","55.8","1656","point",,,,"PHONE/TABLET LOCATION",,"",
"2026-06-06 10:52:00 am","76.5","49.0","29.60","75.2","55.9","1688","point",,,,"PHONE/TABLET LOCATION",,"",
"2026-06-06 10:54:00 am","77.6","48.5","29.60","76.5","56.6","1762","point",,,,"PHONE/TABLET LOCATION",,"",
"2026-06-06 10:56:00 am","78.5","48.0","29.60","77.5","57.2","1826","point",,,,"PHONE/TABLET LOCATION",,"",
"2026-06-06 10:58:00 am","79.0","47.4","29.60","78.1","57.3","1858","point",,,,"PHONE/TABLET LOCATION",,"",
"2026-06-06 11:00:00 am","78.9","46.9","29.60","77.9","56.9","1849","point",,,,"PHONE/TABLET LOCATION",,"",
"2026-06-06 11:02:00 am","78.4","46.7","29.59","77.0","56.3","1816","point",,,,"PHONE/TABLET LOCATION",,"",
"2026-06-06 11:04:00 am","77.9","46.8","29.59","76.5","55.9","1787","point",,,,"PHONE/TABLET LOCATION",,"",
"2026-06-06 11:06:00 am","77.5","47.1","29.59","76.1","55.7","1760","point",,,,"PHONE/TABLET LOCATION",,"",
"2026-06-06 11:08:00 am","77.2","47.5","29.59","75.6","55.7","1735","point",,,,"PHONE/TABLET LOCATION",,"",
"2026-06-06 11:10:00 am","76.9","47.7","29.59","75.4","55.6","1720","point",,,,"PHONE/TABLET LOCATION",,"",
"2026-06-06 11:12:00 am","77.1","48.0","29.59","75.6","55.9","1733","point",,,,"PHONE/TABLET LOCATION",,"",
"2026-06-06 11:14:00 am","79.9","47.7","29.59","79.2","58.2","1925","point",,,,"PHONE/TABLET LOCATION",,"",
"2026-06-06 11:16:00 am","82.9","44.3","29.59","82.4","59.0","2119","point",,,,"PHONE/TABLET LOCATION",,"",
"2026-06-06 11:18:00 am","87.0","41.5","29.59","88.0","60.7","2382","point",,,,"PHONE/TABLET LOCATION",,"",
"2026-06-06 11:20:00 am","89.9","40.8","29.60","92.5","62.9","2579","point",,,,"PHONE/TABLET LOCATION",,"",
"2026-06-06 11:22:00 am","90.1","38.4","29.59","91.9","61.4","2579","point",,,,"PHONE/TABLET LOCATION",,"",
"2026-06-06 11:24:00 am","88.3","38.1","29.59","88.9","59.5","2454","point",,,,"PHONE/TABLET LOCATION",,"",
"2026-06-06 11:26:00 am","86.2","38.8","29.59","86.2","58.2","2321","point",,,,"PHONE/TABLET LOCATION",,"",
"2026-06-06 11:28:00 am","89.7","42.2","29.59","92.8","63.7","2579","point",,,,"PHONE/TABLET LOCATION",,"",
"2026-06-06 11:30:00 am","86.9","38.9","29.59","87.3","58.9","2369","point",,,,"PHONE/TABLET LOCATION",,"",
"2026-06-06 11:32:00 am","85.0","39.8","29.59","84.6","57.8","2241","point",,,,"PHONE/TABLET LOCATION",,"",
"2026-06-06 11:34:00 am","83.0","40.6","29.59","81.9","56.6","2111","point",,,,"PHONE/TABLET LOCATION",,"",
"2026-06-06 11:36:00 am","81.5","41.8","29.60","80.1","56.0","2006","point",,,,"PHONE/TABLET LOCATION",,"",
"2026-06-06 11:38:00 am","80.4","42.7","29.59","78.8","55.6","1937","point",,,,"PHONE/TABLET LOCATION",,"",
"2026-06-06 11:40:00 am","79.4","43.5","29.60","78.1","55.3","1866","point",,,,"PHONE/TABLET LOCATION",,"",
"2026-06-06 11:42:00 am","78.5","44.2","29.59","77.0","55.0","1816","point",,,,"PHONE/TABLET LOCATION",,"",
"2026-06-06 11:44:00 am","77.9","45.1","29.60","76.3","54.9","1772","point",,,,"PHONE/TABLET LOCATION",,"",
"2026-06-06 11:46:00 am","77.4","45.8","29.60","75.9","54.8","1738","point",,,,"PHONE/TABLET LOCATION",,"",
"2026-06-06 11:48:00 am","77.0","46.3","29.60","75.4","54.8","1713","point",,,,"PHONE/TABLET LOCATION",,"",
"2026-06-06 11:50:00 am","76.6","46.7","29.60","75.2","54.7","1688","point",,,,"PHONE/TABLET LOCATION",,"",
"2026-06-06 11:52:00 am","76.5","47.0","29.61","75.0","54.7","1671","point",,,,"PHONE/TABLET LOCATION",,"",
"2026-06-06 11:54:00 am","76.2","47.2","29.60","74.7","54.7","1664","point",,,,"PHONE/TABLET LOCATION",,"",
"2026-06-06 11:56:00 am","76.0","47.6","29.61","74.5","54.6","1646","point",,,,"PHONE/TABLET LOCATION",,"",
"2026-06-06 11:58:00 am","75.8","47.6","29.60","74.3","54.6","1637","point",,,,"PHONE/TABLET LOCATION",,"",
"2026-06-06 12:00:00 pm","75.7","47.5","29.60","74.1","54.3","1627","point",,,,"PHONE/TABLET LOCATION",,"",
"2026-06-06 12:02:00 pm","75.6","47.9","29.60","74.1","54.4","1617","point",,,,"PHONE/TABLET LOCATION",,"",
"2026-06-06 12:04:00 pm","75.5","48.3","29.61","73.9","54.6","1607","point",,,,"PHONE/TABLET LOCATION",,"",
"2026-06-06 12:06:00 pm","75.5","50.5","29.60","74.3","55.9","1624","point",,,,"PHONE/TABLET LOCATION",,"",
"2026-06-06 12:08:00 pm","75.5","50.8","29.60","74.3","56.0","1624","point",,,,"PHONE/TABLET LOCATION",,"",
"2026-06-06 12:10:00 pm","75.4","50.9","29.61","74.3","56.0","1614","point",,,,"PHONE/TABLET LOCATION",,"",
"2026-06-06 12:12:00 pm","75.3","52.1","29.60","74.3","56.6","1617","point",,,,"PHONE/TABLET LOCATION",,"",
"2026-06-06 12:14:00 pm","75.3","50.2","29.60","74.1","55.5","1609","point",,,,"PHONE/TABLET LOCATION",,"",
"2026-06-06 12:16:00 pm","75.3","50.6","29.61","74.1","55.7","1607","point",,,,"PHONE/TABLET LOCATION",,"",
"2026-06-06 12:18:00 pm","75.2","49.8","29.61","73.8","55.2","1592","point",,,,"PHONE/TABLET LOCATION",,"",
"2026-06-06 12:20:00 pm","75.2","49.8","29.60","73.8","55.1","1597","point",,,,"PHONE/TABLET LOCATION",,"",
"2026-06-06 12:22:00 pm","75.1","50.0","29.60","73.9","55.2","1597","point",,,,"PHONE/TABLET LOCATION",,"",
"2026-06-06 12:24:00 pm","75.1","50.2","29.60","73.9","55.3","1597","point",,,,"PHONE/TABLET LOCATION",,"",
"2026-06-06 12:26:00 pm","75.1","50.6","29.60","73.9","55.5","1597","point",,,,"PHONE/TABLET LOCATION",,"",
"2026-06-06 12:28:00 pm","75.1","50.6","29.61","73.9","55.5","1595","point",,,,"PHONE/TABLET LOCATION",,"",
"2026-06-06 12:30:00 pm","75.1","50.7","29.61","73.9","55.6","1590","point",,,,"PHONE/TABLET LOCATION",,"",
"2026-06-06 12:32:00 pm","75.1","50.8","29.60","73.9","55.6","1595","point",,,,"PHONE/TABLET LOCATION",,"",
"2026-06-06 12:34:00 pm","75.0","50.7","29.61","73.8","55.5","1585","point",,,,"PHONE/TABLET LOCATION",,"",
"2026-06-06 12:36:00 pm","74.8","50.6","29.61","73.6","55.3","1575","point",,,,"PHONE/TABLET LOCATION",,"",
"2026-06-06 12:38:00 pm","74.7","50.7","29.60","73.6","55.1","1570","point",,,,"PHONE/TABLET LOCATION",,"",
"2026-06-06 12:40:00 pm","74.7","50.9","29.61","73.6","55.3","1555","point",,,,"PHONE/TABLET LOCATION",,"",
"2026-06-06 12:42:00 pm","74.9","51.1","29.61","73.8","55.6","1582","point",,,,"PHONE/TABLET LOCATION",,"",
"2026-06-06 12:44:00 pm","75.0","51.1","29.61","73.8","55.7","1585","point",,,,"PHONE/TABLET LOCATION",,"",
"2026-06-06 12:46:00 pm","74.9","51.3","29.61","73.8","55.7","1575","point",,,,"PHONE/TABLET LOCATION",,"",
"2026-06-06 12:48:00 pm","74.8","51.1","29.61","73.6","55.5","1570","point",,,,"PHONE/TABLET LOCATION",,"",
"2026-06-06 12:50:00 pm","74.8","51.4","29.61","73.6","55.7","1568","point",,,,"PHONE/TABLET LOCATION",,"",
"2026-06-06 12:52:00 pm","74.8","50.9","29.60","73.6","55.4","1577","point",,,,"PHONE/TABLET LOCATION",,"",
"2026-06-06 12:54:00 pm","74.7","51.1","29.61","73.6","55.4","1558","point",,,,"PHONE/TABLET LOCATION",,"",
"2026-06-06 12:56:00 pm","74.7","51.0","29.61","73.6","55.4","1565","point",,,,"PHONE/TABLET LOCATION",,"",
"2026-06-06 12:58:00 pm","74.6","51.1","29.61","73.6","55.3","1553","point",,,,"PHONE/TABLET LOCATION",,"",
"2026-06-06 01:00:00 pm","74.5","51.3","29.61","73.6","55.4","1550","point",,,,"PHONE/TABLET LOCATION",,"",
"2026-06-06 01:02:00 pm","74.5","51.8","29.62","73.6","55.6","1540","point",,,,"PHONE/TABLET LOCATION",,"",
"2026-06-06 01:04:00 pm","74.4","52.0","29.62","73.4","55.7","1540","point",,,,"PHONE/TABLET LOCATION",,"",
"2026-06-06 01:06:00 pm","74.4","52.0","29.62","73.4","55.7","1540","point",,,,"PHONE/TABLET LOCATION",,"",
"2026-06-06 01:08:00 pm","74.4","51.9","29.61","73.4","55.6","1545","point",,,,"PHONE/TABLET LOCATION",,"",
"2026-06-06 01:10:00 pm","74.4","52.1","29.62","73.4","55.7","1540","point",,,,"PHONE/TABLET LOCATION",,"",
"2026-06-06 01:12:00 pm","74.3","51.8","29.60","73.4","55.5","1545","point",,,,"PHONE/TABLET LOCATION",,"",
"2026-06-06 01:14:00 pm","74.4","51.7","29.61","73.4","55.5","1550","point",,,,"PHONE/TABLET LOCATION",,"",
"2026-06-06 01:16:00 pm","74.3","52.0","29.61","73.2","55.5","1540","point",,,,"PHONE/TABLET LOCATION",,"",
"2026-06-06 01:18:00 pm","74.2","51.8","29.61","73.2","55.4","1531","point",,,,"PHONE/TABLET LOCATION",,"",
"2026-06-06 01:20:00 pm","74.2","51.7","29.61","73.2","55.3","1528","point",,,,"PHONE/TABLET LOCATION",,"",
"2026-06-06 01:22:00 pm","74.1","52.1","29.61","73.0","55.4","1526","point",,,,"PHONE/TABLET LOCATION",,"",
"2026-06-06 01:24:00 pm","74.1","51.9","29.61","73.0","55.3","1528","point",,,,"PHONE/TABLET LOCATION",,"",
"2026-06-06 01:26:00 pm","74.0","51.9","29.61","73.0","55.2","1516","point",,,,"PHONE/TABLET LOCATION",,"",
"2026-06-06 01:28:00 pm","74.0","52.0","29.61","73.0","55.3","1523","point",,,,"PHONE/TABLET LOCATION",,"",
"2026-06-06 01:30:00 pm","74.0","52.0","29.62","73.0","55.3","1506","point",,,,"PHONE/TABLET LOCATION",,"",
"2026-06-06 01:32:00 pm","73.9","52.2","29.62","72.9","55.3","1501","point",,,,"PHONE/TABLET LOCATION",,"",
"2026-06-06 01:34:00 pm","74.0","52.6","29.61","73.2","55.6","1521","point",,,,"PHONE/TABLET LOCATION",,"",
"2026-06-06 01:36:00 pm","74.0","52.6","29.61","73.2","55.6","1516","point",,,,"PHONE/TABLET LOCATION",,"",
"2026-06-06 01:38:00 pm","74.0","52.7","29.61","73.2","55.6","1521","point",,,,"PHONE/TABLET LOCATION",,"",
"2026-06-06 01:40:00 pm","74.0","52.6","29.61","73.2","55.6","1523","point",,,,"PHONE/TABLET LOCATION",,"",
"2026-06-06 01:42:00 pm","74.0","52.4","29.61","73.0","55.5","1521","point",,,,"PHONE/TABLET LOCATION",,"",
"2026-06-06 01:44:00 pm","73.9","52.6","29.61","73.0","55.5","1516","point",,,,"PHONE/TABLET LOCATION",,"",
"2026-06-06 01:46:00 pm","73.9","52.6","29.61","73.0","55.5","1513","point",,,,"PHONE/TABLET LOCATION",,"",
"2026-06-06 01:48:00 pm","73.8","52.8","29.61","73.0","55.5","1511","point",,,,"PHONE/TABLET LOCATION",,"",
"2026-06-06 01:50:00 pm","73.8","52.8","29.61","73.0","55.5","1508","point",,,,"PHONE/TABLET LOCATION",,"",
"2026-06-06 01:52:00 pm","73.8","52.9","29.61","73.0","55.5","1501","point",,,,"PHONE/TABLET LOCATION",,"",
"2026-06-06 01:54:00 pm","73.8","52.9","29.61","73.0","55.6","1508","point",,,,"PHONE/TABLET LOCATION",,"",
"2026-06-06 01:56:00 pm","73.9","53.6","29.61","73.0","55.9","1511","point",,,,"PHONE/TABLET LOCATION",,"",
"2026-06-06 01:58:00 pm","73.8","53.3","29.60","73.0","55.8","1513","point",,,,"PHONE/TABLET LOCATION",,"",
"2026-06-06 02:00:00 pm","73.8","53.3","29.60","73.0","55.8","1513","point",,,,"PHONE/TABLET LOCATION",,"",
"2026-06-06 02:02:00 pm","73.9","53.2","29.60","73.0","55.8","1516","point",,,,"PHONE/TABLET LOCATION",,"",
"2026-06-06 02:04:00 pm","73.7","53.3","29.61","72.9","55.7","1501","point",,,,"PHONE/TABLET LOCATION",,"",
"2026-06-06 02:06:00 pm","73.7","53.4","29.61","73.0","55.8","1506","point",,,,"PHONE/TABLET LOCATION",,"",
"2026-06-06 02:08:00 pm","73.7","53.3","29.60","72.9","55.6","1501","point",,,,"PHONE/TABLET LOCATION",,"",
"2026-06-06 02:10:00 pm","73.7","53.1","29.61","72.9","55.5","1496","point",,,,"PHONE/TABLET LOCATION",,"",
"2026-06-06 02:12:00 pm","73.6","53.3","29.61","72.9","55.6","1494","point",,,,"PHONE/TABLET LOCATION",,"",
"2026-06-06 02:14:00 pm","73.5","53.3","29.60","72.7","55.5","1494","point",,,,"PHONE/TABLET LOCATION",,"",
"2026-06-06 02:16:00 pm","73.5","53.4","29.60","72.9","55.5","1496","point",,,,"PHONE/TABLET LOCATION",,"",
"2026-06-06 02:18:00 pm","73.5","53.4","29.60","72.7","55.5","1491","point",,,,"PHONE/TABLET LOCATION",,"",
"2026-06-06 02:20:00 pm","73.3","53.6","29.60","72.7","55.5","1486","point",,,,"PHONE/TABLET LOCATION",,"",
"2026-06-06 02:32:00 pm","73.4","53.8","29.59","72.7","55.6","1500","point",,,,"PHONE/TABLET LOCATION",,"",
"2026-06-06 02:34:00 pm","73.3","53.8","29.59","72.7","55.5","1491","point",,,,"PHONE/TABLET LOCATION",,"",
"2026-06-06 02:36:00 pm","73.3","53.8","29.59","72.7","55.6","1494","point",,,,"PHONE/TABLET LOCATION",,"",
"2026-06-06 02:38:00 pm","73.4","54.0","29.59","72.7","55.7","1503","point",,,,"PHONE/TABLET LOCATION",,"",
"2026-06-06 02:40:00 pm","73.3","53.8","29.59","72.7","55.6","1496","point",,,,"PHONE/TABLET LOCATION",,"",
"2026-06-06 02:42:00 pm","73.3","53.9","29.59","72.7","55.6","1494","point",,,,"PHONE/TABLET LOCATION",,"",
"2026-06-06 02:44:00 pm","73.3","53.9","29.59","72.7","55.6","1491","point",,,,"PHONE/TABLET LOCATION",,"",
"2026-06-06 02:46:00 pm","73.3","54.1","29.59","72.7","55.7","1496","point",,,,"PHONE/TABLET LOCATION",,"",
"2026-06-06 02:48:00 pm","73.5","53.8","29.59","72.9","55.7","1508","point",,,,"PHONE/TABLET LOCATION",,"",
"2026-06-06 02:50:00 pm","73.6","54.1","29.59","73.0","56.0","1516","point",,,,"PHONE/TABLET LOCATION",,"",
"2026-06-06 02:52:00 pm","73.7","54.1","29.59","73.0","56.0","1521","point",,,,"PHONE/TABLET LOCATION",,"",
"2026-06-06 02:54:00 pm","73.7","53.8","29.59","73.0","56.0","1528","point",,,,"PHONE/TABLET LOCATION",,"",
"2026-06-06 02:56:00 pm","73.8","53.6","29.59","73.0","55.9","1528","point",,,,"PHONE/TABLET LOCATION",,"",
"2026-06-06 02:58:00 pm","73.8","53.5","29.59","73.0","55.9","1531","point",,,,"PHONE/TABLET LOCATION",,"",
"2026-06-06 03:00:00 pm","73.9","53.5","29.59","73.0","56.0","1545","point",,,,"PHONE/TABLET LOCATION",,"",
"2026-06-06 03:02:00 pm","73.9","53.5","29.59","73.0","56.0","1543","point",,,,"PHONE/TABLET LOCATION",,"",
"2026-06-06 03:04:00 pm","74.0","53.4","29.59","73.2","56.0","1545","point",,,,"PHONE/TABLET LOCATION",,"",
"2026-06-06 03:06:00 pm","74.1","53.3","29.58","73.2","56.0","1558","point",,,,"PHONE/TABLET LOCATION",,"",
"2026-06-06 03:08:00 pm","74.1","53.3","29.59","73.2","56.0","1553","point",,,,"PHONE/TABLET LOCATION",,"",
"2026-06-06 03:10:00 pm","74.1","53.2","29.58","73.2","56.0","1558","point",,,,"PHONE/TABLET LOCATION",,"",
"2026-06-06 03:12:00 pm","74.1","53.1","29.59","73.2","56.0","1553","point",,,,"PHONE/TABLET LOCATION",,"",
"2026-06-06 03:14:00 pm","74.1","53.0","29.58","73.2","55.9","1558","point",,,,"PHONE/TABLET LOCATION",,"",
"2026-06-06 03:16:00 pm","74.1","53.1","29.58","73.2","56.0","1558","point",,,,"PHONE/TABLET LOCATION",,"",
"2026-06-06 03:18:00 pm","74.1","53.1","29.58","73.2","56.0","1558","point",,,,"PHONE/TABLET LOCATION",,"",
"2026-06-06 03:20:00 pm","74.1","53.3","29.58","73.2","56.0","1558","point",,,,"PHONE/TABLET LOCATION",,"",
"2026-06-06 03:22:00 pm","74.1","53.3","29.58","73.2","56.0","1563","point",,,,"PHONE/TABLET LOCATION",,"",
"2026-06-06 03:24:00 pm","74.2","53.1","29.58","73.4","56.0","1563","point",,,,"PHONE/TABLET LOCATION",,"",
"2026-06-06 03:26:00 pm","74.2","53.1","29.58","73.4","56.0","1568","point",,,,"PHONE/TABLET LOCATION",,"",
"2026-06-06 03:28:00 pm","74.2","53.5","29.59","73.4","56.3","1565","point",,,,"PHONE/TABLET LOCATION",,"",
"2026-06-06 03:30:00 pm","74.2","53.3","29.59","73.4","56.1","1558","point",,,,"PHONE/TABLET LOCATION",,"",
"2026-06-06 03:32:00 pm","74.2","53.3","29.58","73.4","56.1","1563","point",,,,"PHONE/TABLET LOCATION",,"",
"2026-06-06 03:34:00 pm","74.2","53.2","29.59","73.4","56.1","1565","point",,,,"PHONE/TABLET LOCATION",,"",
"2026-06-06 03:36:00 pm","74.5","53.2","29.59","73.8","56.3","1582","point",,,,"PHONE/TABLET LOCATION",,"",
"2026-06-06 03:38:00 pm","74.9","53.0","29.58","73.9","56.6","1614","point",,,,"PHONE/TABLET LOCATION",,"",
"2026-06-06 03:40:00 pm","75.1","52.6","29.59","74.1","56.7","1624","point",,,,"PHONE/TABLET LOCATION",,"",
"2026-06-06 03:42:00 pm","75.3","52.4","29.59","74.3","56.6","1632","point",,,,"PHONE/TABLET LOCATION",,"",
"2026-06-06 03:44:00 pm","75.3","52.1","29.59","74.3","56.6","1637","point",,,,"PHONE/TABLET LOCATION",,"",
"2026-06-06 03:46:00 pm","75.4","52.1","29.59","74.5","56.6","1641","point",,,,"PHONE/TABLET LOCATION",,"",
"2026-06-06 03:48:00 pm","75.4","52.1","29.59","74.5","56.6","1644","point",,,,"PHONE/TABLET LOCATION",,"",
"2026-06-06 03:50:00 pm","75.3","52.1","29.59","74.3","56.5","1629","point",,,,"PHONE/TABLET LOCATION",,"",
"2026-06-06 03:52:00 pm","75.1","52.2","29.59","74.1","56.4","1617","point",,,,"PHONE/TABLET LOCATION",,"",
"2026-06-06 03:54:00 pm","75.1","52.3","29.59","74.1","56.4","1612","point",,,,"PHONE/TABLET LOCATION",,"",
"2026-06-06 03:56:00 pm","75.0","52.4","29.59","73.9","56.4","1605","point",,,,"PHONE/TABLET LOCATION",,"",
"2026-06-06 03:58:00 pm","74.9","52.4","29.59","73.9","56.3","1600","point",,,,"PHONE/TABLET LOCATION",,"",
"2026-06-06 04:00:00 pm","74.9","52.5","29.59","73.9","56.3","1597","point",,,,"PHONE/TABLET LOCATION",,"",
"2026-06-06 04:02:00 pm","74.8","52.5","29.59","73.8","56.2","1592","point",,,,"PHONE/TABLET LOCATION",,"",
"2026-06-06 04:04:00 pm","74.7","52.6","29.59","73.8","56.2","1590","point",,,,"PHONE/TABLET LOCATION",,"",
"2026-06-06 04:06:00 pm","74.6","52.7","29.59","73.8","56.1","1577","point",,,,"PHONE/TABLET LOCATION",,"",
"2026-06-06 04:08:00 pm","74.4","52.8","29.60","73.6","56.0","1563","point",,,,"PHONE/TABLET LOCATION",,"",
"2026-06-06 04:10:00 pm","74.4","52.9","29.59","73.6","56.1","1563","point",,,,"PHONE/TABLET LOCATION",,"",
"2026-06-06 04:12:00 pm","74.3","53.0","29.59","73.6","56.1","1560","point",,,,"PHONE/TABLET LOCATION",,"",
"2026-06-06 04:14:00 pm","74.3","53.0","29.59","73.4","56.1","1560","point",,,,"PHONE/TABLET LOCATION",,"",
"2026-06-06 04:16:00 pm","74.2","53.1","29.59","73.4","56.0","1553","point",,,,"PHONE/TABLET LOCATION",,"",
"2026-06-06 04:18:00 pm","74.1","53.1","29.59","73.2","56.0","1545","point",,,,"PHONE/TABLET LOCATION",,"",
"2026-06-06 04:20:00 pm","74.0","53.3","29.60","73.2","56.0","1533","point",,,,"PHONE/TABLET LOCATION",,"",
"2026-06-06 04:22:00 pm","74.0","53.3","29.59","73.2","55.9","1538","point",,,,"PHONE/TABLET LOCATION",,"",
"2026-06-06 04:24:00 pm","73.9","53.3","29.59","73.0","55.9","1533","point",,,,"PHONE/TABLET LOCATION",,"",
"2026-06-06 04:26:00 pm","73.9","53.4","29.60","73.0","55.9","1526","point",,,,"PHONE/TABLET LOCATION",,"",
"2026-06-06 04:28:00 pm","73.8","53.4","29.60","73.0","55.8","1518","point",,,,"PHONE/TABLET LOCATION",,"",
"2026-06-06 04:30:00 pm","73.8","53.4","29.60","73.0","55.8","1511","point",,,,"PHONE/TABLET LOCATION",,"",
"2026-06-06 04:32:00 pm","73.8","53.5","29.60","73.0","55.9","1513","point",,,,"PHONE/TABLET LOCATION",,"",
"2026-06-06 04:34:00 pm","73.7","53.6","29.60","73.0","55.9","1516","point",,,,"PHONE/TABLET LOCATION",,"",
"2026-06-06 04:36:00 pm","73.7","53.6","29.60","73.0","55.8","1508","point",,,,"PHONE/TABLET LOCATION",,"",
"2026-06-06 04:38:00 pm","73.6","53.7","29.60","73.0","55.8","1501","point",,,,"PHONE/TABLET LOCATION",,"",
"2026-06-06 04:40:00 pm","73.5","53.8","29.60","72.9","55.7","1500","point",,,,"PHONE/TABLET LOCATION",,"",
"2026-06-06 04:42:00 pm","73.5","53.9","29.61","72.9","55.8","1491","point",,,,"PHONE/TABLET LOCATION",,"",
"2026-06-06 04:44:00 pm","73.4","54.0","29.61","72.9","55.8","1486","point",,,,"PHONE/TABLET LOCATION",,"",
"2026-06-06 04:46:00 pm","73.4","54.0","29.61","72.7","55.7","1484","point",,,,"PHONE/TABLET LOCATION",,"",
"2026-06-06 04:48:00 pm","73.4","54.0","29.60","72.7","55.7","1486","point",,,,"PHONE/TABLET LOCATION",,"",
"2026-06-06 04:50:00 pm","73.4","54.0","29.61","72.7","55.7","1484","point",,,,"PHONE/TABLET LOCATION",,"",
"2026-06-06 04:52:00 pm","73.3","54.0","29.60","72.7","55.7","1486","point",,,,"PHONE/TABLET LOCATION",,"",
"2026-06-06 04:54:00 pm","73.4","54.0","29.61","72.7","55.7","1481","point",,,,"PHONE/TABLET LOCATION",,"",
"2026-06-06 04:56:00 pm","73.3","54.0","29.61","72.7","55.7","1481","point",,,,"PHONE/TABLET LOCATION",,"",
"2026-06-06 04:58:00 pm","73.4","54.0","29.60","72.7","55.7","1486","point",,,,"PHONE/TABLET LOCATION",,"",
"2026-06-06 05:00:00 pm","73.3","54.1","29.61","72.7","55.7","1479","point",,,,"PHONE/TABLET LOCATION",,"",
"2026-06-06 05:02:00 pm","73.3","54.0","29.61","72.7","55.7","1476","point",,,,"PHONE/TABLET LOCATION",,"",
"2026-06-06 05:04:00 pm","73.3","54.1","29.61","72.7","55.7","1476","point",,,,"PHONE/TABLET LOCATION",,"",
"2026-06-06 05:06:00 pm","73.3","54.0","29.61","72.7","55.7","1471","point",,,,"PHONE/TABLET LOCATION",,"",
"2026-06-06 05:08:00 pm","73.3","54.3","29.61","72.7","55.8","1471","point",,,,"PHONE/TABLET LOCATION",,"",
"2026-06-06 05:10:00 pm","73.3","54.1","29.62","72.7","55.7","1469","point",,,,"PHONE/TABLET LOCATION",,"",
"2026-06-06 05:12:00 pm","73.3","54.1","29.61","72.7","55.7","1471","point",,,,"PHONE/TABLET LOCATION",,"",
"2026-06-06 05:14:00 pm","73.3","54.0","29.62","72.7","55.7","1469","point",,,,"PHONE/TABLET LOCATION",,"",
"2026-06-06 05:16:00 pm","73.3","54.1","29.62","72.7","55.7","1469","point",,,,"PHONE/TABLET LOCATION",,"",
"2026-06-06 05:18:00 pm","73.3","54.0","29.62","72.7","55.7","1469","point",,,,"PHONE/TABLET LOCATION",,"",
"2026-06-06 05:20:00 pm","73.3","54.0","29.61","72.7","55.6","1471","point",,,,"PHONE/TABLET LOCATION",,"",
"2026-06-06 05:22:00 pm","73.2","54.0","29.62","72.5","55.6","1457","point",,,,"PHONE/TABLET LOCATION",,"",
"2026-06-06 05:24:00 pm","73.2","54.0","29.62","72.5","55.5","1459","point",,,,"PHONE/TABLET LOCATION",,"",
"2026-06-06 05:26:00 pm","73.2","54.0","29.61","72.5","55.6","1464","point",,,,"PHONE/TABLET LOCATION",,"",
"2026-06-06 05:28:00 pm","73.1","54.0","29.62","72.5","55.5","1454","point",,,,"PHONE/TABLET LOCATION",,"",
"2026-06-06 05:30:00 pm","73.1","54.0","29.62","72.5","55.5","1457","point",,,,"PHONE/TABLET LOCATION",,"",
"2026-06-06 05:32:00 pm","73.1","54.1","29.62","72.5","55.5","1452","point",,,,"PHONE/TABLET LOCATION",,"",
"2026-06-06 05:34:00 pm","73.1","54.1","29.62","72.5","55.6","1449","point",,,,"PHONE/TABLET LOCATION",,"",
"2026-06-06 05:36:00 pm","73.0","54.1","29.62","72.3","55.5","1442","point",,,,"PHONE/TABLET LOCATION",,"",
"2026-06-06 05:38:00 pm","73.0","54.3","29.62","72.3","55.5","1439","point",,,,"PHONE/TABLET LOCATION",,"",
"2026-06-06 05:40:00 pm","73.0","54.2","29.62","72.3","55.5","1439","point",,,,"PHONE/TABLET LOCATION",,"",
"2026-06-06 05:42:00 pm","73.0","54.2","29.62","72.3","55.4","1437","point",,,,"PHONE/TABLET LOCATION",,"",
"2026-06-06 05:44:00 pm","72.9","54.2","29.63","72.3","55.4","1427","point",,,,"PHONE/TABLET LOCATION",,"",
"2026-06-06 05:46:00 pm","72.9","54.2","29.62","72.3","55.4","1430","point",,,,"PHONE/TABLET LOCATION",,"",
"2026-06-06 05:48:00 pm","72.9","54.2","29.63","72.3","55.4","1425","point",,,,"PHONE/TABLET LOCATION",,"",
"2026-06-06 05:50:00 pm","72.8","54.3","29.62","72.1","55.4","1425","point",,,,"PHONE/TABLET LOCATION",,"",
"2026-06-06 05:52:00 pm","72.8","54.3","29.63","72.1","55.4","1422","point",,,,"PHONE/TABLET LOCATION",,"",
"2026-06-06 05:54:00 pm","72.8","54.3","29.63","72.1","55.4","1422","point",,,,"PHONE/TABLET LOCATION",,"",
"2026-06-06 05:56:00 pm","72.9","54.2","29.63","72.3","55.4","1417","point",,,,"PHONE/TABLET LOCATION",,"",
"2026-06-06 05:58:00 pm","72.9","54.2","29.63","72.3","55.4","1425","point",,,,"PHONE/TABLET LOCATION",,"",
"2026-06-06 06:00:00 pm","72.8","54.3","29.63","72.1","55.4","1420","point",,,,"PHONE/TABLET LOCATION",,"",
"2026-06-06 06:02:00 pm","72.8","54.3","29.63","72.1","55.4","1420","point",,,,"PHONE/TABLET LOCATION",,"",
"2026-06-06 06:04:00 pm","72.8","54.3","29.63","72.1","55.4","1415","point",,,,"PHONE/TABLET LOCATION",,"",
"2026-06-06 06:06:00 pm","72.8","54.3","29.63","72.1","55.3","1410","point",,,,"PHONE/TABLET LOCATION",,"",
"2026-06-06 06:08:00 pm","72.8","54.3","29.64","72.1","55.3","1405","point",,,,"PHONE/TABLET LOCATION",,"",
"2026-06-06 06:10:00 pm","72.7","54.2","29.64","72.1","55.2","1400","point",,,,"PHONE/TABLET LOCATION",,"",
"2026-06-06 06:12:00 pm","72.8","54.3","29.64","72.1","55.3","1405","point",,,,"PHONE/TABLET LOCATION",,"",
"2026-06-06 06:14:00 pm","72.7","54.3","29.64","72.1","55.3","1400","point",,,,"PHONE/TABLET LOCATION",,"",
"2026-06-06 06:16:00 pm","72.7","54.3","29.64","72.1","55.3","1402","point",,,,"PHONE/TABLET LOCATION",,"",
"2026-06-06 06:18:00 pm","72.7","54.3","29.64","72.1","55.2","1400","point",,,,"PHONE/TABLET LOCATION",,"",
"2026-06-06 06:20:00 pm","72.7","54.3","29.64","72.1","55.2","1393","point",,,,"PHONE/TABLET LOCATION",,"",
"2026-06-06 06:22:00 pm","72.7","54.3","29.64","72.1","55.3","1397","point",,,,"PHONE/TABLET LOCATION",,"",
"2026-06-06 06:24:00 pm","72.7","54.3","29.65","72.1","55.3","1390","point",,,,"PHONE/TABLET LOCATION",,"",
"2026-06-06 06:26:00 pm","72.6","54.3","29.65","72.0","55.2","1388","point",,,,"PHONE/TABLET LOCATION",,"",
"2026-06-06 06:28:00 pm","72.6","54.3","29.65","72.0","55.2","1383","point",,,,"PHONE/TABLET LOCATION",,"",
"2026-06-06 06:30:00 pm","72.6","54.4","29.65","72.0","55.2","1385","point",,,,"PHONE/TABLET LOCATION",,"",
"2026-06-06 06:32:00 pm","72.6","54.4","29.65","72.0","55.1","1378","point",,,,"PHONE/TABLET LOCATION",,"",
"2026-06-06 06:34:00 pm","72.5","54.4","29.65","72.0","55.1","1376","point",,,,"PHONE/TABLET LOCATION",,"",
"2026-06-06 06:36:00 pm","72.6","54.4","29.65","72.0","55.1","1380","point",,,,"PHONE/TABLET LOCATION",,"",
"2026-06-06 06:38:00 pm","72.5","54.4","29.65","72.0","55.1","1373","point",,,,"PHONE/TABLET LOCATION",,"",
"2026-06-06 06:40:00 pm","72.5","54.4","29.65","72.0","55.1","1376","point",,,,"PHONE/TABLET LOCATION",,"",
"2026-06-06 06:42:00 pm","72.4","54.5","29.65","71.8","55.1","1366","point",,,,"PHONE/TABLET LOCATION",,"",
"2026-06-06 06:44:00 pm","72.4","54.5","29.65","71.8","55.1","1366","point",,,,"PHONE/TABLET LOCATION",,"",
"2026-06-06 06:46:00 pm","72.4","54.5","29.65","71.8","55.1","1366","point",,,,"PHONE/TABLET LOCATION",,"",
"2026-06-06 06:48:00 pm","72.3","54.6","29.65","71.6","55.0","1361","point",,,,"PHONE/TABLET LOCATION",,"",
"2026-06-06 06:50:00 pm","72.3","54.6","29.65","71.6","55.0","1358","point",,,,"PHONE/TABLET LOCATION",,"",
"2026-06-06 06:52:00 pm","72.3","54.6","29.66","71.6","55.0","1351","point",,,,"PHONE/TABLET LOCATION",,"",
"2026-06-06 06:54:00 pm","72.3","54.6","29.66","71.6","55.1","1351","point",,,,"PHONE/TABLET LOCATION",,"",
"2026-06-06 06:56:00 pm","72.3","54.6","29.66","71.6","55.0","1346","point",,,,"PHONE/TABLET LOCATION",,"",
"2026-06-06 06:58:00 pm","72.3","54.6","29.66","71.6","55.0","1351","point",,,,"PHONE/TABLET LOCATION",,"",
"2026-06-06 07:00:00 pm","72.2","54.7","29.66","71.6","55.0","1346","point",,,,"PHONE/TABLET LOCATION",,"",
"2026-06-06 07:02:00 pm","72.2","54.7","29.66","71.6","55.0","1344","point",,,,"PHONE/TABLET LOCATION",,"",
"2026-06-06 07:04:00 pm","72.2","54.7","29.67","71.6","55.0","1339","point",,,,"PHONE/TABLET LOCATION",,"",
"2026-06-06 07:06:00 pm","72.2","54.7","29.66","71.6","55.0","1344","point",,,,"PHONE/TABLET LOCATION",,"",
"2026-06-06 07:08:00 pm","72.2","54.7","29.67","71.6","55.0","1337","point",,,,"PHONE/TABLET LOCATION",,"",
"2026-06-06 07:10:00 pm","72.2","54.7","29.67","71.6","55.0","1332","point",,,,"PHONE/TABLET LOCATION",,"",
"2026-06-06 07:12:00 pm","72.1","54.7","29.67","71.6","54.9","1329","point",,,,"PHONE/TABLET LOCATION",,"",
"2026-06-06 07:14:00 pm","72.1","54.6","29.67","71.6","54.9","1329","point",,,,"PHONE/TABLET LOCATION",,"",
"2026-06-06 07:16:00 pm","72.1","54.8","29.67","71.4","55.0","1322","point",,,,"PHONE/TABLET LOCATION",,"",
"2026-06-06 07:18:00 pm","72.1","54.7","29.68","71.4","54.9","1315","point",,,,"PHONE/TABLET LOCATION",,"",
"2026-06-06 07:20:00 pm","72.1","54.6","29.67","71.4","54.9","1324","point",,,,"PHONE/TABLET LOCATION",,"",
"2026-06-06 07:22:00 pm","72.1","54.7","29.67","71.4","54.9","1317","point",,,,"PHONE/TABLET LOCATION",,"",
"2026-06-06 07:24:00 pm","72.0","54.7","29.67","71.4","54.8","1315","point",,,,"PHONE/TABLET LOCATION",,"",
"2026-06-06 07:26:00 pm","72.0","54.8","29.68","71.4","54.9","1307","point",,,,"PHONE/TABLET LOCATION",,"",
"2026-06-06 07:28:00 pm","72.0","54.9","29.68","71.4","54.9","1307","point",,,,"PHONE/TABLET LOCATION",,"",
"2026-06-06 07:30:00 pm","72.0","54.8","29.68","71.4","54.8","1300","point",,,,"PHONE/TABLET LOCATION",,"",
"2026-06-06 07:32:00 pm","72.0","54.9","29.69","71.4","54.9","1295","point",,,,"PHONE/TABLET LOCATION",,"",
"2026-06-06 07:34:00 pm","72.0","55.0","29.69","71.6","55.0","1298","point",,,,"PHONE/TABLET LOCATION",,"",
"2026-06-06 07:36:00 pm","71.9","55.0","29.69","71.4","54.9","1288","point",,,,"PHONE/TABLET LOCATION",,"",
"2026-06-06 07:38:00 pm","72.0","54.9","29.69","71.4","54.9","1290","point",,,,"PHONE/TABLET LOCATION",,"",
"2026-06-06 07:40:00 pm","72.0","54.9","29.70","71.4","54.9","1285","point",,,,"PHONE/TABLET LOCATION",,"",
"2026-06-06 07:42:00 pm","71.9","54.9","29.69","71.2","54.8","1285","point",,,,"PHONE/TABLET LOCATION",,"",
"2026-06-06 07:44:00 pm","71.9","54.9","29.70","71.2","54.8","1276","point",,,,"PHONE/TABLET LOCATION",,"",
"2026-06-06 07:46:00 pm","71.8","54.9","29.70","71.2","54.8","1271","point",,,,"PHONE/TABLET LOCATION",,"",
"2026-06-06 07:48:00 pm","71.8","55.0","29.70","71.2","54.8","1273","point",,,,"PHONE/TABLET LOCATION",,"",
"2026-06-06 07:50:00 pm","71.7","55.0","29.70","71.2","54.7","1264","point",,,,"PHONE/TABLET LOCATION",,"",
"2026-06-06 07:52:00 pm","71.7","54.9","29.70","71.1","54.7","1261","point",,,,"PHONE/TABLET LOCATION",,"",
"2026-06-06 07:54:00 pm","71.7","55.0","29.70","71.1","54.7","1259","point",,,,"PHONE/TABLET LOCATION",,"",
"2026-06-06 07:56:00 pm","71.7","54.9","29.71","71.1","54.7","1256","point",,,,"PHONE/TABLET LOCATION",,"",
"2026-06-06 07:58:00 pm","71.7","55.2","29.71","71.2","54.8","1251","point",,,,"PHONE/TABLET LOCATION",,"",
"2026-06-06 08:00:00 pm","71.6","55.1","29.71","71.2","54.6","1247","point",,,,"PHONE/TABLET LOCATION",,"",
"2026-06-06 08:02:00 pm","71.6","55.1","29.71","71.1","54.6","1239","point",,,,"PHONE/TABLET LOCATION",,"",
"2026-06-06 08:04:00 pm","71.6","55.2","29.71","71.2","54.7","1250","point",,,,"PHONE/TABLET LOCATION",,"",
"2026-06-06 08:06:00 pm","71.6","55.2","29.71","71.1","54.6","1242","point",,,,"PHONE/TABLET LOCATION",,"",
"2026-06-06 08:08:00 pm","71.6","55.1","29.72","71.1","54.6","1237","point",,,,"PHONE/TABLET LOCATION",,"",
"2026-06-06 08:10:00 pm","71.5","55.2","29.72","71.1","54.6","1230","point",,,,"PHONE/TABLET LOCATION",,"",
"2026-06-06 08:12:00 pm","71.5","55.2","29.72","71.1","54.6","1227","point",,,,"PHONE/TABLET LOCATION",,"",
"2026-06-06 08:14:00 pm","71.5","55.2","29.72","71.1","54.6","1227","point",,,,"PHONE/TABLET LOCATION",,"",
"2026-06-06 08:16:00 pm","71.4","55.2","29.72","70.9","54.5","1217","point",,,,"PHONE/TABLET LOCATION",,"",
"2026-06-06 08:18:00 pm","71.4","55.2","29.72","70.9","54.5","1220","point",,,,"PHONE/TABLET LOCATION",,"",
"2026-06-06 08:20:00 pm","71.4","55.3","29.72","70.9","54.5","1215","point",,,,"PHONE/TABLET LOCATION",,"",
"2026-06-06 08:22:00 pm","71.4","55.3","29.73","70.9","54.5","1205","point",,,,"PHONE/TABLET LOCATION",,"",
"2026-06-06 08:24:00 pm","71.4","55.2","29.72","70.9","54.5","1212","point",,,,"PHONE/TABLET LOCATION",,"",
"2026-06-06 08:26:00 pm","71.3","55.2","29.73","70.9","54.4","1205","point",,,,"PHONE/TABLET LOCATION",,"",
"2026-06-06 08:28:00 pm","71.3","55.3","29.73","70.9","54.5","1203","point",,,,"PHONE/TABLET LOCATION",,"",
"2026-06-06 08:30:00 pm","71.3","55.2","29.73","70.9","54.4","1195","point",,,,"PHONE/TABLET LOCATION",,"",
"2026-06-06 08:32:00 pm","71.3","55.2","29.73","70.9","54.4","1195","point",,,,"PHONE/TABLET LOCATION",,"",
"2026-06-06 08:34:00 pm","71.3","55.2","29.73","70.9","54.4","1195","point",,,,"PHONE/TABLET LOCATION",,"",
"2026-06-06 08:36:00 pm","71.3","55.3","29.74","70.9","54.4","1186","point",,,,"PHONE/TABLET LOCATION",,"",
"2026-06-06 08:38:00 pm","71.2","55.2","29.74","70.7","54.3","1183","point",,,,"PHONE/TABLET LOCATION",,"",
"2026-06-06 08:40:00 pm","71.2","55.3","29.74","70.7","54.3","1183","point",,,,"PHONE/TABLET LOCATION",,"",
"2026-06-06 08:42:00 pm","71.2","55.3","29.74","70.7","54.3","1178","point",,,,"PHONE/TABLET LOCATION",,"",
"2026-06-06 08:44:00 pm","71.2","55.3","29.74","70.7","54.3","1178","point",,,,"PHONE/TABLET LOCATION",,"",
"2026-06-06 08:46:00 pm","71.2","55.4","29.74","70.7","54.4","1181","point",,,,"PHONE/TABLET LOCATION",,"",
"2026-06-06 08:48:00 pm","71.2","55.2","29.75","70.7","54.3","1171","point",,,,"PHONE/TABLET LOCATION",,"",
"2026-06-06 08:50:00 pm","71.2","55.3","29.75","70.7","54.3","1171","point",,,,"PHONE/TABLET LOCATION",,"",
"2026-06-06 08:52:00 pm","71.2","55.3","29.75","70.7","54.3","1169","point",,,,"PHONE/TABLET LOCATION",,"",
"2026-06-06 08:54:00 pm","71.1","55.3","29.75","70.7","54.3","1169","point",,,,"PHONE/TABLET LOCATION",,"",
"2026-06-06 08:56:00 pm","71.1","55.2","29.75","70.7","54.2","1159","point",,,,"PHONE/TABLET LOCATION",,"",
"2026-06-06 08:58:00 pm","71.1","55.2","29.75","70.7","54.2","1157","point",,,,"PHONE/TABLET LOCATION",,"",
"2026-06-06 09:00:00 pm","71.1","55.3","29.75","70.7","54.2","1159","point",,,,"PHONE/TABLET LOCATION",,"",
"2026-06-06 09:02:00 pm","71.0","55.3","29.75","70.5","54.2","1161","point",,,,"PHONE/TABLET LOCATION",,"",
"2026-06-06 09:04:00 pm","71.0","55.3","29.75","70.5","54.2","1154","point",,,,"PHONE/TABLET LOCATION",,"",
"2026-06-06 09:06:00 pm","71.0","55.3","29.75","70.5","54.2","1152","point",,,,"PHONE/TABLET LOCATION",,"",
"2026-06-06 09:08:00 pm","71.0","55.2","29.75","70.5","54.1","1152","point",,,,"PHONE/TABLET LOCATION",,"",
"2026-06-06 09:10:00 pm","71.0","55.2","29.75","70.5","54.1","1152","point",,,,"PHONE/TABLET LOCATION",,"",
"2026-06-06 09:12:00 pm","71.0","55.1","29.76","70.5","54.0","1142","point",,,,"PHONE/TABLET LOCATION",,"",
"2026-06-06 09:14:00 pm","71.0","55.1","29.76","70.5","54.0","1142","point",,,,"PHONE/TABLET LOCATION",,"",
"2026-06-06 09:16:00 pm","70.9","55.2","29.76","70.5","54.1","1137","point",,,,"PHONE/TABLET LOCATION",,"",
"2026-06-06 09:18:00 pm","70.9","55.0","29.76","70.5","53.9","1137","point",,,,"PHONE/TABLET LOCATION",,"",
"2026-06-06 09:20:00 pm","70.9","55.0","29.76","70.5","53.9","1132","point",,,,"PHONE/TABLET LOCATION",,"",
"2026-06-06 09:22:00 pm","70.8","55.2","29.76","70.5","53.9","1130","point",,,,"PHONE/TABLET LOCATION",,"",
"2026-06-06 09:24:00 pm","70.8","55.0","29.77","70.5","53.9","1122","point",,,,"PHONE/TABLET LOCATION",,"",
"2026-06-06 09:26:00 pm","70.8","55.1","29.76","70.5","53.9","1130","point",,,,"PHONE/TABLET LOCATION",,"",
"2026-06-06 09:28:00 pm","70.8","55.1","29.77","70.5","53.9","1122","point",,,,"PHONE/TABLET LOCATION",,"",
"2026-06-06 09:30:00 pm","70.8","55.0","29.77","70.3","53.9","1120","point",,,,"PHONE/TABLET LOCATION",,"",
"2026-06-06 09:32:00 pm","70.8","55.0","29.77","70.5","53.8","1113","point",,,,"PHONE/TABLET LOCATION",,"",
"2026-06-06 09:34:00 pm","70.8","55.2","29.78","70.5","53.9","1110","point",,,,"PHONE/TABLET LOCATION",,"",
"2026-06-06 09:36:00 pm","70.8","54.9","29.77","70.3","53.8","1113","point",,,,"PHONE/TABLET LOCATION",,"",
"2026-06-06 09:38:00 pm","70.8","54.9","29.78","70.3","53.8","1108","point",,,,"PHONE/TABLET LOCATION",,"",
"2026-06-06 09:40:00 pm","70.8","54.7","29.78","70.3","53.7","1103","point",,,,"PHONE/TABLET LOCATION",,"",
"2026-06-06 09:42:00 pm","70.7","54.9","29.78","70.3","53.7","1103","point",,,,"PHONE/TABLET LOCATION",,"",
"2026-06-06 09:44:00 pm","70.7","55.1","29.78","70.2","53.8","1093","point",,,,"PHONE/TABLET LOCATION",,"",
"2026-06-06 09:46:00 pm","70.7","55.1","29.79","70.5","53.8","1091","point",,,,"PHONE/TABLET LOCATION",,"",
"2026-06-06 09:48:00 pm","70.7","55.1","29.79","70.5","53.8","1096","point",,,,"PHONE/TABLET LOCATION",,"",
"2026-06-06 09:50:00 pm","70.7","55.2","29.78","70.5","53.9","1098","point",,,,"PHONE/TABLET LOCATION",,"",
"2026-06-06 09:52:00 pm","70.7","55.2","29.79","70.5","53.9","1091","point",,,,"PHONE/TABLET LOCATION",,"",
"2026-06-06 09:54:00 pm","70.7","55.3","29.79","70.5","53.9","1088","point",,,,"PHONE/TABLET LOCATION",,"",
"2026-06-06 09:56:00 pm","70.7","55.5","29.80","70.5","54.0","1086","point",,,,"PHONE/TABLET LOCATION",,"",
"2026-06-06 09:58:00 pm","70.7","55.3","29.79","70.5","53.9","1088","point",,,,"PHONE/TABLET LOCATION",,"",
"2026-06-06 10:00:00 pm","70.8","55.4","29.80","70.5","54.0","1083","point",,,,"PHONE/TABLET LOCATION",,"",
"2026-06-06 10:02:00 pm","70.7","55.4","29.80","70.5","53.9","1086","point",,,,"PHONE/TABLET LOCATION",,"",
"2026-06-06 10:04:00 pm","70.8","55.3","29.79","70.5","53.9","1091","point",,,,"PHONE/TABLET LOCATION",,"",
"2026-06-06 10:06:00 pm","71.0","56.4","29.80","70.5","54.6","1093","point",,,,"PHONE/TABLET LOCATION",,"",
"2026-06-06 10:08:00 pm","71.2","55.7","29.81","70.7","54.5","1101","point",,,,"PHONE/TABLET LOCATION",,"",
"2026-06-06 10:10:00 pm","71.9","61.5","29.82","71.8","57.9","1161","point",,,,"PHONE/TABLET LOCATION",,"",
"2026-06-06 10:12:00 pm","71.7","56.7","29.81","71.2","55.6","1147","point",,,,"PHONE/TABLET LOCATION",,"",
"2026-06-06 10:14:00 pm","71.5","56.5","29.81","71.1","55.3","1130","point",,,,"PHONE/TABLET LOCATION",,"",
"2026-06-06 10:16:00 pm","71.3","56.7","29.81","70.9","55.1","1108","point",,,,"PHONE/TABLET LOCATION",,"",
"2026-06-06 10:18:00 pm","71.1","56.8","29.82","70.7","55.0","1091","point",,,,"PHONE/TABLET LOCATION",,"",
"2026-06-06 10:20:00 pm","70.9","56.9","29.82","70.5","54.9","1074","point",,,,"PHONE/TABLET LOCATION",,"",
"2026-06-06 10:22:00 pm","70.8","56.9","29.83","70.5","54.8","1059","point",,,,"PHONE/TABLET LOCATION",,"",
"2026-06-06 10:24:00 pm","70.6","57.0","29.82","70.2","54.7","1054","point",,,,"PHONE/TABLET LOCATION",,"",
"2026-06-06 10:26:00 pm","70.5","57.1","29.83","70.0","54.6","1042","point",,,,"PHONE/TABLET LOCATION",,"",
"2026-06-06 10:28:00 pm","70.4","57.2","29.83","70.0","54.5","1032","point",,,,"PHONE/TABLET LOCATION",,"",
"2026-06-06 10:30:00 pm","70.3","57.2","29.83","69.6","54.4","1023","point",,,,"PHONE/TABLET LOCATION",,"",
"2026-06-06 10:32:00 pm","70.2","57.3","29.83","69.6","54.4","1015","point",,,,"PHONE/TABLET LOCATION",,"",
"2026-06-06 10:34:00 pm","70.1","57.3","29.83","69.4","54.3","1003","point",,,,"PHONE/TABLET LOCATION",,"",
"2026-06-06 10:36:00 pm","70.0","57.4","29.83","69.4","54.3","1001","point",,,,"PHONE/TABLET LOCATION",,"",
"2026-06-06 10:38:00 pm","69.9","57.4","29.83","69.1","54.2","991","point",,,,"PHONE/TABLET LOCATION",,"",
"2026-06-06 10:40:00 pm","69.7","57.5","29.83","69.1","54.1","989","point",,,,"PHONE/TABLET LOCATION",,"",
"2026-06-06 10:42:00 pm","69.7","57.6","29.84","69.1","54.1","972","point",,,,"PHONE/TABLET LOCATION",,"",
"2026-06-06 10:44:00 pm","69.5","57.6","29.83","68.7","53.9","972","point",,,,"PHONE/TABLET LOCATION",,"",
"2026-06-06 10:46:00 pm","69.5","57.7","29.83","68.7","53.9","964","point",,,,"PHONE/TABLET LOCATION",,"",
"2026-06-06 10:48:00 pm","69.4","57.8","29.84","68.5","53.9","952","point",,,,"PHONE/TABLET LOCATION",,"",
"2026-06-06 10:50:00 pm","69.4","57.8","29.84","68.5","53.9","952","point",,,,"PHONE/TABLET LOCATION",,"",
"2026-06-06 10:52:00 pm","69.3","57.9","29.84","68.5","53.8","940","point",,,,"PHONE/TABLET LOCATION",,"",
"2026-06-06 10:54:00 pm","69.3","57.9","29.84","68.5","53.8","937","point",,,,"PHONE/TABLET LOCATION",,"",
"2026-06-06 10:56:00 pm","69.1","58.0","29.85","68.4","53.7","925","point",,,,"PHONE/TABLET LOCATION",,"",
"2026-06-06 10:58:00 pm","69.1","58.0","29.84","68.4","53.7","925","point",,,,"PHONE/TABLET LOCATION",,"",
"2026-06-06 11:00:00 pm","69.0","58.1","29.85","68.0","53.7","918","point",,,,"PHONE/TABLET LOCATION",,"",
"2026-06-06 11:02:00 pm","68.9","58.1","29.85","68.0","53.6","911","point",,,,"PHONE/TABLET LOCATION",,"",
"2026-06-06 11:04:00 pm","68.9","58.1","29.84","68.0","53.6","911","point",,,,"PHONE/TABLET LOCATION",,"",
"2026-06-06 11:06:00 pm","68.9","58.2","29.85","67.8","53.6","903","point",,,,"PHONE/TABLET LOCATION",,"",
"2026-06-06 11:08:00 pm","68.8","58.2","29.85","67.8","53.5","901","point",,,,"PHONE/TABLET LOCATION",,"",
"2026-06-06 11:10:00 pm","68.7","58.3","29.85","67.6","53.4","894","point",,,,"PHONE/TABLET LOCATION",,"",
"2026-06-06 11:12:00 pm","68.6","58.3","29.85","67.6","53.4","884","point",,,,"PHONE/TABLET LOCATION",,"",
"2026-06-06 11:14:00 pm","68.6","58.3","29.85","67.6","53.4","879","point",,,,"PHONE/TABLET LOCATION",,"",
"2026-06-06 11:16:00 pm","68.6","59.1","29.85","67.6","53.8","882","point",,,,"PHONE/TABLET LOCATION",,"",
"2026-06-06 11:18:00 pm","68.5","59.2","29.86","67.3","53.7","869","point",,,,"PHONE/TABLET LOCATION",,"",
"2026-06-06 11:20:00 pm","68.5","59.2","29.86","67.3","53.7","872","point",,,,"PHONE/TABLET LOCATION",,"",
"2026-06-06 11:22:00 pm","68.5","59.4","29.86","67.3","53.8","869","point",,,,"PHONE/TABLET LOCATION",,"",
"2026-06-06 11:24:00 pm","68.5","59.5","29.85","67.3","53.8","869","point",,,,"PHONE/TABLET LOCATION",,"",
"2026-06-06 11:26:00 pm","68.4","59.7","29.86","67.3","53.8","862","point",,,,"PHONE/TABLET LOCATION",,"",
"2026-06-06 11:28:00 pm","68.4","59.7","29.86","67.3","53.8","862","point",,,,"PHONE/TABLET LOCATION",,"",
"2026-06-06 11:30:00 pm","68.4","59.8","29.86","67.3","53.8","860","point",,,,"PHONE/TABLET LOCATION",,"",
"2026-06-06 11:32:00 pm","68.3","59.8","29.86","67.1","53.8","857","point",,,,"PHONE/TABLET LOCATION",,"",
"2026-06-06 11:34:00 pm","68.3","59.9","29.87","67.1","53.8","847","point",,,,"PHONE/TABLET LOCATION",,"",
"2026-06-06 11:36:00 pm","68.3","59.9","29.87","67.1","53.8","840","point",,,,"PHONE/TABLET LOCATION",,"",
"2026-06-06 11:38:00 pm","68.2","59.9","29.86","67.1","53.8","847","point",,,,"PHONE/TABLET LOCATION",,"",
"2026-06-06 11:40:00 pm","68.2","60.0","29.86","67.3","53.8","843","point",,,,"PHONE/TABLET LOCATION",,"",
"2026-06-06 11:42:00 pm","68.2","60.1","29.86","67.3","53.8","843","point",,,,"PHONE/TABLET LOCATION",,"",
"2026-06-06 11:44:00 pm","68.1","60.1","29.86","66.9","53.7","835","point",,,,"PHONE/TABLET LOCATION",,"",
"2026-06-06 11:46:00 pm","68.2","60.1","29.87","67.3","53.8","840","point",,,,"PHONE/TABLET LOCATION",,"",
"2026-06-06 11:48:00 pm","68.1","60.1","29.87","66.9","53.8","833","point",,,,"PHONE/TABLET LOCATION",,"",
"2026-06-06 11:50:00 pm","68.1","60.1","29.87","66.9","53.8","833","point",,,,"PHONE/TABLET LOCATION",,"",
"2026-06-06 11:52:00 pm","68.1","60.1","29.87","66.9","53.7","830","point",,,,"PHONE/TABLET LOCATION",,"",
"2026-06-06 11:54:00 pm","68.0","60.2","29.87","66.7","53.7","823","point",,,,"PHONE/TABLET LOCATION",,"",
"2026-06-06 11:56:00 pm","68.1","60.2","29.87","66.9","53.7","826","point",,,,"PHONE/TABLET LOCATION",,"",
"2026-06-06 11:58:00 pm","68.0","60.2","29.87","66.7","53.7","818","point",,,,"PHONE/TABLET LOCATION",,"",
"2026-06-07 12:00:00 am","68.1","60.2","29.87","66.9","53.8","830","point",,,,"PHONE/TABLET LOCATION",,"",
"2026-06-07 12:02:00 am","68.0","60.3","29.88","66.7","53.7","816","point",,,,"PHONE/TABLET LOCATION",,"",
"2026-06-07 12:04:00 am","68.1","60.3","29.88","66.9","53.8","821","point",,,,"PHONE/TABLET LOCATION",,"",
"2026-06-07 12:06:00 am","68.1","60.3","29.88","66.9","53.8","813","point",,,,"PHONE/TABLET LOCATION",,"",
"2026-06-07 12:08:00 am","68.0","60.3","29.88","66.7","53.7","816","point",,,,"PHONE/TABLET LOCATION",,"",
"2026-06-07 12:10:00 am","68.0","60.3","29.88","66.7","53.7","811","point",,,,"PHONE/TABLET LOCATION",,"",
"2026-06-07 12:12:00 am","67.9","60.3","29.87","66.7","53.7","818","point",,,,"PHONE/TABLET LOCATION",,"",
"2026-06-07 12:14:00 am","68.0","60.4","29.88","66.9","53.8","811","point",,,,"PHONE/TABLET LOCATION",,"",
"2026-06-07 12:16:00 am","68.0","60.4","29.88","66.7","53.8","809","point",,,,"PHONE/TABLET LOCATION",,"",
"2026-06-07 12:18:00 am","67.9","60.5","29.88","66.7","53.7","806","point",,,,"PHONE/TABLET LOCATION",,"",
"2026-06-07 12:20:00 am","67.9","60.5","29.88","66.7","53.8","811","point",,,,"PHONE/TABLET LOCATION",,"",
"2026-06-07 12:22:00 am","67.9","60.5","29.88","66.7","53.8","804","point",,,,"PHONE/TABLET LOCATION",,"",
"2026-06-07 12:24:00 am","67.9","60.5","29.88","66.7","53.7","804","point",,,,"PHONE/TABLET LOCATION",,"",
"2026-06-07 12:26:00 am","67.9","60.5","29.88","66.7","53.7","804","point",,,,"PHONE/TABLET LOCATION",,"",
"2026-06-07 12:28:00 am","67.9","60.6","29.88","66.7","53.8","806","point",,,,"PHONE/TABLET LOCATION",,"",
"2026-06-07 12:30:00 am","67.9","60.6","29.89","66.7","53.8","799","point",,,,"PHONE/TABLET LOCATION",,"",
"2026-06-07 12:32:00 am","67.9","60.6","29.89","66.7","53.7","789","point",,,,"PHONE/TABLET LOCATION",,"",
"2026-06-07 12:34:00 am","67.9","60.6","29.89","66.7","53.7","789","point",,,,"PHONE/TABLET LOCATION",,"",
"2026-06-07 12:36:00 am","67.8","60.6","29.90","66.7","53.7","782","point",,,,"PHONE/TABLET LOCATION",,"",
"2026-06-07 12:38:00 am","67.8","60.7","29.89","66.6","53.7","784","point",,,,"PHONE/TABLET LOCATION",,"",
"2026-06-07 12:40:00 am","67.8","60.7","29.90","66.7","53.8","779","point",,,,"PHONE/TABLET LOCATION",,"",
"2026-06-07 12:42:00 am","67.9","60.7","29.90","66.7","53.8","779","point",,,,"PHONE/TABLET LOCATION",,"",
"2026-06-07 12:44:00 am","67.8","60.8","29.89","66.6","53.7","784","point",,,,"PHONE/TABLET LOCATION",,"",
"2026-06-07 12:46:00 am","67.8","60.7","29.89","66.7","53.8","789","point",,,,"PHONE/TABLET LOCATION",,"",
"2026-06-07 12:48:00 am","67.8","60.7","29.90","66.7","53.8","779","point",,,,"PHONE/TABLET LOCATION",,"",
"2026-06-07 12:50:00 am","67.9","60.8","29.90","66.7","53.8","784","point",,,,"PHONE/TABLET LOCATION",,"",
"2026-06-07 12:52:00 am","67.8","60.8","29.90","66.7","53.8","782","point",,,,"PHONE/TABLET LOCATION",,"",
"2026-06-07 12:54:00 am","67.7","60.8","29.90","66.6","53.7","772","point",,,,"PHONE/TABLET LOCATION",,"",
"2026-06-07 12:56:00 am","67.7","60.8","29.90","66.6","53.7","772","point",,,,"PHONE/TABLET LOCATION",,"",
"2026-06-07 12:58:00 am","67.7","60.7","29.90","66.6","53.6","772","point",,,,"PHONE/TABLET LOCATION",,"",
"2026-06-07 01:00:00 am","67.7","60.8","29.90","66.6","53.7","770","point",,,,"PHONE/TABLET LOCATION",,"",
"2026-06-07 01:02:00 am","67.7","60.7","29.90","66.6","53.7","767","point",,,,"PHONE/TABLET LOCATION",,"",
"2026-06-07 01:04:00 am","67.7","60.8","29.90","66.6","53.7","762","point",,,,"PHONE/TABLET LOCATION",,"",
"2026-06-07 01:06:00 am","67.7","60.7","29.90","66.6","53.7","770","point",,,,"PHONE/TABLET LOCATION",,"",
"2026-06-07 01:08:00 am","67.7","60.7","29.90","66.6","53.6","762","point",,,,"PHONE/TABLET LOCATION",,"",
"2026-06-07 01:10:00 am","67.7","60.7","29.90","66.6","53.7","767","point",,,,"PHONE/TABLET LOCATION",,"",
"2026-06-07 01:12:00 am","67.6","60.7","29.91","66.2","53.6","750","point",,,,"PHONE/TABLET LOCATION",,"",
"2026-06-07 01:14:00 am","67.7","60.7","29.91","66.6","53.7","762","point",,,,"PHONE/TABLET LOCATION",,"",
"2026-06-07 01:16:00 am","67.6","60.7","29.91","66.2","53.6","750","point",,,,"PHONE/TABLET LOCATION",,"",
"2026-06-07 01:18:00 am","67.6","60.7","29.92","66.2","53.6","746","point",,,,"PHONE/TABLET LOCATION",,"",
"2026-06-07 01:20:00 am","67.6","60.8","29.91","66.2","53.6","750","point",,,,"PHONE/TABLET LOCATION",,"",
"2026-06-07 01:22:00 am","67.6","60.8","29.92","66.2","53.6","746","point",,,,"PHONE/TABLET LOCATION",,"",
"2026-06-07 01:24:00 am","67.6","60.8","29.91","66.2","53.6","750","point",,,,"PHONE/TABLET LOCATION",,"",
"2026-06-07 01:26:00 am","67.6","60.9","29.92","66.2","53.6","741","point",,,,"PHONE/TABLET LOCATION",,"",
"2026-06-07 01:28:00 am","67.6","60.9","29.92","66.2","53.7","746","point",,,,"PHONE/TABLET LOCATION",,"",
"2026-06-07 01:30:00 am","67.6","60.9","29.92","66.2","53.7","743","point",,,,"PHONE/TABLET LOCATION",,"",
"2026-06-07 01:32:00 am","67.6","60.9","29.91","66.2","53.6","748","point",,,,"PHONE/TABLET LOCATION",,"",
"2026-06-07 01:34:00 am","67.6","60.9","29.91","66.2","53.6","743","point",,,,"PHONE/TABLET LOCATION",,"",
"2026-06-07 01:36:00 am","67.6","60.9","29.92","66.2","53.6","738","point",,,,"PHONE/TABLET LOCATION",,"",
"2026-06-07 01:38:00 am","67.6","60.9","29.92","66.2","53.6","738","point",,,,"PHONE/TABLET LOCATION",,"",
"2026-06-07 01:40:00 am","67.5","60.9","29.92","66.2","53.5","734","point",,,,"PHONE/TABLET LOCATION",,"",
"2026-06-07 01:42:00 am","67.6","60.9","29.92","66.2","53.6","738","point",,,,"PHONE/TABLET LOCATION",,"",
"2026-06-07 01:44:00 am","67.5","60.9","29.92","66.2","53.5","734","point",,,,"PHONE/TABLET LOCATION",,"",
"2026-06-07 01:46:00 am","67.6","60.9","29.92","66.2","53.6","734","point",,,,"PHONE/TABLET LOCATION",,"",
"2026-06-07 01:48:00 am","67.5","61.0","29.92","66.2","53.6","729","point",,,,"PHONE/TABLET LOCATION",,"",
"2026-06-07 01:50:00 am","67.5","61.0","29.93","66.2","53.6","724","point",,,,"PHONE/TABLET LOCATION",,"",
"2026-06-07 01:52:00 am","67.5","61.0","29.93","66.2","53.6","729","point",,,,"PHONE/TABLET LOCATION",,"",
"2026-06-07 01:54:00 am","67.4","61.1","29.93","66.0","53.6","724","point",,,,"PHONE/TABLET LOCATION",,"",
"2026-06-07 01:56:00 am","67.4","61.1","29.93","66.0","53.6","724","point",,,,"PHONE/TABLET LOCATION",,"",
"2026-06-07 01:58:00 am","67.4","61.1","29.93","66.0","53.5","710","point",,,,"PHONE/TABLET LOCATION",,"",
"2026-06-07 02:00:00 am","67.4","61.1","29.93","66.0","53.5","715","point",,,,"PHONE/TABLET LOCATION",,"",
"2026-06-07 02:02:00 am","67.4","61.1","29.93","66.0","53.6","719","point",,,,"PHONE/TABLET LOCATION",,"",
"2026-06-07 02:04:00 am","67.4","61.2","29.93","66.0","53.6","717","point",,,,"PHONE/TABLET LOCATION",,"",
"2026-06-07 02:06:00 am","67.4","61.2","29.93","66.0","53.6","715","point",,,,"PHONE/TABLET LOCATION",,"",
"2026-06-07 02:08:00 am","67.4","61.2","29.93","66.0","53.5","707","point",,,,"PHONE/TABLET LOCATION",,"",
"2026-06-07 02:10:00 am","67.5","61.2","29.93","66.2","53.7","719","point",,,,"PHONE/TABLET LOCATION",,"",
"2026-06-07 02:12:00 am","67.4","61.2","29.93","66.0","53.6","710","point",,,,"PHONE/TABLET LOCATION",,"",
"2026-06-07 02:14:00 am","67.4","61.2","29.94","66.0","53.5","700","point",,,,"PHONE/TABLET LOCATION",,"",
"2026-06-07 02:16:00 am","67.4","61.3","29.93","66.0","53.6","707","point",,,,"PHONE/TABLET LOCATION",,"",
"2026-06-07 02:18:00 am","67.4","61.3","29.94","66.0","53.6","700","point",,,,"PHONE/TABLET LOCATION",,"",
"2026-06-07 02:20:00 am","67.4","61.3","29.94","66.0","53.7","707","point",,,,"PHONE/TABLET LOCATION",,"",
"2026-06-07 02:22:00 am","67.3","61.3","29.94","66.0","53.5","703","point",,,,"PHONE/TABLET LOCATION",,"",
"2026-06-07 02:24:00 am","67.3","61.3","29.95","66.0","53.6","688","point",,,,"PHONE/TABLET LOCATION",,"",
"2026-06-07 02:26:00 am","67.3","61.3","29.94","66.0","53.6","695","point",,,,"PHONE/TABLET LOCATION",,"",
"2026-06-07 02:28:00 am","67.3","61.3","29.94","66.0","53.6","695","point",,,,"PHONE/TABLET LOCATION",,"",
"2026-06-07 02:30:00 am","67.2","61.3","29.94","65.7","53.5","693","point",,,,"PHONE/TABLET LOCATION",,"",
"2026-06-07 02:32:00 am","67.3","61.3","29.95","66.0","53.6","688","point",,,,"PHONE/TABLET LOCATION",,"",
"2026-06-07 02:34:00 am","67.3","61.3","29.95","66.0","53.5","686","point",,,,"PHONE/TABLET LOCATION",,"",
"2026-06-07 02:36:00 am","67.2","61.3","29.95","65.7","53.5","679","point",,,,"PHONE/TABLET LOCATION",,"",
"2026-06-07 02:38:00 am","67.2","61.3","29.95","65.7","53.5","686","point",,,,"PHONE/TABLET LOCATION",,"",
"2026-06-07 02:40:00 am","67.3","61.4","29.94","66.0","53.6","695","point",,,,"PHONE/TABLET LOCATION",,"",
"2026-06-07 02:42:00 am","67.3","61.4","29.95","66.0","53.6","686","point",,,,"PHONE/TABLET LOCATION",,"",
"2026-06-07 02:44:00 am","67.2","61.4","29.95","65.7","53.5","679","point",,,,"PHONE/TABLET LOCATION",,"",
"2026-06-07 02:46:00 am","67.2","61.4","29.96","65.7","53.5","674","point",,,,"PHONE/TABLET LOCATION",,"",
"2026-06-07 02:48:00 am","67.2","61.4","29.95","65.7","53.5","681","point",,,,"PHONE/TABLET LOCATION",,"",
"2026-06-07 02:50:00 am","67.3","61.5","29.96","66.0","53.6","683","point",,,,"PHONE/TABLET LOCATION",,"",
"2026-06-07 02:52:00 am","67.2","61.5","29.95","65.7","53.5","676","point",,,,"PHONE/TABLET LOCATION",,"",
"2026-06-07 02:54:00 am","67.2","61.5","29.95","65.7","53.5","676","point",,,,"PHONE/TABLET LOCATION",,"",
"2026-06-07 02:56:00 am","67.2","61.4","29.96","65.7","53.5","671","point",,,,"PHONE/TABLET LOCATION",,"",
"2026-06-07 02:58:00 am","67.2","61.4","29.95","65.7","53.5","676","point",,,,"PHONE/TABLET LOCATION",,"",
"2026-06-07 03:00:00 am","67.1","61.4","29.96","65.7","53.4","664","point",,,,"PHONE/TABLET LOCATION",,"",
"2026-06-07 03:02:00 am","67.1","61.4","29.95","65.7","53.4","671","point",,,,"PHONE/TABLET LOCATION",,"",
"2026-06-07 03:04:00 am","67.2","61.4","29.96","65.7","53.5","667","point",,,,"PHONE/TABLET LOCATION",,"",
"2026-06-07 03:06:00 am","67.2","61.4","29.95","65.7","53.5","676","point",,,,"PHONE/TABLET LOCATION",,"",
"2026-06-07 03:08:00 am","67.1","61.5","29.96","65.7","53.4","667","point",,,,"PHONE/TABLET LOCATION",,"",
"2026-06-07 03:10:00 am","67.1","61.4","29.96","65.7","53.4","664","point",,,,"PHONE/TABLET LOCATION",,"",
"2026-06-07 03:12:00 am","67.1","61.4","29.96","65.7","53.4","659","point",,,,"PHONE/TABLET LOCATION",,"",
"2026-06-07 03:14:00 am","67.1","61.4","29.96","65.7","53.4","662","point",,,,"PHONE/TABLET LOCATION",,"",
"2026-06-07 03:16:00 am","67.1","61.4","29.96","65.7","53.4","667","point",,,,"PHONE/TABLET LOCATION",,"",
"2026-06-07 03:18:00 am","67.1","61.5","29.96","65.7","53.4","667","point",,,,"PHONE/TABLET LOCATION",,"",
"2026-06-07 03:20:00 am","67.2","61.5","29.96","65.7","53.5","671","point",,,,"PHONE/TABLET LOCATION",,"",
"2026-06-07 03:22:00 am","67.0","61.5","29.96","65.5","53.4","657","point",,,,"PHONE/TABLET LOCATION",,"",
"2026-06-07 03:24:00 am","67.1","61.5","29.95","65.7","53.4","671","point",,,,"PHONE/TABLET LOCATION",,"",
"2026-06-07 03:26:00 am","67.0","61.6","29.96","65.5","53.4","657","point",,,,"PHONE/TABLET LOCATION",,"",
"2026-06-07 03:28:00 am","67.0","61.5","29.96","65.5","53.4","662","point",,,,"PHONE/TABLET LOCATION",,"",
"2026-06-07 03:30:00 am","67.1","61.5","29.96","65.7","53.4","664","point",,,,"PHONE/TABLET LOCATION",,"",
"2026-06-07 03:32:00 am","67.0","61.6","29.95","65.5","53.3","662","point",,,,"PHONE/TABLET LOCATION",,"",
"2026-06-07 03:34:00 am","67.1","61.6","29.96","65.7","53.5","662","point",,,,"PHONE/TABLET LOCATION",,"",
"2026-06-07 03:36:00 am","67.0","61.6","29.96","65.5","53.4","664","point",,,,"PHONE/TABLET LOCATION",,"",
"2026-06-07 03:38:00 am","67.0","61.6","29.96","65.5","53.4","659","point",,,,"PHONE/TABLET LOCATION",,"",
"2026-06-07 03:40:00 am","66.9","61.6","29.96","65.5","53.3","655","point",,,,"PHONE/TABLET LOCATION",,"",
"2026-06-07 03:42:00 am","67.0","61.7","29.96","65.5","53.5","662","point",,,,"PHONE/TABLET LOCATION",,"",
"2026-06-07 03:44:00 am","67.0","61.7","29.96","65.5","53.4","655","point",,,,"PHONE/TABLET LOCATION",,"",
"2026-06-07 03:46:00 am","67.0","61.7","29.96","65.5","53.4","655","point",,,,"PHONE/TABLET LOCATION",,"",
"2026-06-07 03:48:00 am","66.9","61.9","29.97","65.5","53.4","645","point",,,,"PHONE/TABLET LOCATION",,"",
"2026-06-07 03:50:00 am","67.0","61.9","29.96","65.7","53.5","652","point",,,,"PHONE/TABLET LOCATION",,"",
"2026-06-07 03:52:00 am","67.0","62.0","29.96","65.7","53.5","652","point",,,,"PHONE/TABLET LOCATION",,"",
"2026-06-07 03:54:00 am","66.8","62.0","29.97","65.3","53.4","633","point",,,,"PHONE/TABLET LOCATION",,"",
"2026-06-07 03:56:00 am","67.0","62.0","29.97","65.7","53.6","647","point",,,,"PHONE/TABLET LOCATION",,"",
"2026-06-07 03:58:00 am","67.0","62.0","29.97","65.7","53.6","645","point",,,,"PHONE/TABLET LOCATION",,"",
"2026-06-07 04:00:00 am","66.9","62.1","29.97","65.3","53.5","633","point",,,,"PHONE/TABLET LOCATION",,"",
"2026-06-07 04:02:00 am","66.9","62.2","29.97","65.7","53.6","645","point",,,,"PHONE/TABLET LOCATION",,"",
"2026-06-07 04:04:00 am","66.8","62.2","29.97","65.3","53.5","638","point",,,,"PHONE/TABLET LOCATION",,"",
"2026-06-07 04:06:00 am","66.9","62.3","29.97","65.3","53.6","638","point",,,,"PHONE/TABLET LOCATION",,"",
"2026-06-07 04:08:00 am","66.9","62.3","29.96","65.7","53.6","647","point",,,,"PHONE/TABLET LOCATION",,"",
"2026-06-07 04:10:00 am","67.0","62.3","29.97","65.7","53.7","645","point",,,,"PHONE/TABLET LOCATION",,"",
"2026-06-07 04:12:00 am","66.9","62.4","29.97","65.3","53.6","640","point",,,,"PHONE/TABLET LOCATION",,"",
"2026-06-07 04:14:00 am","66.8","62.3","29.97","65.3","53.6","631","point",,,,"PHONE/TABLET LOCATION",,"",
"2026-06-07 04:16:00 am","66.8","62.4","29.98","65.3","53.5","626","point",,,,"PHONE/TABLET LOCATION",,"",
"2026-06-07 04:18:00 am","66.9","62.3","29.97","65.3","53.6","633","point",,,,"PHONE/TABLET LOCATION",,"",
"2026-06-07 04:20:00 am","66.8","62.3","29.98","65.3","53.5","628","point",,,,"PHONE/TABLET LOCATION",,"",
"2026-06-07 04:22:00 am","66.8","62.2","29.97","65.3","53.5","633","point",,,,"PHONE/TABLET LOCATION",,"",
"2026-06-07 04:24:00 am","66.8","62.2","29.98","65.3","53.5","612","point",,,,"PHONE/TABLET LOCATION",,"",
"2026-06-07 04:26:00 am","66.9","62.2","29.98","65.3","53.6","631","point",,,,"PHONE/TABLET LOCATION",,"",
"2026-06-07 04:28:00 am","66.8","62.2","29.97","65.3","53.5","631","point",,,,"PHONE/TABLET LOCATION",,"",
"2026-06-07 04:30:00 am","66.8","62.2","29.98","65.3","53.5","626","point",,,,"PHONE/TABLET LOCATION",,"",
"2026-06-07 04:32:00 am","66.7","62.2","29.98","65.1","53.4","616","point",,,,"PHONE/TABLET LOCATION",,"",
"2026-06-07 04:34:00 am","66.7","62.3","29.98","65.1","53.4","619","point",,,,"PHONE/TABLET LOCATION",,"",
"2026-06-07 04:36:00 am","66.7","62.3","29.98","65.1","53.4","609","point",,,,"PHONE/TABLET LOCATION",,"",
"2026-06-07 04:38:00 am","66.7","62.3","29.98","65.1","53.4","607","point",,,,"PHONE/TABLET LOCATION",,"",
"2026-06-07 04:40:00 am","66.7","62.2","29.98","65.1","53.4","614","point",,,,"PHONE/TABLET LOCATION",,"",
"2026-06-07 04:42:00 am","66.6","62.2","29.98","65.1","53.3","604","point",,,,"PHONE/TABLET LOCATION",,"",
"2026-06-07 04:44:00 am","66.7","62.2","29.99","65.1","53.4","604","point",,,,"PHONE/TABLET LOCATION",,"",
"2026-06-07 04:46:00 am","66.7","62.2","29.98","65.1","53.3","607","point",,,,"PHONE/TABLET LOCATION",,"",
"2026-06-07 04:48:00 am","66.7","62.3","29.98","65.1","53.3","607","point",,,,"PHONE/TABLET LOCATION",,"",
"2026-06-07 04:50:00 am","66.7","62.3","29.98","65.1","53.4","612","point",,,,"PHONE/TABLET LOCATION",,"",
"2026-06-07 04:52:00 am","66.7","62.3","29.99","65.1","53.4","604","point",,,,"PHONE/TABLET LOCATION",,"",
"2026-06-07 04:54:00 am","66.7","62.2","29.98","65.1","53.4","607","point",,,,"PHONE/TABLET LOCATION",,"",
"2026-06-07 04:56:00 am","66.6","62.2","29.99","65.1","53.3","597","point",,,,"PHONE/TABLET LOCATION",,"",
"2026-06-07 04:58:00 am","66.6","62.1","29.98","65.1","53.2","600","point",,,,"PHONE/TABLET LOCATION",,"",
"2026-06-07 05:00:00 am","66.6","62.1","29.99","65.1","53.2","597","point",,,,"PHONE/TABLET LOCATION",,"",
"2026-06-07 05:02:00 am","66.7","62.0","29.99","65.1","53.2","600","point",,,,"PHONE/TABLET LOCATION",,"",
"2026-06-07 05:04:00 am","66.6","62.0","29.99","65.1","53.2","597","point",,,,"PHONE/TABLET LOCATION",,"",
"2026-06-07 05:06:00 am","66.6","61.9","29.99","64.9","53.2","595","point",,,,"PHONE/TABLET LOCATION",,"",
"2026-06-07 05:08:00 am","66.5","61.8","29.98","64.8","53.0","592","point",,,,"PHONE/TABLET LOCATION",,"",
"2026-06-07 05:10:00 am","66.5","61.8","29.99","64.8","53.0","592","point",,,,"PHONE/TABLET LOCATION",,"",
"2026-06-07 05:12:00 am","66.5","61.8","29.98","64.8","53.0","595","point",,,,"PHONE/TABLET LOCATION",,"",
"2026-06-07 05:14:00 am","66.6","61.8","29.99","64.9","53.0","590","point",,,,"PHONE/TABLET LOCATION",,"",
"2026-06-07 05:16:00 am","66.5","61.8","29.98","64.8","53.0","595","point",,,,"PHONE/TABLET LOCATION",,"",
"2026-06-07 05:18:00 am","66.5","61.9","29.99","64.8","53.0","585","point",,,,"PHONE/TABLET LOCATION",,"",
"2026-06-07 05:20:00 am","66.5","61.9","30.00","64.9","53.1","583","point",,,,"PHONE/TABLET LOCATION",,"",
"2026-06-07 05:22:00 am","66.5","61.9","29.99","64.9","53.0","583","point",,,,"PHONE/TABLET LOCATION",,"",
"2026-06-07 05:24:00 am","66.5","61.9","30.00","64.9","53.1","578","point",,,,"PHONE/TABLET LOCATION",,"",
"2026-06-07 05:26:00 am","66.5","61.9","30.00","64.9","53.1","578","point",,,,"PHONE/TABLET LOCATION",,"",
"2026-06-07 05:28:00 am","66.5","61.9","30.00","64.9","53.0","576","point",,,,"PHONE/TABLET LOCATION",,"",
"2026-06-07 05:30:00 am","66.5","62.0","30.00","64.9","53.1","576","point",,,,"PHONE/TABLET LOCATION",,"",
"2026-06-07 05:32:00 am","66.4","62.0","29.99","64.9","53.0","580","point",,,,"PHONE/TABLET LOCATION",,"",
"2026-06-07 05:34:00 am","66.4","62.1","30.00","64.9","53.0","573","point",,,,"PHONE/TABLET LOCATION",,"",
"2026-06-07 05:36:00 am","66.3","62.1","30.00","64.6","53.0","564","point",,,,"PHONE/TABLET LOCATION",,"",
"2026-06-07 05:38:00 am","66.5","62.1","30.00","64.9","53.1","576","point",,,,"PHONE/TABLET LOCATION",,"",
"2026-06-07 05:40:00 am","66.4","62.1","30.00","64.9","53.0","568","point",,,,"PHONE/TABLET LOCATION",,"",
"2026-06-07 05:42:00 am","66.3","62.2","30.00","64.6","53.0","561","point",,,,"PHONE/TABLET LOCATION",,"",
"2026-06-07 05:44:00 am","66.4","62.2","30.00","64.9","53.1","564","point",,,,"PHONE/TABLET LOCATION",,"",
"2026-06-07 05:46:00 am","66.3","62.2","30.00","64.6","53.0","564","point",,,,"PHONE/TABLET LOCATION",,"",
"2026-06-07 05:48:00 am","66.3","62.2","30.01","64.6","53.0","556","point",,,,"PHONE/TABLET LOCATION",,"",
"2026-06-07 05:50:00 am","66.4","62.2","30.01","64.9","53.1","559","point",,,,"PHONE/TABLET LOCATION",,"",
"2026-06-07 05:52:00 am","66.4","62.2","30.01","64.9","53.1","561","point",,,,"PHONE/TABLET LOCATION",,"",
"2026-06-07 05:54:00 am","66.3","62.3","30.01","64.6","53.0","556","point",,,,"PHONE/TABLET LOCATION",,"",
"2026-06-07 05:56:00 am","66.3","62.3","30.00","64.6","53.0","561","point",,,,"PHONE/TABLET LOCATION",,"",
"2026-06-07 05:58:00 am","66.3","62.2","30.01","64.6","53.0","556","point",,,,"PHONE/TABLET LOCATION",,"",
"2026-06-07 06:00:00 am","66.3","62.2","30.01","64.6","53.0","554","point",,,,"PHONE/TABLET LOCATION",,"",
"2026-06-07 06:02:00 am","66.3","62.2","30.01","64.6","53.0","554","point",,,,"PHONE/TABLET LOCATION",,"",
"2026-06-07 06:04:00 am","66.4","62.3","30.01","64.9","53.1","559","point",,,,"PHONE/TABLET LOCATION",,"",
"2026-06-07 06:06:00 am","66.3","62.3","30.01","64.6","53.0","549","point",,,,"PHONE/TABLET LOCATION",,"",
"2026-06-07 06:08:00 am","66.3","62.3","30.01","64.6","53.0","552","point",,,,"PHONE/TABLET LOCATION",,"",
"2026-06-07 06:10:00 am","66.2","62.3","30.01","64.6","53.0","542","point",,,,"PHONE/TABLET LOCATION",,"",
"2026-06-07 06:12:00 am","66.3","62.3","30.01","64.6","53.0","549","point",,,,"PHONE/TABLET LOCATION",,"",
"2026-06-07 06:14:00 am","66.3","62.3","30.01","64.6","53.0","549","point",,,,"PHONE/TABLET LOCATION",,"",
"2026-06-07 06:16:00 am","66.3","62.3","30.02","64.6","53.0","540","point",,,,"PHONE/TABLET LOCATION",,"",
"2026-06-07 06:18:00 am","66.2","62.3","30.01","64.6","53.0","540","point",,,,"PHONE/TABLET LOCATION",,"",
"2026-06-07 06:20:00 am","66.3","62.3","30.01","64.6","53.0","542","point",,,,"PHONE/TABLET LOCATION",,"",
"2026-06-07 06:22:00 am","66.2","62.3","30.01","64.6","53.0","542","point",,,,"PHONE/TABLET LOCATION",,"",
"2026-06-07 06:24:00 am","66.2","62.3","30.02","64.6","53.0","535","point",,,,"PHONE/TABLET LOCATION",,"",
"2026-06-07 06:26:00 am","66.2","62.3","30.02","64.6","53.0","535","point",,,,"PHONE/TABLET LOCATION",,"",
"2026-06-07 06:28:00 am","66.2","62.3","30.01","64.4","52.9","537","point",,,,"PHONE/TABLET LOCATION",,"",
"2026-06-07 06:30:00 am","66.2","62.2","30.02","64.4","52.9","533","point",,,,"PHONE/TABLET LOCATION",,"",
"2026-06-07 06:32:00 am","66.2","62.1","30.02","64.6","52.9","535","point",,,,"PHONE/TABLET LOCATION",,"",
"2026-06-07 06:34:00 am","66.1","62.1","30.02","64.4","52.8","528","point",,,,"PHONE/TABLET LOCATION",,"",
"2026-06-07 06:36:00 am","66.1","62.1","30.02","64.4","52.7","523","point",,,,"PHONE/TABLET LOCATION",,"",
"2026-06-07 06:38:00 am","66.1","62.0","30.02","64.4","52.8","528","point",,,,"PHONE/TABLET LOCATION",,"",
"2026-06-07 06:40:00 am","66.1","62.0","30.03","64.4","52.8","521","point",,,,"PHONE/TABLET LOCATION",,"",
"2026-06-07 06:42:00 am","66.1","62.0","30.02","64.4","52.7","523","point",,,,"PHONE/TABLET LOCATION",,"",
"2026-06-07 06:44:00 am","66.1","62.0","30.03","64.4","52.7","521","point",,,,"PHONE/TABLET LOCATION",,"",
"2026-06-07 06:46:00 am","66.1","62.0","30.02","64.4","52.7","521","point",,,,"PHONE/TABLET LOCATION",,"",
"2026-06-07 06:48:00 am","66.1","62.0","30.03","64.4","52.8","513","point",,,,"PHONE/TABLET LOCATION",,"",
"2026-06-07 06:50:00 am","66.1","62.1","30.03","64.4","52.7","513","point",,,,"PHONE/TABLET LOCATION",,"",
"2026-06-07 06:52:00 am","66.1","62.1","30.03","64.4","52.7","513","point",,,,"PHONE/TABLET LOCATION",,"",
"2026-06-07 06:54:00 am","66.1","62.1","30.03","64.4","52.7","513","point",,,,"PHONE/TABLET LOCATION",,"",
"2026-06-07 06:56:00 am","66.1","62.1","30.03","64.4","52.7","513","point",,,,"PHONE/TABLET LOCATION",,"",
"2026-06-07 06:58:00 am","66.1","62.1","30.03","64.4","52.8","513","point",,,,"PHONE/TABLET LOCATION",,"",
"2026-06-07 07:00:00 am","66.1","62.2","30.04","64.4","52.7","501","point",,,,"PHONE/TABLET LOCATION",,"",
"2026-06-07 07:02:00 am","66.1","62.2","30.03","64.4","52.8","506","point",,,,"PHONE/TABLET LOCATION",,"",
"2026-06-07 07:04:00 am","66.1","62.3","30.03","64.4","52.8","518","point",,,,"PHONE/TABLET LOCATION",,"",
"2026-06-07 07:06:00 am","66.5","65.6","30.03","65.1","54.6","549","point",,,,"PHONE/TABLET LOCATION",,"",
"2026-06-07 07:08:00 am","67.5","68.4","30.04","66.7","56.7","619","point",,,,"PHONE/TABLET LOCATION",,"",
"2026-06-07 07:10:00 am","68.1","69.3","30.03","67.6","57.7","669","point",,,,"PHONE/TABLET LOCATION",,"",
"2026-06-07 07:12:00 am","68.4","70.0","30.04","68.2","58.2","688","point",,,,"PHONE/TABLET LOCATION",,"",
"2026-06-07 07:14:00 am","68.2","66.5","30.03","67.6","56.6","667","point",,,,"PHONE/TABLET LOCATION",,"",
"2026-06-07 07:16:00 am","68.2","66.8","30.03","67.6","56.8","671","point",,,,"PHONE/TABLET LOCATION",,"",
"2026-06-07 07:18:00 am","68.2","66.8","30.04","67.6","56.7","664","point",,,,"PHONE/TABLET LOCATION",,"",
"2026-06-07 07:20:00 am","68.2","65.8","30.03","67.6","56.3","667","point",,,,"PHONE/TABLET LOCATION",,"",
"2026-06-07 07:22:00 am","68.1","64.9","30.04","67.3","55.8","652","point",,,,"PHONE/TABLET LOCATION",,"",
"2026-06-07 07:24:00 am","67.9","64.3","30.03","67.1","55.5","645","point",,,,"PHONE/TABLET LOCATION",,"",
"2026-06-07 07:26:00 am","67.9","63.9","30.03","67.1","55.2","640","point",,,,"PHONE/TABLET LOCATION",,"",
"2026-06-07 07:28:00 am","67.8","63.7","30.04","66.9","55.1","631","point",,,,"PHONE/TABLET LOCATION",,"",
"2026-06-07 07:30:00 am","67.7","63.5","30.04","66.7","54.9","614","point",,,,"PHONE/TABLET LOCATION",,"",
"2026-06-07 07:32:00 am","67.7","63.7","30.04","66.7","54.9","621","point",,,,"PHONE/TABLET LOCATION",,"",
"2026-06-07 07:34:00 am","67.9","64.7","30.03","67.1","55.6","643","point",,,,"PHONE/TABLET LOCATION",,"",
"2026-06-07 07:36:00 am","68.3","64.1","30.05","67.5","55.7","657","point",,,,"PHONE/TABLET LOCATION",,"",
"2026-06-07 07:38:00 am","68.7","63.4","30.04","68.2","55.8","691","point",,,,"PHONE/TABLET LOCATION",,"",
"2026-06-07 07:40:00 am","69.1","62.9","30.04","68.4","55.9","717","point",,,,"PHONE/TABLET LOCATION",,"",
"2026-06-07 07:42:00 am","69.4","62.6","30.05","68.9","56.0","727","point",,,,"PHONE/TABLET LOCATION",,"",
"2026-06-07 07:44:00 am","69.5","62.4","30.04","69.1","56.1","743","point",,,,"PHONE/TABLET LOCATION",,"",
"2026-06-07 07:46:00 am","69.7","62.2","30.04","69.3","56.2","755","point",,,,"PHONE/TABLET LOCATION",,"",
"2026-06-07 07:48:00 am","69.8","62.1","30.05","69.6","56.3","755","point",,,,"PHONE/TABLET LOCATION",,"",
"2026-06-07 07:50:00 am","70.0","62.1","30.04","69.8","56.4","774","point",,,,"PHONE/TABLET LOCATION",,"",
"2026-06-07 07:52:00 am","70.1","62.0","30.05","69.8","56.5","772","point",,,,"PHONE/TABLET LOCATION",,"",
"2026-06-07 07:54:00 am","70.1","62.0","30.05","69.8","56.5","774","point",,,,"PHONE/TABLET LOCATION",,"",
"2026-06-07 07:56:00 am","70.3","61.9","30.07","70.0","56.6","762","point",,,,"PHONE/TABLET LOCATION",,"",
"2026-06-07 07:58:00 am","70.4","61.9","29.99","70.3","56.7","862","point",,,,"PHONE/TABLET LOCATION",,"",
"2026-06-07 08:00:00 am","70.4","61.9","30.11","70.3","56.7","719","point",,,,"PHONE/TABLET LOCATION",,"",
"2026-06-07 08:02:00 am","70.4","61.9","30.12","70.3","56.7","710","point",,,,"PHONE/TABLET LOCATION",,"",
"2026-06-07 08:04:00 am","70.5","61.9","30.13","70.3","56.8","710","point",,,,"PHONE/TABLET LOCATION",,"",
"2026-06-07 08:06:00 am","70.5","61.9","30.14","70.3","56.8","700","point",,,,"PHONE/TABLET LOCATION",,"",
"2026-06-07 08:08:00 am","70.5","61.9","30.14","70.5","56.8","705","point",,,,"PHONE/TABLET LOCATION",,"",
"2026-06-07 08:10:00 am","70.5","61.8","30.14","70.5","56.8","705","point",,,,"PHONE/TABLET LOCATION",,"",
"2026-06-07 08:12:00 am","70.6","61.8","30.13","70.5","56.8","710","point",,,,"PHONE/TABLET LOCATION",,"",
"2026-06-07 08:14:00 am","70.6","61.8","30.11","70.5","56.8","734","point",,,,"PHONE/TABLET LOCATION",,"",
"2026-06-07 08:16:00 am","70.5","61.8","30.10","70.5","56.8","746","point",,,,"PHONE/TABLET LOCATION",,"",
"2026-06-07 08:18:00 am","70.5","61.8","30.08","70.5","56.8","765","point",,,,"PHONE/TABLET LOCATION",,"",
"2026-06-07 08:20:00 am","70.5","61.8","30.09","70.5","56.8","762","point",,,,"PHONE/TABLET LOCATION",,"",
"2026-06-07 08:22:00 am","70.5","61.8","30.09","70.5","56.8","760","point",,,,"PHONE/TABLET LOCATION",,"",
"2026-06-07 08:24:00 am","70.5","61.8","30.09","70.3","56.8","758","point",,,,"PHONE/TABLET LOCATION",,"",
"2026-06-07 08:26:00 am","70.5","61.7","30.09","70.3","56.7","758","point",,,,"PHONE/TABLET LOCATION",,"",
"2026-06-07 08:28:00 am","70.5","61.8","30.09","70.3","56.8","753","point",,,,"PHONE/TABLET LOCATION",,"",
"2026-06-07 08:30:00 am","70.5","61.7","30.08","70.5","56.7","772","point",,,,"PHONE/TABLET LOCATION",,"",
"2026-06-07 08:32:00 am","70.5","61.6","30.09","70.5","56.7","762","point",,,,"PHONE/TABLET LOCATION",,"",
"2026-06-07 08:34:00 am","70.5","61.6","30.09","70.5","56.7","762","point",,,,"PHONE/TABLET LOCATION",,"",
"2026-06-07 08:36:00 am","70.4","61.6","30.09","70.3","56.6","750","point",,,,"PHONE/TABLET LOCATION",,"",
"2026-06-07 08:38:00 am","70.4","61.6","30.09","70.3","56.6","753","point",,,,"PHONE/TABLET LOCATION",,"",
"2026-06-07 08:40:00 am","70.4","61.6","30.07","70.3","56.6","770","point",,,,"PHONE/TABLET LOCATION",,"",
"2026-06-07 08:42:00 am","70.4","61.6","30.07","70.3","56.6","765","point",,,,"PHONE/TABLET LOCATION",,"",
"2026-06-07 08:44:00 am","70.4","61.6","30.07","70.3","56.6","770","point",,,,"PHONE/TABLET LOCATION",,"",
"2026-06-07 08:46:00 am","70.3","61.6","30.07","70.0","56.5","758","point",,,,"PHONE/TABLET LOCATION",,"",
"2026-06-07 08:48:00 am","70.4","61.6","30.08","70.3","56.6","762","point",,,,"PHONE/TABLET LOCATION",,"",
"2026-06-07 08:50:00 am","70.3","61.6","30.08","70.0","56.5","753","point",,,,"PHONE/TABLET LOCATION",,"",
"2026-06-07 08:52:00 am","70.3","61.7","30.08","70.0","56.5","750","point",,,,"PHONE/TABLET LOCATION",,"",
"2026-06-07 08:54:00 am","70.2","61.7","30.07","70.0","56.4","758","point",,,,"PHONE/TABLET LOCATION",,"",
"2026-06-07 08:56:00 am","70.1","61.7","30.08","69.8","56.4","743","point",,,,"PHONE/TABLET LOCATION",,"",
"2026-06-07 08:58:00 am","70.2","61.7","30.07","70.0","56.4","755","point",,,,"PHONE/TABLET LOCATION",,"",
"2026-06-07 09:00:00 am","70.1","61.7","30.08","69.8","56.4","746","point",,,,"PHONE/TABLET LOCATION",,"",
"2026-06-07 09:02:00 am","70.0","61.8","30.07","69.8","56.3","741","point",,,,"PHONE/TABLET LOCATION",,"",
"2026-06-07 09:04:00 am","70.1","61.8","30.07","69.8","56.4","746","point",,,,"PHONE/TABLET LOCATION",,"",
"2026-06-07 09:06:00 am","70.0","61.9","30.07","69.8","56.3","741","point",,,,"PHONE/TABLET LOCATION",,"",
"2026-06-07 09:08:00 am","70.0","61.9","30.07","69.8","56.3","736","point",,,,"PHONE/TABLET LOCATION",,"",
"2026-06-07 09:10:00 am","69.9","61.9","30.07","69.6","56.2","731","point",,,,"PHONE/TABLET LOCATION",,"",
"2026-06-07 09:12:00 am","69.9","61.9","30.07","69.6","56.3","731","point",,,,"PHONE/TABLET LOCATION",,"",
"2026-06-07 09:14:00 am","69.9","62.0","30.08","69.6","56.2","722","point",,,,"PHONE/TABLET LOCATION",,"",
"2026-06-07 09:16:00 am","69.8","62.0","30.09","69.3","56.2","700","point",,,,"PHONE/TABLET LOCATION",,"",
"2026-06-07 09:18:00 am","69.8","62.0","30.09","69.6","56.2","707","point",,,,"PHONE/TABLET LOCATION",,"",
"2026-06-07 09:20:00 am","69.8","62.0","30.10","69.6","56.2","700","point",,,,"PHONE/TABLET LOCATION",,"",
"2026-06-07 09:22:00 am","69.8","62.0","30.09","69.3","56.2","700","point",,,,"PHONE/TABLET LOCATION",,"",
"2026-06-07 09:24:00 am","69.7","62.1","30.10","69.3","56.2","693","point",,,,"PHONE/TABLET LOCATION",,"",
"2026-06-07 09:26:00 am","69.7","62.1","30.09","69.3","56.1","695","point",,,,"PHONE/TABLET LOCATION",,"",
"2026-06-07 09:28:00 am","69.7","62.0","30.09","69.3","56.1","691","point",,,,"PHONE/TABLET LOCATION",,"",
"2026-06-07 09:30:00 am","69.6","62.0","30.09","69.3","56.0","688","point",,,,"PHONE/TABLET LOCATION",,"",
"2026-06-07 09:32:00 am","69.5","62.0","30.01","69.1","55.9","770","point",,,,"PHONE/TABLET LOCATION",,"",
"2026-06-07 09:34:00 am","69.5","62.0","29.93","69.1","55.9","862","point",,,,"PHONE/TABLET LOCATION",,"",
"2026-06-07 09:36:00 am","69.6","62.0","29.96","69.3","56.0","840","point",,,,"PHONE/TABLET LOCATION",,"",
"2026-06-07 09:38:00 am","69.5","61.9","29.80","69.1","55.9","1020","point",,,,"PHONE/TABLET LOCATION",,"",
"2026-06-07 09:40:00 am","69.5","62.0","29.69","69.1","55.9","1147","point",,,,"PHONE/TABLET LOCATION",,"",
"2026-06-07 09:42:00 am","69.5","62.0","29.73","69.1","55.9","1091","point",,,,"PHONE/TABLET LOCATION",,"",
"2026-06-07 09:44:00 am","69.4","62.0","29.76","68.9","55.9","1054","point",,,,"PHONE/TABLET LOCATION",,"",
"2026-06-07 09:46:00 am","69.4","62.0","29.71","68.9","55.8","1108","point",,,,"PHONE/TABLET LOCATION",,"",
"2026-06-07 09:48:00 am","69.4","62.1","29.72","68.9","55.8","1096","point",,,,"PHONE/TABLET LOCATION",,"",
"2026-06-07 09:50:00 am","69.3","62.1","29.76","68.9","55.7","1047","point",,,,"PHONE/TABLET LOCATION",,"",
"2026-06-07 09:52:00 am","69.4","62.1","29.83","68.9","55.9","967","point",,,,"PHONE/TABLET LOCATION",,"",
"2026-06-07 09:54:00 am","69.2","62.2","29.86","68.5","55.7","930","point",,,,"PHONE/TABLET LOCATION",,"",
"2026-06-07 09:56:00 am","69.2","62.2","29.90","68.5","55.7","882","point",,,,"PHONE/TABLET LOCATION",,"",
"2026-06-07 09:58:00 am","69.3","62.2","29.92","68.9","55.8","862","point",,,,"PHONE/TABLET LOCATION",,"",
"2026-06-07 10:00:00 am","69.1","62.2","29.92","68.5","55.7","852","point",,,,"PHONE/TABLET LOCATION",,"",
"2026-06-07 10:02:00 am","69.1","62.2","29.94","68.5","55.7","833","point",,,,"PHONE/TABLET LOCATION",,"",
"2026-06-07 10:04:00 am","69.1","62.2","29.91","68.4","55.6","855","point",,,,"PHONE/TABLET LOCATION",,"",
"2026-06-07 10:06:00 am","69.1","62.3","29.85","68.5","55.7","928","point",,,,"PHONE/TABLET LOCATION",,"",
"2026-06-07 10:08:00 am","69.0","62.3","29.97","68.4","55.5","779","point",,,,"PHONE/TABLET LOCATION",,"",
"2026-06-07 10:10:00 am","69.1","62.3","29.99","68.4","55.6","762","point",,,,"PHONE/TABLET LOCATION",,"",
"2026-06-07 10:12:00 am","69.0","62.3","29.95","68.4","55.6","811","point",,,,"PHONE/TABLET LOCATION",,"",
"2026-06-07 10:14:00 am","69.0","62.3","29.91","68.4","55.6","852","point",,,,"PHONE/TABLET LOCATION",,"",
"2026-06-07 10:16:00 am","69.0","62.4","29.92","68.4","55.6","843","point",,,,"PHONE/TABLET LOCATION",,"",
"2026-06-07 10:18:00 am","69.0","62.4","29.88","68.4","55.6","886","point",,,,"PHONE/TABLET LOCATION",,"",
"2026-06-07 10:20:00 am","68.9","62.4","29.84","68.4","55.5","928","point",,,,"PHONE/TABLET LOCATION",,"",
"2026-06-07 10:22:00 am","68.9","62.4","29.74","68.4","55.6","1045","point",,,,"PHONE/TABLET LOCATION",,"",
"2026-06-07 10:24:00 am","68.9","62.4","29.62","68.4","55.6","1178","point",,,,"PHONE/TABLET LOCATION",,"",
"2026-06-07 10:26:00 am","68.8","62.5","29.64","68.0","55.5","1152","point",,,,"PHONE/TABLET LOCATION",,"",
"2026-06-07 10:28:00 am","68.8","62.5","29.73","68.0","55.4","1045","point",,,,"PHONE/TABLET LOCATION",,"",
"2026-06-07 10:30:00 am","68.8","62.5","29.78","68.0","55.4","989","point",,,,"PHONE/TABLET LOCATION",,"",
"2026-06-07 10:32:00 am","68.8","62.5","29.80","68.0","55.4","969","point",,,,"PHONE/TABLET LOCATION",,"",
"2026-06-07 10:34:00 am","68.7","62.5","29.85","68.0","55.4","908","point",,,,"PHONE/TABLET LOCATION",,"",
"2026-06-07 10:36:00 am","68.7","62.5","29.90","68.0","55.4","852","point",,,,"PHONE/TABLET LOCATION",,"",
"2026-06-07 10:38:00 am","68.6","62.6","29.92","67.8","55.3","818","point",,,,"PHONE/TABLET LOCATION",,"",
"2026-06-07 10:40:00 am","68.6","62.6","29.86","67.8","55.4","886","point",,,,"PHONE/TABLET LOCATION",,"",
"2026-06-07 10:42:00 am","68.7","62.6","29.77","67.8","55.4","993","point",,,,"PHONE/TABLET LOCATION",,"",
"2026-06-07 10:44:00 am","68.6","62.6","29.79","67.8","55.3","972","point",,,,"PHONE/TABLET LOCATION",,"",
"2026-06-07 10:46:00 am","68.6","62.6","29.83","67.8","55.4","930","point",,,,"PHONE/TABLET LOCATION",,"",
"2026-06-07 10:48:00 am","68.6","62.7","29.88","67.8","55.3","864","point",,,,"PHONE/TABLET LOCATION",,"",
"2026-06-07 10:50:00 am","68.6","62.7","29.88","67.8","55.3","860","point",,,,"PHONE/TABLET LOCATION",,"",
"2026-06-07 10:52:00 am","68.5","62.7","29.85","67.6","55.3","886","point",,,,"PHONE/TABLET LOCATION",,"",
"2026-06-07 10:54:00 am","68.5","62.7","29.91","67.6","55.2","818","point",,,,"PHONE/TABLET LOCATION",,"",
"2026-06-07 10:56:00 am","68.5","62.8","29.90","67.6","55.3","826","point",,,,"PHONE/TABLET LOCATION",,"",
"2026-06-07 10:58:00 am","68.5","62.7","29.89","67.6","55.3","850","point",,,,"PHONE/TABLET LOCATION",,"",
"2026-06-07 11:00:00 am","68.5","62.8","29.88","67.6","55.3","860","point",,,,"PHONE/TABLET LOCATION",,"",
"2026-06-07 11:02:00 am","68.5","62.8","29.85","67.6","55.3","882","point",,,,"PHONE/TABLET LOCATION",,"",
"2026-06-07 11:04:00 am","68.5","62.8","29.84","67.6","55.3","901","point",,,,"PHONE/TABLET LOCATION",,"",
"2026-06-07 11:06:00 am","68.5","62.8","29.88","67.6","55.3","855","point",,,,"PHONE/TABLET LOCATION",,"",
"2026-06-07 11:08:00 am","68.5","62.9","29.88","67.6","55.3","857","point",,,,"PHONE/TABLET LOCATION",,"",
"2026-06-07 11:10:00 am","68.5","62.9","29.84","67.6","55.3","896","point",,,,"PHONE/TABLET LOCATION",,"",
"2026-06-07 11:12:00 am","68.5","62.9","29.88","67.6","55.3","857","point",,,,"PHONE/TABLET LOCATION",,"",
"2026-06-07 11:14:00 am","68.4","62.9","29.89","67.6","55.3","843","point",,,,"PHONE/TABLET LOCATION",,"",
"2026-06-07 11:16:00 am","68.5","63.0","29.95","67.6","55.3","777","point",,,,"PHONE/TABLET LOCATION",,"",
"2026-06-07 11:18:00 am","68.4","63.0","29.94","67.6","55.3","774","point",,,,"PHONE/TABLET LOCATION",,"",
"2026-06-07 11:20:00 am","68.4","63.0","29.89","67.6","55.3","835","point",,,,"PHONE/TABLET LOCATION",,"",
"2026-06-07 11:22:00 am","68.4","63.0","29.89","67.6","55.3","838","point",,,,"PHONE/TABLET LOCATION",,"",
"2026-06-07 11:24:00 am","68.4","63.0","29.86","67.6","55.3","864","point",,,,"PHONE/TABLET LOCATION",,"",
"2026-06-07 11:26:00 am","68.3","63.0","29.81","67.5","55.2","925","point",,,,"PHONE/TABLET LOCATION",,"",
"2026-06-07 11:28:00 am","68.4","63.1","29.80","67.6","55.3","942","point",,,,"PHONE/TABLET LOCATION",,"",
"2026-06-07 11:30:00 am","68.3","63.1","29.78","67.5","55.3","962","point",,,,"PHONE/TABLET LOCATION",,"",
"2026-06-07 11:32:00 am","68.3","63.1","29.76","67.5","55.3","986","point",,,,"PHONE/TABLET LOCATION",,"",
"2026-06-07 11:34:00 am","68.3","63.1","29.74","67.5","55.3","1003","point",,,,"PHONE/TABLET LOCATION",,"",
"2026-06-07 11:36:00 am","68.3","63.1","29.71","67.5","55.3","1037","point",,,,"PHONE/TABLET LOCATION",,"",
"2026-06-07 11:38:00 am","68.3","63.1","29.70","67.5","55.3","1049","point",,,,"PHONE/TABLET LOCATION",,"",
"2026-06-07 11:40:00 am","68.3","63.2","29.70","67.5","55.2","1040","point",,,,"PHONE/TABLET LOCATION",,"",
"2026-06-07 11:42:00 am","68.4","63.2","29.70","67.6","55.4","1059","point",,,,"PHONE/TABLET LOCATION",,"",
"2026-06-07 11:44:00 am","68.3","63.2","29.72","67.5","55.3","1028","point",,,,"PHONE/TABLET LOCATION",,"",
"2026-06-07 11:46:00 am","68.3","63.2","29.64","67.5","55.3","1118","point",,,,"PHONE/TABLET LOCATION",,"",
"2026-06-07 11:48:00 am","68.3","63.2","29.62","67.5","55.3","1147","point",,,,"PHONE/TABLET LOCATION",,"",
"2026-06-07 11:50:00 am","68.3","63.3","29.58","67.5","55.4","1191","point",,,,"PHONE/TABLET LOCATION",,"",
"2026-06-07 11:52:00 am","68.3","63.3","29.55","67.5","55.3","1225","point",,,,"PHONE/TABLET LOCATION",,"",
"2026-06-07 11:54:00 am","68.3","63.3","29.58","67.5","55.4","1191","point",,,,"PHONE/TABLET LOCATION",,"",
"2026-06-07 11:56:00 am","68.3","63.3","29.60","67.5","55.3","1166","point",,,,"PHONE/TABLET LOCATION",,"",
"2026-06-07 11:58:00 am","68.3","63.4","29.62","67.5","55.4","1135","point",,,,"PHONE/TABLET LOCATION",,"",
"2026-06-07 12:00:00 pm","68.3","63.4","29.62","67.5","55.4","1142","point",,,,"PHONE/TABLET LOCATION",,"",
"2026-06-07 12:02:00 pm","68.3","63.4","29.70","67.5","55.4","1054","point",,,,"PHONE/TABLET LOCATION",,"",
"2026-06-07 12:04:00 pm","68.3","63.4","29.75","67.5","55.4","996","point",,,,"PHONE/TABLET LOCATION",,"",
"2026-06-07 12:06:00 pm","68.3","63.4","29.81","67.5","55.4","916","point",,,,"PHONE/TABLET LOCATION",,"",
"2026-06-07 12:08:00 pm","68.3","63.4","29.77","67.5","55.4","969","point",,,,"PHONE/TABLET LOCATION",,"",
"2026-06-07 12:10:00 pm","68.3","63.5","29.80","67.5","55.5","937","point",,,,"PHONE/TABLET LOCATION",,"",
"2026-06-07 12:12:00 pm","68.3","63.5","29.80","67.5","55.4","935","point",,,,"PHONE/TABLET LOCATION",,"",
"2026-06-07 12:14:00 pm","68.3","63.5","29.73","67.5","55.4","1010","point",,,,"PHONE/TABLET LOCATION",,"",
"2026-06-07 12:16:00 pm","68.3","63.5","29.70","67.5","55.5","1054","point",,,,"PHONE/TABLET LOCATION",,"",
"2026-06-07 12:18:00 pm","68.3","63.5","29.62","67.5","55.5","1147","point",,,,"PHONE/TABLET LOCATION",,"",
"2026-06-07 12:20:00 pm","68.3","63.6","29.58","67.5","55.4","1186","point",,,,"PHONE/TABLET LOCATION",,"",
"2026-06-07 12:22:00 pm","68.3","63.5","29.59","67.5","55.4","1178","point",,,,"PHONE/TABLET LOCATION",,"",
"2026-06-07 12:24:00 pm","68.3","63.6","29.63","67.5","55.5","1139","point",,,,"PHONE/TABLET LOCATION",,"",
"2026-06-07 12:26:00 pm","68.3","63.6","29.66","67.5","55.5","1105","point",,,,"PHONE/TABLET LOCATION",,"",
"2026-06-07 12:28:00 pm","68.4","63.6","29.65","67.6","55.5","1115","point",,,,"PHONE/TABLET LOCATION",,"",
"2026-06-07 12:30:00 pm","68.3","63.6","29.68","67.5","55.5","1074","point",,,,"PHONE/TABLET LOCATION",,"",
"2026-06-07 12:32:00 pm","68.3","63.6","29.64","67.5","55.5","1127","point",,,,"PHONE/TABLET LOCATION",,"",
"2026-06-07 12:34:00 pm","68.3","63.7","29.64","67.5","55.5","1122","point",,,,"PHONE/TABLET LOCATION",,"",
"2026-06-07 12:36:00 pm","68.3","63.7","29.69","67.5","55.5","1062","point",,,,"PHONE/TABLET LOCATION",,"",
"2026-06-07 12:38:00 pm","68.3","63.7","29.69","67.5","55.5","1066","point",,,,"PHONE/TABLET LOCATION",,"",
"2026-06-07 12:40:00 pm","68.3","63.7","29.75","67.5","55.6","1003","point",,,,"PHONE/TABLET LOCATION",,"",
"2026-06-07 12:42:00 pm","68.3","63.7","29.59","67.5","55.5","1176","point",,,,"PHONE/TABLET LOCATION",,"",
"2026-06-07 12:44:00 pm","68.4","63.8","29.60","67.6","55.6","1171","point",,,,"PHONE/TABLET LOCATION",,"",
"2026-06-07 12:46:00 pm","68.3","63.8","29.68","67.5","55.6","1076","point",,,,"PHONE/TABLET LOCATION",,"",
"2026-06-07 12:48:00 pm","68.4","63.8","29.67","67.6","55.6","1096","point",,,,"PHONE/TABLET LOCATION",,"",
"2026-06-07 12:50:00 pm","68.5","63.8","29.67","67.6","55.7","1103","point",,,,"PHONE/TABLET LOCATION",,"",
"2026-06-07 12:52:00 pm","68.4","63.8","29.71","67.8","55.6","1042","point",,,,"PHONE/TABLET LOCATION",,"",
"2026-06-07 12:54:00 pm","68.4","63.8","29.75","67.8","55.7","1008","point",,,,"PHONE/TABLET LOCATION",,"",
"2026-06-07 12:56:00 pm","68.4","63.8","29.65","67.8","55.7","1120","point",,,,"PHONE/TABLET LOCATION",,"",
"2026-06-07 12:58:00 pm","68.4","63.9","29.70","67.8","55.7","1066","point",,,,"PHONE/TABLET LOCATION",,"",
"2026-06-07 01:00:00 pm","68.4","63.9","29.60","67.8","55.7","1171","point",,,,"PHONE/TABLET LOCATION",,"",
"2026-06-07 01:02:00 pm","68.4","63.9","29.50","67.8","55.7","1283","point",,,,"PHONE/TABLET LOCATION",,"",
"2026-06-07 01:04:00 pm","68.4","63.9","29.54","67.8","55.7","1250","point",,,,"PHONE/TABLET LOCATION",,"",
"2026-06-07 01:06:00 pm","68.5","63.9","29.50","67.8","55.8","1295","point",,,,"PHONE/TABLET LOCATION",,"",
"2026-06-07 01:08:00 pm","68.4","63.9","29.43","67.8","55.7","1368","point",,,,"PHONE/TABLET LOCATION",,"",
"2026-06-07 01:10:00 pm","68.4","63.9","29.39","67.8","55.7","1415","point",,,,"PHONE/TABLET LOCATION",,"",
"2026-06-07 01:12:00 pm","68.4","64.0","29.49","67.8","55.8","1298","point",,,,"PHONE/TABLET LOCATION",,"",
"2026-06-07 01:14:00 pm","68.5","64.0","29.61","67.8","55.8","1174","point",,,,"PHONE/TABLET LOCATION",,"",
"2026-06-07 01:16:00 pm","68.5","64.0","29.64","67.8","55.8","1130","point",,,,"PHONE/TABLET LOCATION",,"",
"2026-06-07 01:18:00 pm","68.5","64.0","29.70","67.8","55.8","1062","point",,,,"PHONE/TABLET LOCATION",,"",
"2026-06-07 01:20:00 pm","68.4","64.0","29.67","67.8","55.8","1096","point",,,,"PHONE/TABLET LOCATION",,"",
"2026-06-07 01:22:00 pm","68.5","64.0","29.67","67.8","55.8","1096","point",,,,"PHONE/TABLET LOCATION",,"",
"2026-06-07 01:24:00 pm","68.5","64.0","29.64","67.8","55.8","1130","point",,,,"PHONE/TABLET LOCATION",,"",
"2026-06-07 01:26:00 pm","68.4","64.1","29.62","67.8","55.8","1147","point",,,,"PHONE/TABLET LOCATION",,"",
"2026-06-07 01:28:00 pm","68.5","64.1","29.62","67.8","55.8","1149","point",,,,"PHONE/TABLET LOCATION",,"",
"2026-06-07 01:30:00 pm","68.5","64.1","29.67","67.8","55.9","1093","point",,,,"PHONE/TABLET LOCATION",,"",
"2026-06-07 01:42:00 pm","68.6","64.3","29.67","68.0","56.0","1110","point",,,,"PHONE/TABLET LOCATION",,"",
"2026-06-07 01:44:00 pm","68.5","64.3","29.67","67.8","56.0","1108","point",,,,"PHONE/TABLET LOCATION",,"",
"2026-06-07 01:46:00 pm","68.5","64.3","29.66","67.8","56.0","1108","point",,,,"PHONE/TABLET LOCATION",,"",
"2026-06-07 01:48:00 pm","68.5","64.4","29.67","67.8","56.0","1103","point",,,,"PHONE/TABLET LOCATION",,"",
"2026-06-07 01:50:00 pm","68.6","64.3","29.67","68.0","56.1","1103","point",,,,"PHONE/TABLET LOCATION",,"",
"2026-06-07 01:52:00 pm","68.5","64.4","29.67","67.8","56.0","1101","point",,,,"PHONE/TABLET LOCATION",,"",
"2026-06-07 01:54:00 pm","68.6","64.4","29.66","68.0","56.1","1120","point",,,,"PHONE/TABLET LOCATION",,"",
"2026-06-07 01:56:00 pm","68.6","64.4","29.64","68.0","56.1","1144","point",,,,"PHONE/TABLET LOCATION",,"",
"2026-06-07 01:58:00 pm","68.6","64.5","29.62","68.0","56.1","1161","point",,,,"PHONE/TABLET LOCATION",,"",
"2026-06-07 02:00:00 pm","68.6","64.5","29.62","68.0","56.2","1171","point",,,,"PHONE/TABLET LOCATION",,"",
"2026-06-07 02:02:00 pm","68.6","64.6","29.63","68.0","56.2","1164","point",,,,"PHONE/TABLET LOCATION",,"",
"2026-06-07 02:04:00 pm","68.7","64.5","29.63","68.0","56.3","1166","point",,,,"PHONE/TABLET LOCATION",,"",
"2026-06-07 02:06:00 pm","68.6","64.5","29.62","68.0","56.2","1166","point",,,,"PHONE/TABLET LOCATION",,"",
"2026-06-07 02:08:00 pm","68.6","64.5","29.63","68.0","56.2","1161","point",,,,"PHONE/TABLET LOCATION",,"",
"2026-06-07 02:10:00 pm","68.7","64.5","29.62","68.0","56.2","1171","point",,,,"PHONE/TABLET LOCATION",,"",
"2026-06-07 02:12:00 pm","68.6","64.5","29.63","68.0","56.2","1161","point",,,,"PHONE/TABLET LOCATION",,"",
"2026-06-07 02:14:00 pm","68.6","64.6","29.62","68.0","56.2","1171","point",,,,"PHONE/TABLET LOCATION",,"",
"2026-06-07 02:16:00 pm","68.6","64.6","29.62","68.0","56.2","1166","point",,,,"PHONE/TABLET LOCATION",,"",
"2026-06-07 02:18:00 pm","68.7","64.6","29.61","68.2","56.3","1191","point",,,,"PHONE/TABLET LOCATION",,"",
"2026-06-07 02:20:00 pm","68.7","64.6","29.63","68.2","56.3","1164","point",,,,"PHONE/TABLET LOCATION",,"",
"2026-06-07 02:22:00 pm","68.6","64.6","29.66","68.0","56.3","1122","point",,,,"PHONE/TABLET LOCATION",,"",
"2026-06-07 02:24:00 pm","68.7","64.7","29.68","68.2","56.4","1108","point",,,,"PHONE/TABLET LOCATION",,"",
"2026-06-07 02:26:00 pm","68.9","64.7","29.70","68.2","56.5","1093","point",,,,"PHONE/TABLET LOCATION",,"",
"2026-06-07 02:28:00 pm","68.9","64.7","29.72","68.2","56.5","1066","point",,,,"PHONE/TABLET LOCATION",,"",
"2026-06-07 02:30:00 pm","68.8","64.8","29.73","68.2","56.4","1059","point",,,,"PHONE/TABLET LOCATION",,"",
"2026-06-07 02:32:00 pm","68.8","64.8","29.73","68.2","56.5","1052","point",,,,"PHONE/TABLET LOCATION",,"",
"2026-06-07 02:34:00 pm","68.8","64.8","29.72","68.2","56.4","1064","point",,,,"PHONE/TABLET LOCATION",,"",
"2026-06-07 02:36:00 pm","68.9","64.8","29.73","68.5","56.6","1064","point",,,,"PHONE/TABLET LOCATION",,"",
"2026-06-07 02:38:00 pm","68.9","64.8","29.72","68.2","56.5","1066","point",,,,"PHONE/TABLET LOCATION",,"",
"2026-06-07 02:40:00 pm","68.8","64.8","29.72","68.2","56.5","1062","point",,,,"PHONE/TABLET LOCATION",,"",
"2026-06-07 02:42:00 pm","68.9","64.8","29.73","68.5","56.6","1062","point",,,,"PHONE/TABLET LOCATION",,"",
"2026-06-07 02:44:00 pm","68.9","64.8","29.70","68.5","56.6","1105","point",,,,"PHONE/TABLET LOCATION",,"",
"2026-06-07 02:46:00 pm","68.9","64.8","29.70","68.5","56.6","1103","point",,,,"PHONE/TABLET LOCATION",,"",
"2026-06-07 02:48:00 pm","68.9","64.8","29.69","68.5","56.6","1110","point",,,,"PHONE/TABLET LOCATION",,"",
"2026-06-07 02:50:00 pm","68.9","64.8","29.70","68.5","56.6","1103","point",,,,"PHONE/TABLET LOCATION",,"",
"2026-06-07 02:52:00 pm","68.9","64.8","29.69","68.2","56.5","1105","point",,,,"PHONE/TABLET LOCATION",,"",
"2026-06-07 02:54:00 pm","68.9","64.8","29.69","68.5","56.6","1110","point",,,,"PHONE/TABLET LOCATION",,"",
"2026-06-07 02:56:00 pm","69.0","64.8","29.69","68.5","56.7","1120","point",,,,"PHONE/TABLET LOCATION",,"",
"2026-06-07 02:58:00 pm","68.9","64.8","29.68","68.5","56.6","1118","point",,,,"PHONE/TABLET LOCATION",,"",
"2026-06-07 03:00:00 pm","68.9","64.9","29.69","68.5","56.6","1115","point",,,,"PHONE/TABLET LOCATION",,"",
"2026-06-07 03:02:00 pm","69.0","64.9","29.69","68.5","56.7","1115","point",,,,"PHONE/TABLET LOCATION",,"",
"2026-06-07 03:04:00 pm","69.0","64.9","29.69","68.5","56.7","1115","point",,,,"PHONE/TABLET LOCATION",,"",
"2026-06-07 03:06:00 pm","69.0","64.9","29.68","68.5","56.7","1125","point",,,,"PHONE/TABLET LOCATION",,"",
"2026-06-07 03:08:00 pm","69.1","65.2","29.68","68.5","56.9","1132","point",,,,"PHONE/TABLET LOCATION",,"",
"2026-06-07 03:10:00 pm","69.2","65.1","29.69","68.7","57.0","1135","point",,,,"PHONE/TABLET LOCATION",,"",
"2026-06-07 03:12:00 pm","69.4","64.9","29.68","69.1","57.1","1149","point",,,,"PHONE/TABLET LOCATION",,"",
"2026-06-07 03:14:00 pm","69.5","64.6","29.68","69.3","57.0","1157","point",,,,"PHONE/TABLET LOCATION",,"",
"2026-06-07 03:16:00 pm","69.5","64.3","29.68","69.3","56.9","1159","point",,,,"PHONE/TABLET LOCATION",,"",
"2026-06-07 03:18:00 pm","69.7","63.9","29.67","69.4","56.9","1178","point",,,,"PHONE/TABLET LOCATION",,"",
"2026-06-07 03:20:00 pm","69.9","65.6","29.68","69.8","57.8","1195","point",,,,"PHONE/TABLET LOCATION",,"",
"2026-06-07 03:22:00 pm","70.1","63.6","29.69","70.0","57.2","1195","point",,,,"PHONE/TABLET LOCATION",,"",
"2026-06-07 03:24:00 pm","70.2","61.2","29.68","70.0","56.2","1203","point",,,,"PHONE/TABLET LOCATION",,"",
"2026-06-07 03:26:00 pm","70.3","59.4","29.68","69.8","55.5","1203","point",,,,"PHONE/TABLET LOCATION",,"",
"2026-06-07 03:28:00 pm","70.5","58.0","29.68","70.2","55.0","1210","point",,,,"PHONE/TABLET LOCATION",,"",
"2026-06-07 03:30:00 pm","70.5","56.8","29.68","70.2","54.5","1212","point",,,,"PHONE/TABLET LOCATION",,"",
"2026-06-07 03:32:00 pm","70.6","55.9","29.68","70.2","54.2","1210","point",,,,"PHONE/TABLET LOCATION",,"",
"2026-06-07 03:34:00 pm","70.8","55.2","29.68","70.5","53.9","1222","point",,,,"PHONE/TABLET LOCATION",,"",
"2026-06-07 03:36:00 pm","70.9","54.7","29.68","70.3","53.8","1225","point",,,,"PHONE/TABLET LOCATION",,"",
"2026-06-07 03:38:00 pm","71.1","54.1","29.68","70.5","53.7","1234","point",,,,"PHONE/TABLET LOCATION",,"",
"2026-06-07 03:40:00 pm","71.2","53.7","29.68","70.5","53.6","1244","point",,,,"PHONE/TABLET LOCATION",,"",
"2026-06-07 03:42:00 pm","71.3","53.3","29.68","70.7","53.5","1254","point",,,,"PHONE/TABLET LOCATION",,"",
"2026-06-07 03:44:00 pm","71.5","52.9","29.68","70.9","53.4","1266","point",,,,"PHONE/TABLET LOCATION",,"",
"2026-06-07 03:46:00 pm","71.6","52.7","29.69","70.9","53.4","1264","point",,,,"PHONE/TABLET LOCATION",,"",
"2026-06-07 03:48:00 pm","71.7","52.5","29.68","70.9","53.4","1271","point",,,,"PHONE/TABLET LOCATION",,"",
"2026-06-07 03:50:00 pm","71.9","52.3","29.68","71.1","53.4","1283","point",,,,"PHONE/TABLET LOCATION",,"",
"2026-06-07 03:52:00 pm","72.0","52.1","29.68","71.2","53.4","1293","point",,,,"PHONE/TABLET LOCATION",,"",
"2026-06-07 03:54:00 pm","72.0","51.9","29.68","71.2","53.4","1298","point",,,,"PHONE/TABLET LOCATION",,"",
"2026-06-07 03:56:00 pm","72.1","51.7","29.68","71.2","53.4","1300","point",,,,"PHONE/TABLET LOCATION",,"",
"2026-06-07 03:58:00 pm","72.3","51.6","29.68","71.4","53.4","1315","point",,,,"PHONE/TABLET LOCATION",,"",
"2026-06-07 04:00:00 pm","72.4","51.4","29.67","71.6","53.5","1327","point",,,,"PHONE/TABLET LOCATION",,"",
"2026-06-07 04:02:00 pm","72.5","51.2","29.67","71.6","53.4","1332","point",,,,"PHONE/TABLET LOCATION",,"",
"2026-06-07 04:04:00 pm","72.6","51.0","29.67","71.8","53.4","1339","point",,,,"PHONE/TABLET LOCATION",,"",
"2026-06-07 04:06:00 pm","72.7","50.7","29.68","71.8","53.4","1341","point",,,,"PHONE/TABLET LOCATION",,"",
"2026-06-07 04:08:00 pm","72.7","50.6","29.68","71.8","53.3","1341","point",,,,"PHONE/TABLET LOCATION",,"",
"2026-06-07 04:10:00 pm","72.8","50.5","29.67","71.8","53.3","1356","point",,,,"PHONE/TABLET LOCATION",,"",
"2026-06-07 04:12:00 pm","72.9","50.3","29.67","72.0","53.3","1358","point",,,,"PHONE/TABLET LOCATION",,"",
"2026-06-07 04:14:00 pm","73.0","50.1","29.67","72.0","53.3","1366","point",,,,"PHONE/TABLET LOCATION",,"",
"2026-06-07 04:16:00 pm","73.1","49.9","29.67","72.0","53.3","1371","point",,,,"PHONE/TABLET LOCATION",,"",
"2026-06-07 04:18:00 pm","73.1","49.8","29.68","72.0","53.3","1371","point",,,,"PHONE/TABLET LOCATION",,"",
"2026-06-07 04:20:00 pm","73.3","49.6","29.67","72.1","53.3","1383","point",,,,"PHONE/TABLET LOCATION",,"",
"2026-06-07 04:22:00 pm","73.3","49.5","29.68","72.1","53.3","1378","point",,,,"PHONE/TABLET LOCATION",,"",
"2026-06-07 04:24:00 pm","73.3","49.3","29.68","72.1","53.2","1378","point",,,,"PHONE/TABLET LOCATION",,"",
"2026-06-07 04:26:00 pm","73.5","49.2","29.68","72.3","53.3","1393","point",,,,"PHONE/TABLET LOCATION",,"",
"2026-06-07 04:28:00 pm","73.5","49.1","29.67","72.3","53.2","1397","point",,,,"PHONE/TABLET LOCATION",,"",
"2026-06-07 04:30:00 pm","73.6","49.0","29.68","72.5","53.3","1397","point",,,,"PHONE/TABLET LOCATION",,"",
"2026-06-07 04:32:00 pm","73.7","48.9","29.67","72.5","53.3","1410","point",,,,"PHONE/TABLET LOCATION",,"",
"2026-06-07 04:34:00 pm","73.8","48.8","29.67","72.7","53.3","1417","point",,,,"PHONE/TABLET LOCATION",,"",
"2026-06-07 04:36:00 pm","73.7","48.8","29.67","72.5","53.3","1420","point",,,,"PHONE/TABLET LOCATION",,"",
"2026-06-07 04:38:00 pm","73.9","48.7","29.67","72.7","53.3","1420","point",,,,"PHONE/TABLET LOCATION",,"",
"2026-06-07 04:40:00 pm","73.9","48.6","29.67","72.7","53.3","1427","point",,,,"PHONE/TABLET LOCATION",,"",
"2026-06-07 04:42:00 pm","74.0","48.5","29.67","72.9","53.3","1432","point",,,,"PHONE/TABLET LOCATION",,"",
"2026-06-07 04:44:00 pm","74.0","48.4","29.67","72.9","53.3","1430","point",,,,"PHONE/TABLET LOCATION",,"",
"2026-06-07 04:46:00 pm","74.0","48.5","29.68","72.9","53.4","1422","point",,,,"PHONE/TABLET LOCATION",,"",
"2026-06-07 04:48:00 pm","74.2","48.4","29.67","73.0","53.5","1442","point",,,,"PHONE/TABLET LOCATION",,"",
"2026-06-07 04:50:00 pm","74.2","48.3","29.67","72.9","53.4","1444","point",,,,"PHONE/TABLET LOCATION",,"",
"2026-06-07 04:52:00 pm","74.2","48.2","29.67","72.9","53.4","1452","point",,,,"PHONE/TABLET LOCATION",,"",
"2026-06-07 04:54:00 pm","74.2","48.2","29.67","72.9","53.4","1447","point",,,,"PHONE/TABLET LOCATION",,"",
"2026-06-07 04:56:00 pm","74.3","48.1","29.67","73.0","53.4","1457","point",,,,"PHONE/TABLET LOCATION",,"",
"2026-06-07 04:58:00 pm","74.4","48.0","29.67","73.0","53.5","1459","point",,,,"PHONE/TABLET LOCATION",,"",
"2026-06-07 05:00:00 pm","74.4","47.9","29.67","73.0","53.4","1469","point",,,,"PHONE/TABLET LOCATION",,"",
"2026-06-07 05:02:00 pm","74.5","47.8","29.67","73.2","53.4","1471","point",,,,"PHONE/TABLET LOCATION",,"",
"2026-06-07 05:04:00 pm","74.6","47.7","29.67","73.2","53.4","1476","point",,,,"PHONE/TABLET LOCATION",,"",
"2026-06-07 05:06:00 pm","74.6","47.7","29.67","73.2","53.5","1469","point",,,,"PHONE/TABLET LOCATION",,"",
"2026-06-07 05:08:00 pm","74.6","47.7","29.67","73.2","53.4","1476","point",,,,"PHONE/TABLET LOCATION",,"",
"2026-06-07 05:10:00 pm","74.7","47.7","29.67","73.4","53.5","1481","point",,,,"PHONE/TABLET LOCATION",,"",
"2026-06-07 05:12:00 pm","74.7","47.6","29.66","73.4","53.5","1494","point",,,,"PHONE/TABLET LOCATION",,"",
"2026-06-07 05:14:00 pm","74.8","47.5","29.67","73.4","53.5","1489","point",,,,"PHONE/TABLET LOCATION",,"",
"2026-06-07 05:16:00 pm","74.8","47.5","29.67","73.2","53.5","1491","point",,,,"PHONE/TABLET LOCATION",,"",
"2026-06-07 05:18:00 pm","74.9","47.5","29.66","73.6","53.6","1508","point",,,,"PHONE/TABLET LOCATION",,"",
"2026-06-07 05:20:00 pm","74.9","47.4","29.66","73.4","53.6","1503","point",,,,"PHONE/TABLET LOCATION",,"",
"2026-06-07 05:22:00 pm","74.9","47.4","29.67","73.4","53.5","1496","point",,,,"PHONE/TABLET LOCATION",,"",
"2026-06-07 05:24:00 pm","75.0","47.3","29.66","73.4","53.6","1503","point",,,,"PHONE/TABLET LOCATION",,"",
"2026-06-07 05:26:00 pm","75.0","47.4","29.66","73.4","53.6","1508","point",,,,"PHONE/TABLET LOCATION",,"",
"2026-06-07 05:28:00 pm","75.1","47.3","29.67","73.6","53.7","1506","point",,,,"PHONE/TABLET LOCATION",,"",
"2026-06-07 05:30:00 pm","75.1","47.3","29.66","73.6","53.7","1516","point",,,,"PHONE/TABLET LOCATION",,"",
"2026-06-07 05:32:00 pm","75.1","47.3","29.66","73.6","53.7","1521","point",,,,"PHONE/TABLET LOCATION",,"",
"2026-06-07 05:34:00 pm","75.2","47.2","29.66","73.6","53.7","1518","point",,,,"PHONE/TABLET LOCATION",,"",
"2026-06-07 05:36:00 pm","75.2","47.2","29.66","73.8","53.7","1526","point",,,,"PHONE/TABLET LOCATION",,"",
"2026-06-07 05:38:00 pm","75.3","47.2","29.66","73.8","53.8","1528","point",,,,"PHONE/TABLET LOCATION",,"",
"2026-06-07 05:40:00 pm","75.3","47.1","29.67","73.8","53.7","1523","point",,,,"PHONE/TABLET LOCATION",,"",
"2026-06-07 05:42:00 pm","75.3","47.1","29.66","73.8","53.8","1531","point",,,,"PHONE/TABLET LOCATION",,"",
"2026-06-07 05:44:00 pm","75.4","47.0","29.67","73.9","53.8","1533","point",,,,"PHONE/TABLET LOCATION",,"",
"2026-06-07 05:46:00 pm","75.4","47.0","29.66","73.9","53.8","1538","point",,,,"PHONE/TABLET LOCATION",,"",
"2026-06-07 05:48:00 pm","75.4","46.9","29.66","73.9","53.8","1540","point",,,,"PHONE/TABLET LOCATION",,"",
"2026-06-07 05:50:00 pm","75.5","47.0","29.65","73.9","53.9","1555","point",,,,"PHONE/TABLET LOCATION",,"",
"2026-06-07 05:52:00 pm","75.6","46.9","29.66","74.1","53.9","1550","point",,,,"PHONE/TABLET LOCATION",,"",
"2026-06-07 05:54:00 pm","75.6","47.0","29.66","74.1","53.9","1550","point",,,,"PHONE/TABLET LOCATION",,"",
"2026-06-07 05:56:00 pm","75.6","46.9","29.66","74.1","53.9","1553","point",,,,"PHONE/TABLET LOCATION",,"",
"2026-06-07 05:58:00 pm","75.6","46.9","29.67","74.1","53.9","1545","point",,,,"PHONE/TABLET LOCATION",,"",
"2026-06-07 06:00:00 pm","75.6","46.9","29.66","74.1","53.9","1550","point",,,,"PHONE/TABLET LOCATION",,"",
"2026-06-07 06:02:00 pm","75.7","46.9","29.66","74.1","54.0","1555","point",,,,"PHONE/TABLET LOCATION",,"",
"2026-06-07 06:04:00 pm","75.7","47.0","29.66","74.1","54.0","1553","point",,,,"PHONE/TABLET LOCATION",,"",
"2026-06-07 06:06:00 pm","75.8","46.9","29.66","74.3","54.1","1568","point",,,,"PHONE/TABLET LOCATION",,"",
"2026-06-07 06:08:00 pm","75.7","46.9","29.66","74.1","54.0","1560","point",,,,"PHONE/TABLET LOCATION",,"",
"2026-06-07 06:10:00 pm","75.7","46.9","29.66","74.1","54.0","1560","point",,,,"PHONE/TABLET LOCATION",,"",
"2026-06-07 06:12:00 pm","75.8","47.0","29.66","74.3","54.2","1565","point",,,,"PHONE/TABLET LOCATION",,"",
"2026-06-07 06:14:00 pm","75.8","47.0","29.66","74.3","54.2","1572","point",,,,"PHONE/TABLET LOCATION",,"",
"2026-06-07 06:16:00 pm","75.9","47.0","29.66","74.3","54.2","1575","point",,,,"PHONE/TABLET LOCATION",,"",
"2026-06-07 06:18:00 pm","75.9","46.9","29.65","74.3","54.2","1580","point",,,,"PHONE/TABLET LOCATION",,"",
"2026-06-07 06:20:00 pm","75.9","46.9","29.65","74.3","54.2","1580","point",,,,"PHONE/TABLET LOCATION",,"",
"2026-06-07 06:22:00 pm","76.0","46.8","29.65","74.5","54.2","1587","point",,,,"PHONE/TABLET LOCATION",,"",
"2026-06-07 06:24:00 pm","76.0","46.8","29.65","74.5","54.2","1585","point",,,,"PHONE/TABLET LOCATION",,"",
"2026-06-07 06:26:00 pm","76.0","46.7","29.65","74.5","54.2","1587","point",,,,"PHONE/TABLET LOCATION",,"",
"2026-06-07 06:28:00 pm","76.0","46.8","29.65","74.5","54.2","1587","point",,,,"PHONE/TABLET LOCATION",,"",
"2026-06-07 06:30:00 pm","76.0","46.7","29.65","74.5","54.2","1595","point",,,,"PHONE/TABLET LOCATION",,"",
"2026-06-07 06:32:00 pm","76.1","46.7","29.65","74.5","54.2","1595","point",,,,"PHONE/TABLET LOCATION",,"",
"2026-06-07 06:34:00 pm","76.1","46.8","29.65","74.5","54.2","1595","point",,,,"PHONE/TABLET LOCATION",,"",
"2026-06-07 06:36:00 pm","76.1","46.7","29.65","74.5","54.2","1597","point",,,,"PHONE/TABLET LOCATION",,"",
"2026-06-07 06:38:00 pm","76.1","46.7","29.65","74.5","54.3","1602","point",,,,"PHONE/TABLET LOCATION",,"",
"2026-06-07 06:40:00 pm","76.1","46.7","29.65","74.7","54.2","1600","point",,,,"PHONE/TABLET LOCATION",,"",
"2026-06-07 06:42:00 pm","76.2","46.8","29.65","74.7","54.3","1609","point",,,,"PHONE/TABLET LOCATION",,"",
"2026-06-07 06:44:00 pm","76.2","46.7","29.65","74.7","54.4","1605","point",,,,"PHONE/TABLET LOCATION",,"",
"2026-06-07 06:46:00 pm","76.2","46.7","29.65","74.5","54.3","1602","point",,,,"PHONE/TABLET LOCATION",,"",
"2026-06-07 06:48:00 pm","76.2","46.6","29.65","74.5","54.3","1614","point",,,,"PHONE/TABLET LOCATION",,"",
"2026-06-07 06:50:00 pm","76.2","46.7","29.65","74.7","54.4","1607","point",,,,"PHONE/TABLET LOCATION",,"",
"2026-06-07 06:52:00 pm","76.2","46.8","29.65","74.7","54.4","1602","point",,,,"PHONE/TABLET LOCATION",,"",
"2026-06-07 06:54:00 pm","76.3","46.8","29.65","74.8","54.5","1609","point",,,,"PHONE/TABLET LOCATION",,"",
"2026-06-07 06:56:00 pm","76.3","46.8","29.65","74.8","54.4","1614","point",,,,"PHONE/TABLET LOCATION",,"",
"2026-06-07 06:58:00 pm","76.3","46.7","29.65","74.8","54.4","1609","point",,,,"PHONE/TABLET LOCATION",,"",
"2026-06-07 07:00:00 pm","76.4","46.6","29.65","74.7","54.4","1617","point",,,,"PHONE/TABLET LOCATION",,"",
"2026-06-07 07:02:00 pm","76.4","46.6","29.65","74.7","54.4","1617","point",,,,"PHONE/TABLET LOCATION",,"",
"2026-06-07 07:04:00 pm","76.4","46.6","29.65","74.7","54.4","1619","point",,,,"PHONE/TABLET LOCATION",,"",
"2026-06-07 07:06:00 pm","76.4","46.5","29.65","74.7","54.4","1617","point",,,,"PHONE/TABLET LOCATION",,"",
"2026-06-07 07:08:00 pm","76.4","46.5","29.65","74.7","54.4","1624","point",,,,"PHONE/TABLET LOCATION",,"",
"2026-06-07 07:10:00 pm","76.4","46.5","29.65","74.7","54.4","1617","point",,,,"PHONE/TABLET LOCATION",,"",
"2026-06-07 07:12:00 pm","76.5","46.4","29.65","74.8","54.4","1622","point",,,,"PHONE/TABLET LOCATION",,"",
"2026-06-07 07:14:00 pm","76.5","46.4","29.65","74.8","54.4","1617","point",,,,"PHONE/TABLET LOCATION",,"",
"2026-06-07 07:16:00 pm","76.5","46.4","29.65","74.8","54.4","1624","point",,,,"PHONE/TABLET LOCATION",,"",
"2026-06-07 07:18:00 pm","76.5","46.3","29.65","74.8","54.4","1627","point",,,,"PHONE/TABLET LOCATION",,"",
"2026-06-07 07:20:00 pm","76.6","46.4","29.65","74.8","54.5","1629","point",,,,"PHONE/TABLET LOCATION",,"",
"2026-06-07 07:22:00 pm","76.6","46.4","29.64","74.8","54.5","1634","point",,,,"PHONE/TABLET LOCATION",,"",
"2026-06-07 07:24:00 pm","76.6","46.4","29.65","74.8","54.5","1629","point",,,,"PHONE/TABLET LOCATION",,"",
"2026-06-07 07:26:00 pm","76.6","46.4","29.65","74.8","54.6","1634","point",,,,"PHONE/TABLET LOCATION",,"",
"2026-06-07 07:28:00 pm","76.6","46.4","29.65","75.0","54.6","1634","point",,,,"PHONE/TABLET LOCATION",,"",
"2026-06-07 07:30:00 pm","76.6","46.5","29.65","75.0","54.6","1637","point",,,,"PHONE/TABLET LOCATION",,"",
"2026-06-07 07:32:00 pm","76.6","46.5","29.65","75.0","54.6","1634","point",,,,"PHONE/TABLET LOCATION",,"",
"2026-06-07 07:34:00 pm","76.7","46.5","29.65","75.0","54.7","1644","point",,,,"PHONE/TABLET LOCATION",,"",
"2026-06-07 07:36:00 pm","76.7","46.5","29.65","75.0","54.7","1641","point",,,,"PHONE/TABLET LOCATION",,"",
"2026-06-07 07:38:00 pm","76.7","46.5","29.65","75.0","54.7","1646","point",,,,"PHONE/TABLET LOCATION",,"",
"2026-06-07 07:40:00 pm","76.7","46.5","29.65","75.0","54.7","1644","point",,,,"PHONE/TABLET LOCATION",,"",
"2026-06-07 07:42:00 pm","76.7","46.5","29.64","75.0","54.7","1649","point",,,,"PHONE/TABLET LOCATION",,"",
"2026-06-07 07:44:00 pm","76.7","46.5","29.65","75.0","54.7","1646","point",,,,"PHONE/TABLET LOCATION",,"",
"2026-06-07 07:46:00 pm","76.8","46.5","29.65","75.0","54.8","1646","point",,,,"PHONE/TABLET LOCATION",,"",
"2026-06-07 07:48:00 pm","76.8","46.5","29.65","75.0","54.7","1644","point",,,,"PHONE/TABLET LOCATION",,"",
"2026-06-07 07:50:00 pm","76.8","46.6","29.64","75.0","54.8","1659","point",,,,"PHONE/TABLET LOCATION",,"",
"2026-06-07 07:52:00 pm","76.8","46.6","29.65","75.0","54.8","1651","point",,,,"PHONE/TABLET LOCATION",,"",
"2026-06-07 07:54:00 pm","76.8","46.5","29.64","75.0","54.7","1659","point",,,,"PHONE/TABLET LOCATION",,"",
"2026-06-07 07:56:00 pm","76.8","46.4","29.64","75.0","54.7","1651","point",,,,"PHONE/TABLET LOCATION",,"",
"2026-06-07 07:58:00 pm","76.8","46.4","29.64","75.2","54.7","1654","point",,,,"PHONE/TABLET LOCATION",,"",
"2026-06-07 08:00:00 pm","76.8","46.4","29.65","75.2","54.7","1651","point",,,,"PHONE/TABLET LOCATION",,"",
"2026-06-07 08:02:00 pm","76.9","46.4","29.65","75.2","54.8","1654","point",,,,"PHONE/TABLET LOCATION",,"",
"2026-06-07 08:04:00 pm","76.9","46.5","29.64","75.2","54.8","1656","point",,,,"PHONE/TABLET LOCATION",,"",
"2026-06-07 08:06:00 pm","76.9","46.5","29.64","75.2","54.8","1656","point",,,,"PHONE/TABLET LOCATION",,"",
"2026-06-07 08:08:00 pm","76.9","46.5","29.64","75.2","54.8","1659","point",,,,"PHONE/TABLET LOCATION",,"",
"2026-06-07 08:10:00 pm","76.9","46.5","29.64","75.2","54.8","1659","point",,,,"PHONE/TABLET LOCATION",,"",
"2026-06-07 08:12:00 pm","76.9","46.5","29.64","75.2","54.8","1661","point",,,,"PHONE/TABLET LOCATION",,"",
"2026-06-07 08:14:00 pm","77.0","46.5","29.64","75.2","54.9","1666","point",,,,"PHONE/TABLET LOCATION",,"",
"2026-06-07 08:16:00 pm","76.9","46.5","29.64","75.2","54.9","1669","point",,,,"PHONE/TABLET LOCATION",,"",
"2026-06-07 08:18:00 pm","77.0","46.5","29.64","75.2","54.9","1671","point",,,,"PHONE/TABLET LOCATION",,"",
"2026-06-07 08:20:00 pm","77.0","46.5","29.64","75.4","55.0","1674","point",,,,"PHONE/TABLET LOCATION",,"",
"2026-06-07 08:22:00 pm","77.0","46.5","29.64","75.4","55.0","1676","point",,,,"PHONE/TABLET LOCATION",,"",
"2026-06-07 08:24:00 pm","77.0","46.4","29.64","75.4","54.9","1671","point",,,,"PHONE/TABLET LOCATION",,"",
"2026-06-07 08:26:00 pm","77.0","46.5","29.64","75.4","55.0","1671","point",,,,"PHONE/TABLET LOCATION",,"",
"2026-06-07 08:28:00 pm","77.0","46.5","29.64","75.4","55.0","1671","point",,,,"PHONE/TABLET LOCATION",,"",
"2026-06-07 08:30:00 pm","77.0","46.5","29.64","75.4","55.0","1671","point",,,,"PHONE/TABLET LOCATION",,"",
"2026-06-07 08:32:00 pm","77.0","46.4","29.64","75.4","54.9","1671","point",,,,"PHONE/TABLET LOCATION",,"",
"2026-06-07 08:34:00 pm","77.1","46.5","29.64","75.4","55.0","1678","point",,,,"PHONE/TABLET LOCATION",,"",
"2026-06-07 08:36:00 pm","77.1","46.4","29.64","75.4","55.0","1674","point",,,,"PHONE/TABLET LOCATION",,"",
"2026-06-07 08:38:00 pm","77.1","46.4","29.64","75.4","55.0","1678","point",,,,"PHONE/TABLET LOCATION",,"",
"2026-06-07 08:40:00 pm","77.0","46.4","29.64","75.4","54.9","1674","point",,,,"PHONE/TABLET LOCATION",,"",
"2026-06-07 08:42:00 pm","77.1","46.3","29.63","75.4","54.9","1683","point",,,,"PHONE/TABLET LOCATION",,"",
"2026-06-07 08:44:00 pm","77.1","46.4","29.63","75.4","54.9","1681","point",,,,"PHONE/TABLET LOCATION",,"",
"2026-06-07 08:46:00 pm","77.1","46.4","29.63","75.4","54.9","1683","point",,,,"PHONE/TABLET LOCATION",,"",
"2026-06-07 08:48:00 pm","77.1","46.4","29.63","75.4","54.9","1683","point",,,,"PHONE/TABLET LOCATION",,"",
"2026-06-07 08:50:00 pm","77.1","46.4","29.63","75.4","55.0","1683","point",,,,"PHONE/TABLET LOCATION",,"",
"2026-06-07 08:52:00 pm","77.1","46.4","29.63","75.4","55.0","1691","point",,,,"PHONE/TABLET LOCATION",,"",
"2026-06-07 08:54:00 pm","77.1","46.3","29.63","75.4","55.0","1686","point",,,,"PHONE/TABLET LOCATION",,"",
"2026-06-07 08:56:00 pm","77.2","46.3","29.63","75.4","55.0","1686","point",,,,"PHONE/TABLET LOCATION",,"",
"2026-06-07 08:58:00 pm","77.2","46.3","29.63","75.4","55.0","1691","point",,,,"PHONE/TABLET LOCATION",,"",
"2026-06-07 09:00:00 pm","77.2","46.3","29.63","75.4","55.0","1691","point",,,,"PHONE/TABLET LOCATION",,"",
"2026-06-07 09:02:00 pm","77.2","46.3","29.63","75.4","55.0","1691","point",,,,"PHONE/TABLET LOCATION",,"",
"2026-06-07 09:04:00 pm","77.2","46.3","29.63","75.4","55.0","1691","point",,,,"PHONE/TABLET LOCATION",,"",
"2026-06-07 09:06:00 pm","77.2","46.3","29.63","75.4","55.0","1686","point",,,,"PHONE/TABLET LOCATION",,"",
"2026-06-07 09:08:00 pm","77.2","46.3","29.63","75.7","55.0","1691","point",,,,"PHONE/TABLET LOCATION",,"",
"2026-06-07 09:10:00 pm","77.2","46.2","29.63","75.7","55.0","1691","point",,,,"PHONE/TABLET LOCATION",,"",
"2026-06-07 09:12:00 pm","77.2","46.3","29.63","75.7","55.0","1696","point",,,,"PHONE/TABLET LOCATION",,"",
"2026-06-07 09:14:00 pm","77.2","46.3","29.63","75.7","55.0","1696","point",,,,"PHONE/TABLET LOCATION",,"",
"2026-06-07 09:16:00 pm","77.2","46.3","29.63","75.7","55.0","1691","point",,,,"PHONE/TABLET LOCATION",,"",
"2026-06-07 09:18:00 pm","77.2","46.2","29.63","75.7","55.0","1693","point",,,,"PHONE/TABLET LOCATION",,"",
"2026-06-07 09:20:00 pm","77.2","46.2","29.63","75.7","55.0","1698","point",,,,"PHONE/TABLET LOCATION",,"",
"2026-06-07 09:22:00 pm","77.2","46.2","29.63","75.7","55.0","1698","point",,,,"PHONE/TABLET LOCATION",,"",
"2026-06-07 09:24:00 pm","77.2","46.2","29.63","75.7","55.0","1698","point",,,,"PHONE/TABLET LOCATION",,"",
"2026-06-07 09:26:00 pm","77.2","46.3","29.63","75.7","55.0","1698","point",,,,"PHONE/TABLET LOCATION",,"",
"2026-06-07 09:28:00 pm","77.3","46.2","29.62","75.7","55.0","1706","point",,,,"PHONE/TABLET LOCATION",,"",
"2026-06-07 09:30:00 pm","77.3","46.2","29.62","75.7","55.0","1713","point",,,,"PHONE/TABLET LOCATION",,"",
"2026-06-07 09:32:00 pm","77.3","46.2","29.63","75.7","55.0","1703","point",,,,"PHONE/TABLET LOCATION",,"",
"2026-06-07 09:34:00 pm","77.3","46.3","29.62","75.7","55.1","1708","point",,,,"PHONE/TABLET LOCATION",,"",
"2026-06-07 09:36:00 pm","77.3","46.2","29.62","75.7","55.1","1715","point",,,,"PHONE/TABLET LOCATION",,"",
"2026-06-07 09:38:00 pm","77.3","46.2","29.62","75.7","55.1","1710","point",,,,"PHONE/TABLET LOCATION",,"",
"2026-06-07 09:40:00 pm","77.3","46.2","29.62","75.7","55.0","1708","point",,,,"PHONE/TABLET LOCATION",,"",
"2026-06-07 09:42:00 pm","77.3","46.2","29.62","75.7","55.1","1715","point",,,,"PHONE/TABLET LOCATION",,"",
"2026-06-07 09:44:00 pm","77.4","46.2","29.62","75.9","55.1","1710","point",,,,"PHONE/TABLET LOCATION",,"",
"2026-06-07 09:46:00 pm","77.3","46.2","29.62","75.7","55.1","1708","point",,,,"PHONE/TABLET LOCATION",,"",
"2026-06-07 09:48:00 pm","77.4","46.3","29.63","75.9","55.1","1708","point",,,,"PHONE/TABLET LOCATION",,"",
"2026-06-07 09:50:00 pm","77.4","46.3","29.62","75.9","55.2","1713","point",,,,"PHONE/TABLET LOCATION",,"",
"2026-06-07 09:52:00 pm","77.4","46.2","29.62","75.9","55.1","1713","point",,,,"PHONE/TABLET LOCATION",,"",
"2026-06-07 09:54:00 pm","77.5","46.1","29.62","75.9","55.1","1718","point",,,,"PHONE/TABLET LOCATION",,"",
"2026-06-07 09:56:00 pm","77.5","46.0","29.63","75.9","55.1","1718","point",,,,"PHONE/TABLET LOCATION",,"",
"2026-06-07 09:58:00 pm","77.5","45.9","29.63","75.9","55.1","1718","point",,,,"PHONE/TABLET LOCATION",,"",
"2026-06-07 10:00:00 pm","77.6","45.9","29.63","76.1","55.1","1723","point",,,,"PHONE/TABLET LOCATION",,"",
"2026-06-07 10:02:00 pm","77.6","45.8","29.63","76.1","55.1","1725","point",,,,"PHONE/TABLET LOCATION",,"",
"2026-06-07 10:04:00 pm","77.6","45.8","29.63","76.1","55.1","1725","point",,,,"PHONE/TABLET LOCATION",,"",
"2026-06-07 10:06:00 pm","77.6","45.8","29.62","76.1","55.1","1730","point",,,,"PHONE/TABLET LOCATION",,"",
"2026-06-07 10:08:00 pm","77.6","45.9","29.62","76.1","55.2","1730","point",,,,"PHONE/TABLET LOCATION",,"",
"2026-06-07 10:10:00 pm","77.7","46.3","29.62","76.3","55.5","1740","point",,,,"PHONE/TABLET LOCATION",,"",
"2026-06-07 10:12:00 pm","77.8","47.2","29.62","76.5","56.1","1747","point",,,,"PHONE/TABLET LOCATION",,"",
"2026-06-07 10:14:00 pm","77.9","48.4","29.62","76.5","56.8","1752","point",,,,"PHONE/TABLET LOCATION",,"",
"2026-06-07 10:16:00 pm","78.0","49.3","29.62","77.0","57.4","1765","point",,,,"PHONE/TABLET LOCATION",,"",
"2026-06-07 10:18:00 pm","78.0","50.0","29.63","77.2","57.8","1767","point",,,,"PHONE/TABLET LOCATION",,"",
"2026-06-07 10:20:00 pm","78.0","50.7","29.62","77.2","58.3","1777","point",,,,"PHONE/TABLET LOCATION",,"",
"2026-06-07 10:22:00 pm","78.1","51.2","29.62","77.5","58.6","1787","point",,,,"PHONE/TABLET LOCATION",,"",
"2026-06-07 10:24:00 pm","78.1","51.7","29.62","77.5","58.9","1787","point",,,,"PHONE/TABLET LOCATION",,"",
"2026-06-07 10:26:00 pm","78.2","52.1","29.62","77.7","59.2","1789","point",,,,"PHONE/TABLET LOCATION",,"",
"2026-06-07 10:28:00 pm","78.2","52.6","29.62","77.7","59.4","1797","point",,,,"PHONE/TABLET LOCATION",,"",
"2026-06-07 10:30:00 pm","78.2","53.0","29.62","77.7","59.7","1799","point",,,,"PHONE/TABLET LOCATION",,"",
"2026-06-07 10:32:00 pm","78.2","53.4","29.62","77.7","59.9","1804","point",,,,"PHONE/TABLET LOCATION",,"",
"2026-06-07 10:34:00 pm","78.2","53.7","29.62","77.9","60.1","1807","point",,,,"PHONE/TABLET LOCATION",,"",
"2026-06-07 10:36:00 pm","78.3","54.0","29.62","78.1","60.3","1812","point",,,,"PHONE/TABLET LOCATION",,"",
"2026-06-07 10:38:00 pm","78.3","54.3","29.62","78.3","60.4","1812","point",,,,"PHONE/TABLET LOCATION",,"",
"2026-06-07 10:40:00 pm","78.3","54.5","29.62","78.3","60.5","1814","point",,,,"PHONE/TABLET LOCATION",,"",
"2026-06-07 10:42:00 pm","78.3","54.7","29.62","78.3","60.7","1814","point",,,,"PHONE/TABLET LOCATION",,"",
"2026-06-07 10:44:00 pm","78.4","54.9","29.62","78.3","60.8","1819","point",,,,"PHONE/TABLET LOCATION",,"",
"2026-06-07 10:46:00 pm","78.4","55.0","29.62","78.4","60.9","1824","point",,,,"PHONE/TABLET LOCATION",,"",
"2026-06-07 10:48:00 pm","78.4","55.2","29.62","78.4","61.0","1821","point",,,,"PHONE/TABLET LOCATION",,"",
"2026-06-07 10:50:00 pm","78.4","55.3","29.62","78.4","61.1","1819","point",,,,"PHONE/TABLET LOCATION",,"",
"2026-06-07 10:52:00 pm","78.4","55.5","29.62","78.4","61.1","1821","point",,,,"PHONE/TABLET LOCATION",,"",
"2026-06-07 10:54:00 pm","78.4","55.6","29.62","78.4","61.2","1826","point",,,,"PHONE/TABLET LOCATION",,"",
"2026-06-07 10:56:00 pm","78.4","55.7","29.62","78.4","61.3","1834","point",,,,"PHONE/TABLET LOCATION",,"",
"2026-06-07 10:58:00 pm","78.4","55.8","29.62","78.4","61.3","1829","point",,,,"PHONE/TABLET LOCATION",,"",
"2026-06-07 11:00:00 pm","78.4","55.8","29.62","78.4","61.4","1834","point",,,,"PHONE/TABLET LOCATION",,"",
"2026-06-07 11:02:00 pm","78.4","55.9","29.62","78.4","61.4","1834","point",,,,"PHONE/TABLET LOCATION",,"",
"2026-06-07 11:04:00 pm","78.4","55.9","29.62","78.4","61.4","1829","point",,,,"PHONE/TABLET LOCATION",,"",
"2026-06-07 11:06:00 pm","78.4","56.0","29.62","78.4","61.4","1829","point",,,,"PHONE/TABLET LOCATION",,"",
"2026-06-07 11:08:00 pm","78.4","56.1","29.62","78.4","61.5","1829","point",,,,"PHONE/TABLET LOCATION",,"",
"2026-06-07 11:10:00 pm","78.4","56.1","29.62","78.4","61.5","1834","point",,,,"PHONE/TABLET LOCATION",,"",
"2026-06-07 11:12:00 pm","78.5","56.1","29.62","78.6","61.5","1836","point",,,,"PHONE/TABLET LOCATION",,"",
"2026-06-07 11:14:00 pm","78.5","56.2","29.62","78.6","61.6","1834","point",,,,"PHONE/TABLET LOCATION",,"",
"2026-06-07 11:16:00 pm","78.4","56.2","29.62","78.4","61.5","1834","point",,,,"PHONE/TABLET LOCATION",,"",
"2026-06-07 11:18:00 pm","78.5","56.3","29.62","78.6","61.6","1841","point",,,,"PHONE/TABLET LOCATION",,"",
"2026-06-07 11:20:00 pm","78.5","56.3","29.62","78.6","61.6","1836","point",,,,"PHONE/TABLET LOCATION",,"",
"2026-06-07 11:22:00 pm","78.5","56.3","29.61","78.6","61.6","1844","point",,,,"PHONE/TABLET LOCATION",,"",
"2026-06-07 11:24:00 pm","78.5","56.3","29.62","78.6","61.7","1834","point",,,,"PHONE/TABLET LOCATION",,"",
"2026-06-07 11:26:00 pm","78.5","56.3","29.62","78.6","61.6","1834","point",,,,"PHONE/TABLET LOCATION",,"",
"2026-06-07 11:28:00 pm","78.5","56.3","29.62","78.6","61.6","1834","point",,,,"PHONE/TABLET LOCATION",,"",
"2026-06-07 11:30:00 pm","78.5","56.4","29.62","78.6","61.7","1836","point",,,,"PHONE/TABLET LOCATION",,"",
"2026-06-07 11:32:00 pm","78.5","56.3","29.62","78.6","61.7","1836","point",,,,"PHONE/TABLET LOCATION",,"",
"2026-06-07 11:34:00 pm","78.5","56.4","29.62","78.6","61.7","1834","point",,,,"PHONE/TABLET LOCATION",,"",
"2026-06-07 11:36:00 pm","78.5","56.4","29.62","78.6","61.7","1844","point",,,,"PHONE/TABLET LOCATION",,"",
"2026-06-07 11:38:00 pm","78.5","56.3","29.62","78.6","61.7","1844","point",,,,"PHONE/TABLET LOCATION",,"",
"2026-06-07 11:40:00 pm","78.5","56.4","29.62","78.6","61.7","1836","point",,,,"PHONE/TABLET LOCATION",,"",
"2026-06-07 11:42:00 pm","78.5","56.3","29.62","78.6","61.7","1836","point",,,,"PHONE/TABLET LOCATION",,"",
"2026-06-07 11:44:00 pm","78.5","56.4","29.62","78.6","61.7","1841","point",,,,"PHONE/TABLET LOCATION",,"",
"2026-06-07 11:46:00 pm","78.5","56.4","29.62","78.6","61.7","1836","point",,,,"PHONE/TABLET LOCATION",,"",
"2026-06-07 11:48:00 pm","78.5","56.4","29.62","78.6","61.7","1836","point",,,,"PHONE/TABLET LOCATION",,"",
"2026-06-07 11:50:00 pm","78.5","56.3","29.62","78.6","61.7","1839","point",,,,"PHONE/TABLET LOCATION",,"",
"2026-06-07 11:52:00 pm","78.5","56.4","29.62","78.6","61.7","1839","point",,,,"PHONE/TABLET LOCATION",,"",
"2026-06-07 11:54:00 pm","78.5","56.4","29.62","78.6","61.7","1839","point",,,,"PHONE/TABLET LOCATION",,"",
"2026-06-07 11:56:00 pm","78.5","56.4","29.62","78.6","61.7","1844","point",,,,"PHONE/TABLET LOCATION",,"",
"2026-06-07 11:58:00 pm","78.5","56.4","29.62","78.6","61.7","1844","point",,,,"PHONE/TABLET LOCATION",,"",
"2026-06-08 12:00:00 am","78.5","56.4","29.62","78.6","61.7","1844","point",,,,"PHONE/TABLET LOCATION",,"",
"2026-06-08 12:02:00 am","78.5","56.4","29.62","78.6","61.7","1844","point",,,,"PHONE/TABLET LOCATION",,"",
"2026-06-08 12:04:00 am","78.5","56.4","29.62","78.6","61.7","1844","point",,,,"PHONE/TABLET LOCATION",,"",
"2026-06-08 12:06:00 am","78.5","56.3","29.61","78.6","61.7","1846","point",,,,"PHONE/TABLET LOCATION",,"",
"2026-06-08 12:08:00 am","78.5","56.3","29.62","78.6","61.7","1844","point",,,,"PHONE/TABLET LOCATION",,"",
"2026-06-08 12:10:00 am","78.5","56.3","29.62","78.6","61.7","1844","point",,,,"PHONE/TABLET LOCATION",,"",
"2026-06-08 12:12:00 am","78.5","56.3","29.62","78.6","61.7","1844","point",,,,"PHONE/TABLET LOCATION",,"",
"2026-06-08 12:14:00 am","78.5","56.3","29.61","78.6","61.7","1846","point",,,,"PHONE/TABLET LOCATION",,"",
"2026-06-08 12:16:00 am","78.5","56.3","29.61","78.6","61.7","1846","point",,,,"PHONE/TABLET LOCATION",,"",
"2026-06-08 12:18:00 am","78.5","56.3","29.61","78.6","61.7","1846","point",,,,"PHONE/TABLET LOCATION",,"",
"2026-06-08 12:20:00 am","78.5","56.3","29.61","78.6","61.7","1849","point",,,,"PHONE/TABLET LOCATION",,"",
"2026-06-08 12:22:00 am","78.5","56.3","29.61","78.6","61.7","1849","point",,,,"PHONE/TABLET LOCATION",,"",
"2026-06-08 12:24:00 am","78.5","56.3","29.61","78.6","61.7","1849","point",,,,"PHONE/TABLET LOCATION",,"",
"2026-06-08 12:26:00 am","78.5","56.3","29.61","78.6","61.7","1849","point",,,,"PHONE/TABLET LOCATION",,"",
"2026-06-08 12:28:00 am","78.5","56.3","29.61","78.6","61.7","1846","point",,,,"PHONE/TABLET LOCATION",,"",
"2026-06-08 12:30:00 am","78.5","56.3","29.61","78.6","61.7","1846","point",,,,"PHONE/TABLET LOCATION",,"",
"2026-06-08 12:32:00 am","78.5","56.3","29.61","78.6","61.7","1853","point",,,,"PHONE/TABLET LOCATION",,"",
"2026-06-08 12:34:00 am","78.5","56.3","29.61","78.6","61.7","1849","point",,,,"PHONE/TABLET LOCATION",,"",
"2026-06-08 12:36:00 am","78.5","56.3","29.61","78.6","61.7","1856","point",,,,"PHONE/TABLET LOCATION",,"",
"2026-06-08 12:38:00 am","78.5","56.3","29.61","78.6","61.7","1849","point",,,,"PHONE/TABLET LOCATION",,"",
"2026-06-08 12:40:00 am","78.5","56.3","29.61","78.6","61.7","1853","point",,,,"PHONE/TABLET LOCATION",,"",
"2026-06-08 12:42:00 am","78.5","56.2","29.61","78.6","61.6","1853","point",,,,"PHONE/TABLET LOCATION",,"",
"2026-06-08 12:44:00 am","78.5","56.3","29.61","78.6","61.7","1853","point",,,,"PHONE/TABLET LOCATION",,"",
"2026-06-08 12:46:00 am","78.5","56.2","29.61","78.6","61.6","1853","point",,,,"PHONE/TABLET LOCATION",,"",
"2026-06-08 12:48:00 am","78.5","56.3","29.61","78.6","61.6","1849","point",,,,"PHONE/TABLET LOCATION",,"",
"2026-06-08 12:50:00 am","78.5","56.2","29.60","78.6","61.7","1858","point",,,,"PHONE/TABLET LOCATION",,"",
"2026-06-08 12:52:00 am","78.5","56.2","29.60","78.6","61.7","1858","point",,,,"PHONE/TABLET LOCATION",,"",
"2026-06-08 12:54:00 am","78.5","56.2","29.60","78.6","61.7","1863","point",,,,"PHONE/TABLET LOCATION",,"",
"2026-06-08 12:56:00 am","78.5","56.2","29.60","78.6","61.7","1858","point",,,,"PHONE/TABLET LOCATION",,"",
"2026-06-08 12:58:00 am","78.5","56.2","29.61","78.6","61.7","1856","point",,,,"PHONE/TABLET LOCATION",,"",
"2026-06-08 01:00:00 am","78.5","56.2","29.61","78.6","61.6","1856","point",,,,"PHONE/TABLET LOCATION",,"",
"2026-06-08 01:02:00 am","78.5","56.2","29.60","78.6","61.6","1863","point",,,,"PHONE/TABLET LOCATION",,"",
"2026-06-08 01:04:00 am","78.6","56.2","29.60","78.6","61.7","1861","point",,,,"PHONE/TABLET LOCATION",,"",
"2026-06-08 01:06:00 am","78.5","56.2","29.60","78.6","61.6","1863","point",,,,"PHONE/TABLET LOCATION",,"",
"2026-06-08 01:08:00 am","78.5","56.2","29.60","78.6","61.6","1858","point",,,,"PHONE/TABLET LOCATION",,"",
"2026-06-08 01:10:00 am","78.5","56.2","29.60","78.6","61.6","1858","point",,,,"PHONE/TABLET LOCATION",,"",
"2026-06-08 01:12:00 am","78.5","56.2","29.60","78.6","61.6","1861","point",,,,"PHONE/TABLET LOCATION",,"",
"2026-06-08 01:14:00 am","78.5","56.1","29.60","78.6","61.6","1863","point",,,,"PHONE/TABLET LOCATION",,"",
"2026-06-08 01:16:00 am","78.5","56.2","29.60","78.6","61.6","1863","point",,,,"PHONE/TABLET LOCATION",,"",
"2026-06-08 01:18:00 am","78.6","56.2","29.60","78.6","61.7","1861","point",,,,"PHONE/TABLET LOCATION",,"",
"2026-06-08 01:20:00 am","78.5","56.1","29.60","78.6","61.6","1863","point",,,,"PHONE/TABLET LOCATION",,"",
"2026-06-08 01:22:00 am","78.5","56.1","29.59","78.6","61.6","1868","point",,,,"PHONE/TABLET LOCATION",,"",
"2026-06-08 01:24:00 am","78.5","56.1","29.60","78.6","61.6","1866","point",,,,"PHONE/TABLET LOCATION",,"",
"2026-06-08 01:26:00 am","78.5","56.1","29.60","78.6","61.6","1858","point",,,,"PHONE/TABLET LOCATION",,"",
"2026-06-08 01:28:00 am","78.5","56.1","29.59","78.6","61.6","1868","point",,,,"PHONE/TABLET LOCATION",,"",
"2026-06-08 01:30:00 am","78.5","56.1","29.60","78.6","61.6","1866","point",,,,"PHONE/TABLET LOCATION",,"",
"2026-06-08 01:32:00 am","78.6","56.1","29.60","78.6","61.6","1868","point",,,,"PHONE/TABLET LOCATION",,"",
"2026-06-08 01:34:00 am","78.5","56.1","29.60","78.6","61.6","1866","point",,,,"PHONE/TABLET LOCATION",,"",
"2026-06-08 01:36:00 am","78.5","56.1","29.60","78.6","61.6","1858","point",,,,"PHONE/TABLET LOCATION",,"",
"2026-06-08 01:38:00 am","78.6","56.0","29.59","78.6","61.6","1873","point",,,,"PHONE/TABLET LOCATION",,"",
"2026-06-08 01:40:00 am","78.5","56.0","29.60","78.6","61.6","1863","point",,,,"PHONE/TABLET LOCATION",,"",
"2026-06-08 01:42:00 am","78.5","56.0","29.60","78.6","61.6","1866","point",,,,"PHONE/TABLET LOCATION",,"",
"2026-06-08 01:44:00 am","78.5","56.0","29.59","78.6","61.6","1868","point",,,,"PHONE/TABLET LOCATION",,"",
"2026-06-08 01:46:00 am","78.5","56.0","29.59","78.6","61.6","1868","point",,,,"PHONE/TABLET LOCATION",,"",
"2026-06-08 01:48:00 am","78.5","56.0","29.59","78.6","61.5","1876","point",,,,"PHONE/TABLET LOCATION",,"",
"2026-06-08 01:50:00 am","78.5","56.0","29.59","78.6","61.5","1873","point",,,,"PHONE/TABLET LOCATION",,"",
"2026-06-08 01:52:00 am","78.5","56.0","29.59","78.6","61.5","1873","point",,,,"PHONE/TABLET LOCATION",,"",
"2026-06-08 01:54:00 am","78.5","56.0","29.59","78.6","61.5","1876","point",,,,"PHONE/TABLET LOCATION",,"",
"2026-06-08 01:56:00 am","78.5","55.9","29.59","78.6","61.5","1876","point",,,,"PHONE/TABLET LOCATION",,"",
"2026-06-08 01:58:00 am","78.5","56.0","29.59","78.6","61.5","1876","point",,,,"PHONE/TABLET LOCATION",,"",
"2026-06-08 02:00:00 am","78.6","55.9","29.59","78.6","61.5","1876","point",,,,"PHONE/TABLET LOCATION",,"",
"2026-06-08 02:02:00 am","78.5","55.9","29.59","78.6","61.5","1876","point",,,,"PHONE/TABLET LOCATION",,"",
"2026-06-08 02:04:00 am","78.5","55.9","29.59","78.6","61.5","1876","point",,,,"PHONE/TABLET LOCATION",,"",
"2026-06-08 02:06:00 am","78.5","55.9","29.59","78.6","61.5","1881","point",,,,"PHONE/TABLET LOCATION",,"",
"2026-06-08 02:08:00 am","78.5","55.9","29.59","78.6","61.5","1876","point",,,,"PHONE/TABLET LOCATION",,"",
"2026-06-08 02:10:00 am","78.5","55.9","29.59","78.6","61.5","1876","point",,,,"PHONE/TABLET LOCATION",,"",
"2026-06-08 02:12:00 am","78.5","55.9","29.59","78.6","61.5","1881","point",,,,"PHONE/TABLET LOCATION",,"",
"2026-06-08 02:14:00 am","78.5","55.9","29.58","78.6","61.5","1883","point",,,,"PHONE/TABLET LOCATION",,"",
"2026-06-08 02:16:00 am","78.5","55.9","29.58","78.6","61.5","1883","point",,,,"PHONE/TABLET LOCATION",,"",
"2026-06-08 02:18:00 am","78.5","55.8","29.58","78.6","61.5","1883","point",,,,"PHONE/TABLET LOCATION",,"",
"2026-06-08 02:20:00 am","78.5","55.8","29.58","78.6","61.5","1883","point",,,,"PHONE/TABLET LOCATION",,"",
"2026-06-08 02:22:00 am","78.5","55.8","29.58","78.6","61.5","1886","point",,,,"PHONE/TABLET LOCATION",,"",
"2026-06-08 02:24:00 am","78.5","55.8","29.59","78.6","61.4","1881","point",,,,"PHONE/TABLET LOCATION",,"",
"2026-06-08 02:26:00 am","78.5","55.8","29.58","78.6","61.5","1883","point",,,,"PHONE/TABLET LOCATION",,"",
"2026-06-08 02:28:00 am","78.5","55.8","29.58","78.6","61.4","1883","point",,,,"PHONE/TABLET LOCATION",,"",
"2026-06-08 02:30:00 am","78.5","55.8","29.59","78.6","61.4","1876","point",,,,"PHONE/TABLET LOCATION",,"",
"2026-06-08 02:32:00 am","78.5","55.8","29.59","78.6","61.4","1881","point",,,,"PHONE/TABLET LOCATION",,"",
"2026-06-08 02:34:00 am","78.6","55.8","29.59","78.6","61.5","1883","point",,,,"PHONE/TABLET LOCATION",,"",
"2026-06-08 02:36:00 am","78.5","55.8","29.58","78.6","61.4","1883","point",,,,"PHONE/TABLET LOCATION",,"",
"2026-06-08 02:38:00 am","78.5","55.8","29.59","78.6","61.4","1876","point",,,,"PHONE/TABLET LOCATION",,"",
"2026-06-08 02:40:00 am","78.6","55.8","29.58","78.6","61.5","1886","point",,,,"PHONE/TABLET LOCATION",,"",
"2026-06-08 02:42:00 am","78.5","55.8","29.59","78.6","61.4","1881","point",,,,"PHONE/TABLET LOCATION",,"",
"2026-06-08 02:44:00 am","78.6","55.7","29.59","78.6","61.5","1878","point",,,,"PHONE/TABLET LOCATION",,"",
"2026-06-08 02:46:00 am","78.5","55.7","29.59","78.6","61.4","1881","point",,,,"PHONE/TABLET LOCATION",,"",
"2026-06-08 02:48:00 am","78.6","55.8","29.59","78.6","61.5","1883","point",,,,"PHONE/TABLET LOCATION",,"",
"2026-06-08 02:50:00 am","78.5","55.7","29.59","78.6","61.4","1881","point",,,,"PHONE/TABLET LOCATION",,"",
"2026-06-08 02:52:00 am","78.6","55.7","29.59","78.6","61.4","1883","point",,,,"PHONE/TABLET LOCATION",,"",
"2026-06-08 02:54:00 am","78.6","55.7","29.59","78.6","61.4","1883","point",,,,"PHONE/TABLET LOCATION",,"",
"2026-06-08 02:56:00 am","78.6","55.7","29.59","78.6","61.4","1876","point",,,,"PHONE/TABLET LOCATION",,"",
"2026-06-08 02:58:00 am","78.6","55.7","29.59","78.6","61.4","1878","point",,,,"PHONE/TABLET LOCATION",,"",
"2026-06-08 03:00:00 am","78.6","55.7","29.59","78.6","61.4","1878","point",,,,"PHONE/TABLET LOCATION",,"",
"2026-06-08 03:02:00 am","78.6","55.7","29.59","78.6","61.4","1878","point",,,,"PHONE/TABLET LOCATION",,"",
"2026-06-08 03:04:00 am","78.6","55.7","29.59","78.6","61.4","1883","point",,,,"PHONE/TABLET LOCATION",,"",
"2026-06-08 03:06:00 am","78.6","55.7","29.59","78.6","61.4","1878","point",,,,"PHONE/TABLET LOCATION",,"",
"2026-06-08 03:08:00 am","78.6","55.7","29.59","78.6","61.4","1878","point",,,,"PHONE/TABLET LOCATION",,"",
"2026-06-08 03:10:00 am","78.6","55.6","29.59","78.8","61.4","1886","point",,,,"PHONE/TABLET LOCATION",,"",
"2026-06-08 03:12:00 am","78.6","55.6","29.59","78.6","61.4","1883","point",,,,"PHONE/TABLET LOCATION",,"",
"2026-06-08 03:14:00 am","78.6","55.6","29.59","78.6","61.4","1878","point",,,,"PHONE/TABLET LOCATION",,"",
"2026-06-08 03:16:00 am","78.6","55.6","29.59","78.6","61.4","1878","point",,,,"PHONE/TABLET LOCATION",,"",
"2026-06-08 03:18:00 am","78.6","55.6","29.59","78.6","61.4","1883","point",,,,"PHONE/TABLET LOCATION",,"",
"2026-06-08 03:20:00 am","78.6","55.6","29.59","78.8","61.4","1886","point",,,,"PHONE/TABLET LOCATION",,"",
"2026-06-08 03:22:00 am","78.6","55.6","29.59","78.8","61.4","1886","point",,,,"PHONE/TABLET LOCATION",,"",
"2026-06-08 03:24:00 am","78.6","55.6","29.59","78.6","61.4","1883","point",,,,"PHONE/TABLET LOCATION",,"",
"2026-06-08 03:26:00 am","78.6","55.6","29.59","78.8","61.4","1886","point",,,,"PHONE/TABLET LOCATION",,"",
"2026-06-08 03:28:00 am","78.6","55.6","29.59","78.6","61.4","1883","point",,,,"PHONE/TABLET LOCATION",,"",
"2026-06-08 03:30:00 am","78.6","55.6","29.59","78.6","61.4","1883","point",,,,"PHONE/TABLET LOCATION",,"",
"2026-06-08 03:32:00 am","78.6","55.6","29.59","78.8","61.4","1886","point",,,,"PHONE/TABLET LOCATION",,"",
"2026-06-08 03:34:00 am","78.6","55.5","29.58","78.8","61.4","1888","point",,,,"PHONE/TABLET LOCATION",,"",
"2026-06-08 03:36:00 am","78.6","55.5","29.59","78.6","61.3","1878","point",,,,"PHONE/TABLET LOCATION",,"",
"2026-06-08 03:38:00 am","78.6","55.5","29.59","78.8","61.4","1886","point",,,,"PHONE/TABLET LOCATION",,"",
"2026-06-08 03:40:00 am","78.6","55.5","29.58","78.8","61.4","1888","point",,,,"PHONE/TABLET LOCATION",,"",
"2026-06-08 03:42:00 am","78.6","55.5","29.58","78.8","61.4","1886","point",,,,"PHONE/TABLET LOCATION",,"",
"2026-06-08 03:44:00 am","78.6","55.5","29.58","78.8","61.4","1886","point",,,,"PHONE/TABLET LOCATION",,"",
"2026-06-08 03:46:00 am","78.6","55.5","29.58","78.6","61.3","1881","point",,,,"PHONE/TABLET LOCATION",,"",
"2026-06-08 03:48:00 am","78.6","55.5","29.59","78.6","61.3","1878","point",,,,"PHONE/TABLET LOCATION",,"",
"2026-06-08 03:50:00 am","78.6","55.4","29.59","78.8","61.3","1881","point",,,,"PHONE/TABLET LOCATION",,"",
"2026-06-08 03:52:00 am","78.6","55.4","29.58","78.8","61.3","1886","point",,,,"PHONE/TABLET LOCATION",,"",
"2026-06-08 03:54:00 am","78.6","55.4","29.59","78.6","61.3","1878","point",,,,"PHONE/TABLET LOCATION",,"",
"2026-06-08 03:56:00 am","78.6","55.4","29.59","78.8","61.3","1876","point",,,,"PHONE/TABLET LOCATION",,"",
"2026-06-08 03:58:00 am","78.6","55.4","29.59","78.8","61.3","1881","point",,,,"PHONE/TABLET LOCATION",,"",
"2026-06-08 04:00:00 am","78.6","55.4","29.59","78.8","61.3","1881","point",,,,"PHONE/TABLET LOCATION",,"",
"2026-06-08 04:02:00 am","78.6","55.4","29.59","78.8","61.3","1881","point",,,,"PHONE/TABLET LOCATION",,"",
"2026-06-08 04:04:00 am","78.6","55.4","29.58","78.8","61.3","1886","point",,,,"PHONE/TABLET LOCATION",,"",
"2026-06-08 04:06:00 am","78.6","55.4","29.58","78.8","61.3","1886","point",,,,"PHONE/TABLET LOCATION",,"",
"2026-06-08 04:08:00 am","78.6","55.4","29.58","78.8","61.3","1886","point",,,,"PHONE/TABLET LOCATION",,"",
"2026-06-08 04:10:00 am","78.6","55.4","29.58","78.8","61.3","1886","point",,,,"PHONE/TABLET LOCATION",,"",
"2026-06-08 04:12:00 am","78.6","55.3","29.58","78.8","61.3","1886","point",,,,"PHONE/TABLET LOCATION",,"",
"2026-06-08 04:14:00 am","78.6","55.3","29.58","78.8","61.3","1888","point",,,,"PHONE/TABLET LOCATION",,"",
"2026-06-08 04:16:00 am","78.6","55.3","29.58","78.8","61.3","1890","point",,,,"PHONE/TABLET LOCATION",,"",
"2026-06-08 04:18:00 am","78.7","55.3","29.57","78.8","61.3","1895","point",,,,"PHONE/TABLET LOCATION",,"",
"2026-06-08 04:20:00 am","78.6","55.3","29.58","78.8","61.3","1888","point",,,,"PHONE/TABLET LOCATION",,"",
"2026-06-08 04:22:00 am","78.6","55.3","29.58","78.8","61.3","1888","point",,,,"PHONE/TABLET LOCATION",,"",
"2026-06-08 04:24:00 am","78.7","55.3","29.58","78.8","61.3","1890","point",,,,"PHONE/TABLET LOCATION",,"",
"2026-06-08 04:26:00 am","78.7","55.3","29.58","78.8","61.3","1890","point",,,,"PHONE/TABLET LOCATION",,"",
"2026-06-08 04:28:00 am","78.7","55.3","29.58","78.8","61.3","1886","point",,,,"PHONE/TABLET LOCATION",,"",
"2026-06-08 04:30:00 am","78.6","55.3","29.59","78.8","61.3","1881","point",,,,"PHONE/TABLET LOCATION",,"",
"2026-06-08 04:32:00 am","78.7","55.3","29.59","78.8","61.3","1883","point",,,,"PHONE/TABLET LOCATION",,"",
"2026-06-08 04:34:00 am","78.7","55.2","29.58","78.8","61.3","1886","point",,,,"PHONE/TABLET LOCATION",,"",
"2026-06-08 04:36:00 am","78.7","55.2","29.59","78.8","61.3","1881","point",,,,"PHONE/TABLET LOCATION",,"",
"2026-06-08 04:38:00 am","78.7","55.2","29.59","78.8","61.3","1876","point",,,,"PHONE/TABLET LOCATION",,"",
"2026-06-08 04:40:00 am","78.6","55.2","29.59","78.8","61.2","1881","point",,,,"PHONE/TABLET LOCATION",,"",
"2026-06-08 04:42:00 am","78.7","55.2","29.59","78.8","61.2","1881","point",,,,"PHONE/TABLET LOCATION",,"",
"2026-06-08 04:44:00 am","78.7","55.2","29.59","78.8","61.2","1883","point",,,,"PHONE/TABLET LOCATION",,"",
"2026-06-08 04:46:00 am","78.7","55.2","29.59","78.8","61.2","1883","point",,,,"PHONE/TABLET LOCATION",,"",
"2026-06-08 04:48:00 am","78.7","55.1","29.59","78.8","61.2","1883","point",,,,"PHONE/TABLET LOCATION",,"",
"2026-06-08 04:50:00 am","78.7","55.1","29.58","78.8","61.2","1886","point",,,,"PHONE/TABLET LOCATION",,"",
"2026-06-08 04:52:00 am","78.7","55.1","29.59","78.8","61.2","1883","point",,,,"PHONE/TABLET LOCATION",,"",
"2026-06-08 04:54:00 am","78.7","55.1","29.59","78.8","61.3","1883","point",,,,"PHONE/TABLET LOCATION",,"",
"2026-06-08 04:56:00 am","78.7","55.1","29.59","78.8","61.3","1886","point",,,,"PHONE/TABLET LOCATION",,"",
"2026-06-08 04:58:00 am","78.7","55.1","29.58","78.8","61.2","1893","point",,,,"PHONE/TABLET LOCATION",,"",
"2026-06-08 05:00:00 am","78.8","55.1","29.59","78.8","61.3","1890","point",,,,"PHONE/TABLET LOCATION",,"",
"2026-06-08 05:02:00 am","78.7","55.1","29.59","78.8","61.2","1883","point",,,,"PHONE/TABLET LOCATION",,"",
"2026-06-08 05:04:00 am","78.7","55.1","29.59","78.8","61.2","1886","point",,,,"PHONE/TABLET LOCATION",,"",
"2026-06-08 05:06:00 am","78.7","55.1","29.59","78.8","61.2","1886","point",,,,"PHONE/TABLET LOCATION",,"",
"2026-06-08 05:08:00 am","78.7","55.0","29.59","78.8","61.2","1886","point",,,,"PHONE/TABLET LOCATION",,"",
"2026-06-08 05:10:00 am","78.7","55.0","29.59","78.8","61.2","1878","point",,,,"PHONE/TABLET LOCATION",,"",
"2026-06-08 05:12:00 am","78.7","55.0","29.59","78.6","61.2","1878","point",,,,"PHONE/TABLET LOCATION",,"",
"2026-06-08 05:14:00 am","78.7","55.0","29.59","78.6","61.2","1878","point",,,,"PHONE/TABLET LOCATION",,"",
"2026-06-08 05:16:00 am","78.8","55.0","29.59","78.6","61.2","1883","point",,,,"PHONE/TABLET LOCATION",,"",
"2026-06-08 05:18:00 am","78.8","55.0","29.59","78.6","61.2","1881","point",,,,"PHONE/TABLET LOCATION",,"",
"2026-06-08 05:20:00 am","78.8","55.0","29.59","78.6","61.2","1881","point",,,,"PHONE/TABLET LOCATION",,"",
"2026-06-08 05:22:00 am","78.8","55.0","29.59","78.6","61.2","1881","point",,,,"PHONE/TABLET LOCATION",,"",
"2026-06-08 05:24:00 am","78.8","55.0","29.59","78.6","61.2","1883","point",,,,"PHONE/TABLET LOCATION",,"",
"2026-06-08 05:26:00 am","78.8","55.0","29.59","78.6","61.2","1881","point",,,,"PHONE/TABLET LOCATION",,"",
"2026-06-08 05:28:00 am","78.8","55.0","29.59","78.6","61.2","1883","point",,,,"PHONE/TABLET LOCATION",,"",
"2026-06-08 05:30:00 am","78.8","55.0","29.59","79.0","61.3","1883","point",,,,"PHONE/TABLET LOCATION",,"",
"2026-06-08 05:32:00 am","78.8","54.9","29.59","79.0","61.2","1883","point",,,,"PHONE/TABLET LOCATION",,"",
"2026-06-08 05:34:00 am","78.8","54.9","29.59","79.0","61.2","1886","point",,,,"PHONE/TABLET LOCATION",,"",
"2026-06-08 05:36:00 am","78.8","54.9","29.59","79.0","61.2","1886","point",,,,"PHONE/TABLET LOCATION",,"",
"2026-06-08 05:38:00 am","78.8","54.9","29.59","78.6","61.2","1883","point",,,,"PHONE/TABLET LOCATION",,"",
"2026-06-08 05:40:00 am","78.8","54.9","29.59","78.6","61.2","1890","point",,,,"PHONE/TABLET LOCATION",,"",
"2026-06-08 05:42:00 am","78.8","54.9","29.59","78.6","61.2","1881","point",,,,"PHONE/TABLET LOCATION",,"",
"2026-06-08 05:44:00 am","78.8","54.9","29.59","79.0","61.2","1886","point",,,,"PHONE/TABLET LOCATION",,"",
"2026-06-08 05:46:00 am","78.8","54.9","29.59","79.0","61.2","1883","point",,,,"PHONE/TABLET LOCATION",,"",
"2026-06-08 05:48:00 am","78.8","54.8","29.60","79.0","61.2","1878","point",,,,"PHONE/TABLET LOCATION",,"",
"2026-06-08 05:50:00 am","78.8","54.9","29.59","78.6","61.2","1881","point",,,,"PHONE/TABLET LOCATION",,"",
"2026-06-08 05:52:00 am","78.8","54.8","29.60","79.0","61.2","1878","point",,,,"PHONE/TABLET LOCATION",,"",
"2026-06-08 05:54:00 am","78.8","54.8","29.60","79.0","61.2","1876","point",,,,"PHONE/TABLET LOCATION",,"",
"2026-06-08 05:56:00 am","78.8","54.8","29.60","79.0","61.2","1876","point",,,,"PHONE/TABLET LOCATION",,"",
"2026-06-08 05:58:00 am","78.8","54.8","29.60","78.6","61.2","1873","point",,,,"PHONE/TABLET LOCATION",,"",
"2026-06-08 06:00:00 am","78.8","54.8","29.60","78.6","61.1","1871","point",,,,"PHONE/TABLET LOCATION",,"",
"2026-06-08 06:02:00 am","78.8","54.8","29.60","79.0","61.2","1876","point",,,,"PHONE/TABLET LOCATION",,"",
"2026-06-08 06:04:00 am","78.8","54.8","29.61","79.0","61.2","1866","point",,,,"PHONE/TABLET LOCATION",,"",
"2026-06-08 06:06:00 am","78.8","54.8","29.61","79.0","61.2","1871","point",,,,"PHONE/TABLET LOCATION",,"",
"2026-06-08 06:08:00 am","78.8","54.8","29.61","79.0","61.2","1868","point",,,,"PHONE/TABLET LOCATION",,"",
"2026-06-08 06:10:00 am","78.8","54.8","29.60","79.0","61.1","1871","point",,,,"PHONE/TABLET LOCATION",,"",
"2026-06-08 06:12:00 am","78.8","54.7","29.60","79.0","61.1","1871","point",,,,"PHONE/TABLET LOCATION",,"",
"2026-06-08 06:14:00 am","78.8","54.7","29.60","79.0","61.1","1871","point",,,,"PHONE/TABLET LOCATION",,"",
"2026-06-08 06:16:00 am","78.8","54.7","29.61","79.0","61.1","1868","point",,,,"PHONE/TABLET LOCATION",,"",
"2026-06-08 06:18:00 am","78.8","54.7","29.61","79.0","61.2","1868","point",,,,"PHONE/TABLET LOCATION",,"",
"2026-06-08 06:20:00 am","78.8","54.7","29.61","79.0","61.1","1868","point",,,,"PHONE/TABLET LOCATION",,"",
"2026-06-08 06:22:00 am","78.8","54.7","29.61","79.0","61.1","1863","point",,,,"PHONE/TABLET LOCATION",,"",
"2026-06-08 06:24:00 am","78.8","54.7","29.61","79.0","61.1","1866","point",,,,"PHONE/TABLET LOCATION",,"",
"2026-06-08 06:26:00 am","78.8","54.7","29.61","79.0","61.1","1861","point",,,,"PHONE/TABLET LOCATION",,"",
"2026-06-08 06:28:00 am","78.8","54.7","29.61","79.0","61.1","1863","point",,,,"PHONE/TABLET LOCATION",,"",
"2026-06-08 06:30:00 am","78.8","54.6","29.61","79.0","61.1","1871","point",,,,"PHONE/TABLET LOCATION",,"",
"2026-06-08 06:32:00 am","78.8","54.7","29.61","79.0","61.1","1868","point",,,,"PHONE/TABLET LOCATION",,"",
"2026-06-08 06:34:00 am","78.8","54.7","29.61","79.0","61.1","1868","point",,,,"PHONE/TABLET LOCATION",,"",
"2026-06-08 06:36:00 am","78.8","54.6","29.61","79.0","61.1","1868","point",,,,"PHONE/TABLET LOCATION",,"",
"2026-06-08 06:38:00 am","78.8","54.6","29.61","79.0","61.1","1868","point",,,,"PHONE/TABLET LOCATION",,"",
"2026-06-08 06:40:00 am","78.8","54.6","29.61","79.0","61.1","1868","point",,,,"PHONE/TABLET LOCATION",,"",
"2026-06-08 06:42:00 am","78.8","54.6","29.61","79.0","61.1","1868","point",,,,"PHONE/TABLET LOCATION",,"",
"2026-06-08 06:44:00 am","78.9","54.6","29.61","79.0","61.1","1873","point",,,,"PHONE/TABLET LOCATION",,"",
"2026-06-08 06:46:00 am","78.9","54.6","29.61","79.0","61.1","1871","point",,,,"PHONE/TABLET LOCATION",,"",
"2026-06-08 06:48:00 am","78.8","54.6","29.61","79.0","61.1","1868","point",,,,"PHONE/TABLET LOCATION",,"",
"2026-06-08 06:50:00 am","78.8","54.6","29.60","79.0","61.1","1876","point",,,,"PHONE/TABLET LOCATION",,"",
"2026-06-08 06:52:00 am","78.9","54.6","29.61","79.0","61.1","1868","point",,,,"PHONE/TABLET LOCATION",,"",
"2026-06-08 06:54:00 am","78.8","54.5","29.61","79.0","61.1","1868","point",,,,"PHONE/TABLET LOCATION",,"",
"2026-06-08 06:56:00 am","78.8","54.5","29.61","79.0","61.1","1863","point",,,,"PHONE/TABLET LOCATION",,"",
"2026-06-08 06:58:00 am","78.8","54.5","29.61","79.0","61.1","1863","point",,,,"PHONE/TABLET LOCATION",,"",
"2026-06-08 07:00:00 am","78.9","54.5","29.61","79.0","61.1","1863","point",,,,"PHONE/TABLET LOCATION",,"",
"2026-06-08 07:02:00 am","78.9","54.5","29.61","79.0","61.1","1868","point",,,,"PHONE/TABLET LOCATION",,"",
"2026-06-08 07:04:00 am","78.9","54.5","29.62","79.0","61.1","1868","point",,,,"PHONE/TABLET LOCATION",,"",
"2026-06-08 07:06:00 am","78.9","54.5","29.62","79.0","61.1","1858","point",,,,"PHONE/TABLET LOCATION",,"",
"2026-06-08 07:08:00 am","78.9","54.5","29.62","79.0","61.1","1861","point",,,,"PHONE/TABLET LOCATION",,"",
"2026-06-08 07:10:00 am","78.9","54.5","29.62","79.0","61.1","1858","point",,,,"PHONE/TABLET LOCATION",,"",
"2026-06-08 07:12:00 am","78.9","54.5","29.61","79.0","61.1","1863","point",,,,"PHONE/TABLET LOCATION",,"",
"2026-06-08 07:14:00 am","78.9","54.5","29.62","79.0","61.1","1863","point",,,,"PHONE/TABLET LOCATION",,"",
"2026-06-08 07:16:00 am","78.9","54.5","29.62","79.0","61.1","1858","point",,,,"PHONE/TABLET LOCATION",,"",
"2026-06-08 07:18:00 am","78.9","54.4","29.62","79.0","61.1","1858","point",,,,"PHONE/TABLET LOCATION",,"",
"2026-06-08 07:20:00 am","78.9","54.4","29.62","79.0","61.1","1858","point",,,,"PHONE/TABLET LOCATION",,"",
"2026-06-08 07:22:00 am","78.9","54.4","29.62","79.0","61.0","1853","point",,,,"PHONE/TABLET LOCATION",,"",
"2026-06-08 07:24:00 am","78.9","54.4","29.62","79.0","61.0","1853","point",,,,"PHONE/TABLET LOCATION",,"",
"2026-06-08 07:26:00 am","78.9","54.4","29.62","79.0","61.1","1856","point",,,,"PHONE/TABLET LOCATION",,"",
"2026-06-08 07:28:00 am","78.9","54.4","29.62","79.0","61.1","1858","point",,,,"PHONE/TABLET LOCATION",,"",
"2026-06-08 07:30:00 am","78.9","54.4","29.62","79.0","61.1","1856","point",,,,"PHONE/TABLET LOCATION",,"",
"2026-06-08 07:32:00 am","78.9","54.4","29.62","79.0","61.0","1856","point",,,,"PHONE/TABLET LOCATION",,"",
"2026-06-08 07:34:00 am","78.9","54.4","29.63","79.0","61.1","1849","point",,,,"PHONE/TABLET LOCATION",,"",
"2026-06-08 07:36:00 am","78.9","54.4","29.63","79.0","61.1","1849","point",,,,"PHONE/TABLET LOCATION",,"",
"2026-06-08 07:38:00 am","78.9","54.4","29.62","79.0","61.1","1853","point",,,,"PHONE/TABLET LOCATION",,"",
"2026-06-08 07:40:00 am","78.9","54.3","29.63","79.0","61.0","1849","point",,,,"PHONE/TABLET LOCATION",,"",
"2026-06-08 07:42:00 am","78.9","54.4","29.63","79.0","61.0","1846","point",,,,"PHONE/TABLET LOCATION",,"",
"2026-06-08 07:44:00 am","78.9","54.4","29.62","79.0","61.1","1853","point",,,,"PHONE/TABLET LOCATION",,"",
"2026-06-08 07:46:00 am","78.9","54.4","29.63","79.0","61.1","1849","point",,,,"PHONE/TABLET LOCATION",,"",
"2026-06-08 07:48:00 am","78.9","53.6","29.62","78.8","60.7","1853","point",,,,"PHONE/TABLET LOCATION",,"",
"2026-06-08 07:50:00 am","78.9","53.1","29.63","78.6","60.4","1846","point",,,,"PHONE/TABLET LOCATION",,"",
"2026-06-08 07:52:00 am","79.0","52.6","29.63","79.0","60.2","1849","point",,,,"PHONE/TABLET LOCATION",,"",
"2026-06-08 07:54:00 am","78.9","52.3","29.62","78.6","60.0","1844","point",,,,"PHONE/TABLET LOCATION",,"",
"2026-06-08 07:56:00 am","78.9","51.9","29.63","78.6","59.8","1841","point",,,,"PHONE/TABLET LOCATION",,"",
"2026-06-08 07:58:00 am","79.0","51.7","29.62","78.8","59.7","1849","point",,,,"PHONE/TABLET LOCATION",,"",
"2026-06-08 08:00:00 am","78.9","51.6","29.62","78.4","59.6","1846","point",,,,"PHONE/TABLET LOCATION",,"",
"2026-06-08 08:02:00 am","78.9","51.4","29.62","78.4","59.5","1841","point",,,,"PHONE/TABLET LOCATION",,"",
"2026-06-08 08:04:00 am","79.0","51.3","29.63","78.6","59.5","1841","point",,,,"PHONE/TABLET LOCATION",,"",
"2026-06-08 08:06:00 am","79.0","51.3","29.62","78.6","59.5","1844","point",,,,"PHONE/TABLET LOCATION",,"",
"2026-06-08 08:08:00 am","79.0","51.2","29.63","78.6","59.5","1841","point",,,,"PHONE/TABLET LOCATION",,"",
"2026-06-08 08:10:00 am","79.0","51.2","29.63","78.6","59.4","1841","point",,,,"PHONE/TABLET LOCATION",,"",
"2026-06-08 08:12:00 am","79.0","51.2","29.63","78.6","59.5","1844","point",,,,"PHONE/TABLET LOCATION",,"",
"2026-06-08 08:14:00 am","79.0","51.2","29.63","78.6","59.5","1841","point",,,,"PHONE/TABLET LOCATION",,"",
"2026-06-08 08:16:00 am","79.0","51.1","29.63","78.6","59.5","1841","point",,,,"PHONE/TABLET LOCATION",,"",
"2026-06-08 08:18:00 am","79.1","51.2","29.64","78.6","59.5","1836","point",,,,"PHONE/TABLET LOCATION",,"",
"2026-06-08 08:20:00 am","79.1","51.2","29.64","78.6","59.5","1836","point",,,,"PHONE/TABLET LOCATION",,"",
"2026-06-08 08:22:00 am","79.1","51.2","29.63","78.6","59.5","1841","point",,,,"PHONE/TABLET LOCATION",,"",
"2026-06-08 08:24:00 am","79.1","51.2","29.64","78.6","59.5","1839","point",,,,"PHONE/TABLET LOCATION",,"",
"2026-06-08 08:26:00 am","79.1","51.1","29.64","78.6","59.5","1834","point",,,,"PHONE/TABLET LOCATION",,"",
"2026-06-08 08:28:00 am","79.1","51.1","29.64","78.6","59.5","1839","point",,,,"PHONE/TABLET LOCATION",,"",
"2026-06-08 08:30:00 am","79.1","51.0","29.64","78.6","59.5","1839","point",,,,"PHONE/TABLET LOCATION",,"",
"2026-06-08 08:32:00 am","79.2","51.0","29.64","79.0","59.5","1839","point",,,,"PHONE/TABLET LOCATION",,"",
"2026-06-08 08:34:00 am","79.2","50.9","29.64","79.0","59.5","1846","point",,,,"PHONE/TABLET LOCATION",,"",
"2026-06-08 08:36:00 am","79.2","50.9","29.64","78.8","59.4","1836","point",,,,"PHONE/TABLET LOCATION",,"",
"2026-06-08 08:38:00 am","79.2","50.9","29.64","78.8","59.4","1839","point",,,,"PHONE/TABLET LOCATION",,"",
"2026-06-08 08:40:00 am","79.2","50.9","29.64","78.8","59.5","1839","point",,,,"PHONE/TABLET LOCATION",,"",
"2026-06-08 08:42:00 am","79.2","50.8","29.64","78.8","59.4","1839","point",,,,"PHONE/TABLET LOCATION",,"",
"2026-06-08 08:44:00 am","79.2","50.8","29.64","78.8","59.4","1839","point",,,,"PHONE/TABLET LOCATION",,"",
"2026-06-08 08:46:00 am","79.2","50.8","29.64","78.8","59.3","1836","point",,,,"PHONE/TABLET LOCATION",,"",
"2026-06-08 08:48:00 am","79.2","50.7","29.64","78.8","59.4","1839","point",,,,"PHONE/TABLET LOCATION",,"",
"2026-06-08 08:50:00 am","79.2","50.7","29.64","78.8","59.3","1839","point",,,,"PHONE/TABLET LOCATION",,"",
"2026-06-08 08:52:00 am","79.2","50.7","29.64","78.8","59.3","1844","point",,,,"PHONE/TABLET LOCATION",,"",
"2026-06-08 08:54:00 am","79.2","50.7","29.64","78.8","59.3","1844","point",,,,"PHONE/TABLET LOCATION",,"",
"2026-06-08 08:56:00 am","79.2","50.7","29.64","78.8","59.3","1839","point",,,,"PHONE/TABLET LOCATION",,"",
"2026-06-08 08:58:00 am","79.2","50.6","29.64","78.8","59.3","1839","point",,,,"PHONE/TABLET LOCATION",,"",
"2026-06-08 09:00:00 am","79.2","50.6","29.65","78.8","59.2","1831","point",,,,"PHONE/TABLET LOCATION",,"",
"2026-06-08 09:02:00 am","79.2","50.6","29.64","78.8","59.2","1839","point",,,,"PHONE/TABLET LOCATION",,"",
"2026-06-08 09:04:00 am","79.2","50.5","29.64","78.8","59.2","1839","point",,,,"PHONE/TABLET LOCATION",,"",
"2026-06-08 09:06:00 am","79.1","50.5","29.65","78.6","59.2","1826","point",,,,"PHONE/TABLET LOCATION",,"",
"2026-06-08 09:08:00 am","79.2","50.5","29.64","78.8","59.2","1831","point",,,,"PHONE/TABLET LOCATION",,"",
"2026-06-08 09:10:00 am","79.2","50.5","29.64","78.8","59.2","1836","point",,,,"PHONE/TABLET LOCATION",,"",
"2026-06-08 09:12:00 am","79.2","50.5","29.64","78.8","59.2","1831","point",,,,"PHONE/TABLET LOCATION",,"",
"2026-06-08 09:14:00 am","79.1","50.4","29.64","78.6","59.1","1829","point",,,,"PHONE/TABLET LOCATION",,"",
"2026-06-08 09:16:00 am","79.2","50.4","29.64","78.8","59.2","1834","point",,,,"PHONE/TABLET LOCATION",,"",
"2026-06-08 09:18:00 am","79.2","50.5","29.64","78.8","59.2","1834","point",,,,"PHONE/TABLET LOCATION",,"",
"2026-06-08 09:20:00 am","79.2","50.5","29.64","78.8","59.2","1831","point",,,,"PHONE/TABLET LOCATION",,"",
"2026-06-08 09:22:00 am","79.2","50.4","29.64","78.8","59.2","1834","point",,,,"PHONE/TABLET LOCATION",,"",
"2026-06-08 09:24:00 am","79.2","50.4","29.65","78.8","59.2","1829","point",,,,"PHONE/TABLET LOCATION",,"",
"2026-06-08 09:26:00 am","79.1","50.4","29.64","78.6","59.1","1829","point",,,,"PHONE/TABLET LOCATION",,"",
"2026-06-08 09:28:00 am","79.2","50.4","29.64","78.8","59.1","1831","point",,,,"PHONE/TABLET LOCATION",,"",
"2026-06-08 09:30:00 am","79.1","50.4","29.64","78.6","59.1","1831","point",,,,"PHONE/TABLET LOCATION",,"",
"2026-06-08 09:32:00 am","79.2","50.4","29.64","78.8","59.1","1831","point",,,,"PHONE/TABLET LOCATION",,"",
"2026-06-08 09:34:00 am","79.2","50.3","29.64","78.8","59.1","1831","point",,,,"PHONE/TABLET LOCATION",,"",
"2026-06-08 09:36:00 am","79.2","50.3","29.64","78.8","59.1","1834","point",,,,"PHONE/TABLET LOCATION",,"",
"2026-06-08 09:38:00 am","79.1","50.3","29.64","78.6","59.0","1831","point",,,,"PHONE/TABLET LOCATION",,"",
"2026-06-08 09:40:00 am","79.1","50.3","29.64","78.6","59.0","1829","point",,,,"PHONE/TABLET LOCATION",,"",
"2026-06-08 09:42:00 am","79.1","50.3","29.64","78.6","59.0","1834","point",,,,"PHONE/TABLET LOCATION",,"",
"2026-06-08 09:44:00 am","79.2","50.2","29.64","78.8","59.1","1831","point",,,,"PHONE/TABLET LOCATION",,"",
"2026-06-08 09:46:00 am","79.2","50.3","29.64","78.8","59.1","1831","point",,,,"PHONE/TABLET LOCATION",,"",
"2026-06-08 09:48:00 am","79.1","50.3","29.64","78.6","59.0","1831","point",,,,"PHONE/TABLET LOCATION",,"",
"2026-06-08 09:50:00 am","79.1","50.2","29.64","78.6","59.0","1831","point",,,,"PHONE/TABLET LOCATION",,"",
"2026-06-08 09:52:00 am","79.1","50.3","29.65","78.6","59.0","1824","point",,,,"PHONE/TABLET LOCATION",,"",
"2026-06-08 09:54:00 am","79.2","50.3","29.64","78.8","59.1","1831","point",,,,"PHONE/TABLET LOCATION",,"",
"2026-06-08 09:56:00 am","79.1","50.2","29.64","78.6","59.0","1831","point",,,,"PHONE/TABLET LOCATION",,"",
"2026-06-08 09:58:00 am","79.1","50.2","29.64","78.6","59.0","1829","point",,,,"PHONE/TABLET LOCATION",,"",
"2026-06-08 10:00:00 am","79.1","50.2","29.64","78.6","59.0","1829","point",,,,"PHONE/TABLET LOCATION",,"",
"2026-06-08 10:02:00 am","79.1","50.2","29.65","78.6","59.0","1824","point",,,,"PHONE/TABLET LOCATION",,"",
"2026-06-08 10:04:00 am","79.2","50.2","29.64","78.8","59.0","1831","point",,,,"PHONE/TABLET LOCATION",,"",
"2026-06-08 10:06:00 am","79.1","50.2","29.64","78.6","59.0","1829","point",,,,"PHONE/TABLET LOCATION",,"",
"2026-06-08 10:08:00 am","79.2","50.2","29.64","78.8","59.0","1831","point",,,,"PHONE/TABLET LOCATION",,"",
"2026-06-08 10:10:00 am","79.1","50.1","29.65","78.6","58.9","1824","point",,,,"PHONE/TABLET LOCATION",,"",
"2026-06-08 10:12:00 am","79.1","50.3","29.65","78.6","59.0","1821","point",,,,"PHONE/TABLET LOCATION",,"",
"2026-06-08 10:14:00 am","79.1","50.4","29.65","78.6","59.1","1824","point",,,,"PHONE/TABLET LOCATION",,"",
"2026-06-08 10:16:00 am","79.2","50.4","29.64","78.8","59.1","1831","point",,,,"PHONE/TABLET LOCATION",,"",
"2026-06-08 10:18:00 am","79.1","50.4","29.65","78.6","59.1","1824","point",,,,"PHONE/TABLET LOCATION",,"",
"2026-06-08 10:20:00 am","79.1","50.4","29.65","78.6","59.1","1824","point",,,,"PHONE/TABLET LOCATION",,"",
"2026-06-08 10:22:00 am","79.1","50.4","29.65","78.6","59.1","1824","point",,,,"PHONE/TABLET LOCATION",,"",
"2026-06-08 10:24:00 am","79.1","50.4","29.65","78.6","59.1","1824","point",,,,"PHONE/TABLET LOCATION",,"",
"2026-06-08 10:26:00 am","79.1","50.4","29.65","78.6","59.1","1821","point",,,,"PHONE/TABLET LOCATION",,"",
"2026-06-08 10:28:00 am","79.1","50.4","29.64","78.6","59.1","1829","point",,,,"PHONE/TABLET LOCATION",,"",
"2026-06-08 10:30:00 am","79.1","50.3","29.64","78.6","59.0","1826","point",,,,"PHONE/TABLET LOCATION",,"",
"2026-06-08 10:32:00 am","79.2","50.3","29.65","78.8","59.1","1829","point",,,,"PHONE/TABLET LOCATION",,"",
"2026-06-08 10:34:00 am","79.1","50.3","29.64","78.6","59.1","1829","point",,,,"PHONE/TABLET LOCATION",,"",
"2026-06-08 10:36:00 am","79.1","50.4","29.64","78.6","59.1","1829","point",,,,"PHONE/TABLET LOCATION",,"",
"2026-06-08 10:38:00 am","79.1","50.4","29.64","78.6","59.1","1829","point",,,,"PHONE/TABLET LOCATION",,"",
"2026-06-08 10:40:00 am","79.1","50.4","29.64","78.6","59.1","1831","point",,,,"PHONE/TABLET LOCATION",,"",
"2026-06-08 10:42:00 am","79.1","50.3","29.64","78.6","59.1","1829","point",,,,"PHONE/TABLET LOCATION",,"",
"2026-06-08 10:44:00 am","79.1","50.4","29.64","78.6","59.1","1831","point",,,,"PHONE/TABLET LOCATION",,"",
"2026-06-08 10:46:00 am","79.2","50.3","29.64","78.8","59.1","1839","point",,,,"PHONE/TABLET LOCATION",,"",
"2026-06-08 10:48:00 am","79.1","50.3","29.64","78.6","59.1","1829","point",,,,"PHONE/TABLET LOCATION",,"",
"2026-06-08 10:50:00 am","79.2","50.3","29.64","78.8","59.1","1839","point",,,,"PHONE/TABLET LOCATION",,"",
"2026-06-08 10:52:00 am","79.2","50.3","29.64","78.8","59.1","1834","point",,,,"PHONE/TABLET LOCATION",,"",
"2026-06-08 10:54:00 am","79.2","50.3","29.64","78.8","59.1","1839","point",,,,"PHONE/TABLET LOCATION",,"",
"2026-06-08 10:56:00 am","79.1","50.3","29.64","78.6","59.0","1831","point",,,,"PHONE/TABLET LOCATION",,"",
"2026-06-08 10:58:00 am","79.2","50.3","29.64","78.8","59.1","1834","point",,,,"PHONE/TABLET LOCATION",,"",
"2026-06-08 11:00:00 am","79.2","50.3","29.64","78.8","59.1","1839","point",,,,"PHONE/TABLET LOCATION",,"",
"2026-06-08 11:02:00 am","79.1","50.3","29.64","78.6","59.0","1831","point",,,,"PHONE/TABLET LOCATION",,"",
"2026-06-08 11:04:00 am","79.2","50.3","29.64","78.8","59.1","1834","point",,,,"PHONE/TABLET LOCATION",,"",
"2026-06-08 11:06:00 am","79.1","50.3","29.64","78.6","59.0","1831","point",,,,"PHONE/TABLET LOCATION",,"",
"2026-06-08 11:08:00 am","79.2","50.3","29.64","78.8","59.1","1831","point",,,,"PHONE/TABLET LOCATION",,"",
"2026-06-08 11:10:00 am","79.2","50.3","29.64","78.8","59.1","1834","point",,,,"PHONE/TABLET LOCATION",,"",
"2026-06-08 11:12:00 am","79.1","50.3","29.64","78.6","59.0","1829","point",,,,"PHONE/TABLET LOCATION",,"",
"2026-06-08 11:14:00 am","79.1","50.2","29.64","78.6","59.0","1829","point",,,,"PHONE/TABLET LOCATION",,"",
"2026-06-08 11:16:00 am","79.2","50.2","29.64","78.8","59.0","1831","point",,,,"PHONE/TABLET LOCATION",,"",
"2026-06-08 11:18:00 am","79.1","50.2","29.64","78.6","59.0","1834","point",,,,"PHONE/TABLET LOCATION",,"",
"2026-06-08 11:20:00 am","79.1","50.2","29.64","78.6","59.0","1831","point",,,,"PHONE/TABLET LOCATION",,"",
"2026-06-08 11:22:00 am","79.2","50.1","29.64","78.8","59.0","1834","point",,,,"PHONE/TABLET LOCATION",,"",
"2026-06-08 11:24:00 am","79.2","50.1","29.64","78.8","59.0","1839","point",,,,"PHONE/TABLET LOCATION",,"",
"2026-06-08 11:26:00 am","79.2","50.2","29.64","78.8","59.0","1834","point",,,,"PHONE/TABLET LOCATION",,"",
"2026-06-08 11:28:00 am","79.1","50.1","29.64","78.6","58.9","1834","point",,,,"PHONE/TABLET LOCATION",,"",
"2026-06-08 11:30:00 am","79.1","50.1","29.64","78.6","58.9","1829","point",,,,"PHONE/TABLET LOCATION",,"",
"2026-06-08 11:32:00 am","79.2","50.1","29.64","78.8","59.0","1839","point",,,,"PHONE/TABLET LOCATION",,"",
"2026-06-08 11:34:00 am","79.1","50.1","29.64","78.6","58.9","1834","point",,,,"PHONE/TABLET LOCATION",,"",
"2026-06-08 11:36:00 am","79.1","50.1","29.64","78.6","58.9","1831","point",,,,"PHONE/TABLET LOCATION",,"",
"2026-06-08 11:38:00 am","79.2","50.1","29.63","78.8","59.0","1841","point",,,,"PHONE/TABLET LOCATION",,"",
"2026-06-08 11:40:00 am","79.2","50.1","29.64","78.8","59.0","1839","point",,,,"PHONE/TABLET LOCATION",,"",
"2026-06-08 11:42:00 am","79.1","50.1","29.63","78.6","58.9","1841","point",,,,"PHONE/TABLET LOCATION",,"",
"2026-06-08 11:44:00 am","79.2","50.1","29.64","78.8","59.0","1839","point",,,,"PHONE/TABLET LOCATION",,"",
"2026-06-08 11:46:00 am","79.2","50.1","29.64","78.8","59.0","1839","point",,,,"PHONE/TABLET LOCATION",,"",
"2026-06-08 11:48:00 am","79.2","50.1","29.64","78.8","59.0","1834","point",,,,"PHONE/TABLET LOCATION",,"",
"2026-06-08 11:50:00 am","79.1","50.1","29.64","78.6","58.9","1829","point",,,,"PHONE/TABLET LOCATION",,"",
"2026-06-08 11:52:00 am","79.2","50.1","29.64","78.8","59.0","1834","point",,,,"PHONE/TABLET LOCATION",,"",
"2026-06-08 11:54:00 am","79.2","50.1","29.64","78.8","59.0","1839","point",,,,"PHONE/TABLET LOCATION",,"",
"2026-06-08 11:56:00 am","79.2","50.1","29.64","78.8","59.0","1834","point",,,,"PHONE/TABLET LOCATION",,"",
"2026-06-08 11:58:00 am","79.2","50.1","29.64","78.8","59.0","1831","point",,,,"PHONE/TABLET LOCATION",,"",
"2026-06-08 12:00:00 pm","79.1","50.1","29.64","78.6","58.9","1831","point",,,,"PHONE/TABLET LOCATION",,"",
"2026-06-08 12:02:00 pm","79.2","50.1","29.64","78.8","59.0","1834","point",,,,"PHONE/TABLET LOCATION",,"",
"2026-06-08 12:04:00 pm","79.1","50.1","29.64","78.6","58.9","1834","point",,,,"PHONE/TABLET LOCATION",,"",
"2026-06-08 12:06:00 pm","79.2","50.1","29.64","78.8","59.0","1834","point",,,,"PHONE/TABLET LOCATION",,"",
"2026-06-08 12:08:00 pm","79.2","50.1","29.64","78.8","59.0","1834","point",,,,"PHONE/TABLET LOCATION",,"",
"2026-06-08 12:10:00 pm","79.2","50.2","29.64","78.8","59.0","1831","point",,,,"PHONE/TABLET LOCATION",,"",
"2026-06-08 12:12:00 pm","79.2","50.2","29.64","78.8","59.0","1831","point",,,,"PHONE/TABLET LOCATION",,"",
"2026-06-08 12:14:00 pm","79.2","50.2","29.64","78.8","59.0","1834","point",,,,"PHONE/TABLET LOCATION",,"",
"2026-06-08 12:16:00 pm","79.2","50.2","29.64","78.8","59.1","1841","point",,,,"PHONE/TABLET LOCATION",,"",
"2026-06-08 12:18:00 pm","79.2","50.1","29.64","78.8","59.0","1834","point",,,,"PHONE/TABLET LOCATION",,"",
"2026-06-08 12:20:00 pm","79.2","50.1","29.64","78.8","59.0","1831","point",,,,"PHONE/TABLET LOCATION",,"",
"2026-06-08 12:22:00 pm","79.2","50.1","29.64","78.8","59.0","1839","point",,,,"PHONE/TABLET LOCATION",,"",
"2026-06-08 12:24:00 pm","79.2","50.1","29.64","78.8","59.1","1834","point",,,,"PHONE/TABLET LOCATION",,"",
"2026-06-08 12:26:00 pm","79.2","50.1","29.64","78.8","59.0","1834","point",,,,"PHONE/TABLET LOCATION",,"",
"2026-06-08 12:28:00 pm","79.2","50.1","29.65","78.8","59.1","1831","point",,,,"PHONE/TABLET LOCATION",,"",
"2026-06-08 12:30:00 pm","79.2","50.1","29.65","78.8","59.1","1831","point",,,,"PHONE/TABLET LOCATION",,"",
"2026-06-08 12:32:00 pm","79.2","50.1","29.64","78.8","59.1","1834","point",,,,"PHONE/TABLET LOCATION",,"",
"2026-06-08 12:34:00 pm","79.2","50.1","29.64","78.8","59.1","1834","point",,,,"PHONE/TABLET LOCATION",,"",
"2026-06-08 12:36:00 pm","79.2","50.2","29.65","78.8","59.1","1829","point",,,,"PHONE/TABLET LOCATION",,"",
"2026-06-08 12:38:00 pm","79.2","50.1","29.64","78.8","59.0","1834","point",,,,"PHONE/TABLET LOCATION",,"",
"2026-06-08 12:40:00 pm","79.2","50.1","29.64","78.8","59.0","1834","point",,,,"PHONE/TABLET LOCATION",,"",
"2026-06-08 12:42:00 pm","79.2","50.1","29.64","78.8","59.1","1836","point",,,,"PHONE/TABLET LOCATION",,"",
"2026-06-08 12:44:00 pm","79.2","50.1","29.65","78.8","59.0","1831","point",,,,"PHONE/TABLET LOCATION",,"",
"2026-06-08 12:46:00 pm","79.2","50.1","29.64","78.8","59.1","1836","point",,,,"PHONE/TABLET LOCATION",,"",
"2026-06-08 12:48:00 pm","79.3","50.1","29.64","78.8","59.1","1839","point",,,,"PHONE/TABLET LOCATION",,"",
"2026-06-08 12:50:00 pm","79.3","50.1","29.65","78.8","59.1","1836","point",,,,"PHONE/TABLET LOCATION",,"",
"2026-06-08 12:52:00 pm","79.3","50.1","29.65","78.8","59.1","1836","point",,,,"PHONE/TABLET LOCATION",,"",
"2026-06-08 12:54:00 pm","79.2","50.0","29.65","78.8","59.0","1834","point",,,,"PHONE/TABLET LOCATION",,"",
"2026-06-08 12:56:00 pm","79.2","50.0","29.64","78.8","59.0","1836","point",,,,"PHONE/TABLET LOCATION",,"",
"2026-06-08 12:58:00 pm","79.3","50.0","29.64","78.8","59.0","1839","point",,,,"PHONE/TABLET LOCATION",,"",
"2026-06-08 01:00:00 pm","79.3","50.0","29.64","78.8","59.0","1844","point",,,,"PHONE/TABLET LOCATION",,"",
"2026-06-08 01:02:00 pm","79.3","50.0","29.64","78.8","59.0","1844","point",,,,"PHONE/TABLET LOCATION",,"",
"2026-06-08 01:04:00 pm","79.3","50.0","29.64","78.6","59.0","1839","point",,,,"PHONE/TABLET LOCATION",,"",
"2026-06-08 01:06:00 pm","79.3","50.0","29.64","78.6","59.0","1839","point",,,,"PHONE/TABLET LOCATION",,"",
"2026-06-08 01:08:00 pm","79.3","50.0","29.64","78.6","59.1","1849","point",,,,"PHONE/TABLET LOCATION",,"",
"2026-06-08 01:10:00 pm","79.3","50.0","29.63","78.6","59.0","1853","point",,,,"PHONE/TABLET LOCATION",,"",
"2026-06-08 01:12:00 pm","79.3","49.9","29.63","78.6","59.0","1853","point",,,,"PHONE/TABLET LOCATION",,"",
"2026-06-08 01:14:00 pm","79.3","49.9","29.63","78.6","59.0","1853","point",,,,"PHONE/TABLET LOCATION",,"",
"2026-06-08 01:16:00 pm","79.3","49.9","29.64","78.6","59.0","1849","point",,,,"PHONE/TABLET LOCATION",,"",
"2026-06-08 01:18:00 pm","79.3","49.9","29.64","78.6","59.0","1846","point",,,,"PHONE/TABLET LOCATION",,"",
"2026-06-08 01:20:00 pm","79.4","49.9","29.63","79.0","59.1","1856","point",,,,"PHONE/TABLET LOCATION",,"",
"2026-06-08 01:22:00 pm","79.3","49.9","29.63","78.6","59.0","1858","point",,,,"PHONE/TABLET LOCATION",,"",
"2026-06-08 01:24:00 pm","79.4","49.9","29.63","79.0","59.1","1858","point",,,,"PHONE/TABLET LOCATION",,"",
"2026-06-08 01:26:00 pm","79.3","49.9","29.64","78.6","59.0","1849","point",,,,"PHONE/TABLET LOCATION",,"",
"2026-06-08 01:28:00 pm","79.3","49.9","29.64","78.6","59.0","1849","point",,,,"PHONE/TABLET LOCATION",,"",
"2026-06-08 01:30:00 pm","79.3","49.8","29.64","78.6","59.0","1849","point",,,,"PHONE/TABLET LOCATION",,"",
"2026-06-08 01:32:00 pm","79.4","49.9","29.64","79.0","59.0","1853","point",,,,"PHONE/TABLET LOCATION",,"",
"2026-06-08 01:34:00 pm","79.4","49.8","29.64","79.0","59.0","1851","point",,,,"PHONE/TABLET LOCATION",,"",
"2026-06-08 01:36:00 pm","79.4","49.8","29.63","79.0","59.0","1858","point",,,,"PHONE/TABLET LOCATION",,"",
"2026-06-08 01:38:00 pm","79.4","49.8","29.63","79.0","59.0","1858","point",,,,"PHONE/TABLET LOCATION",,"",
"2026-06-08 01:40:00 pm","79.4","49.8","29.64","79.0","59.0","1853","point",,,,"PHONE/TABLET LOCATION",,"",
"2026-06-08 01:42:00 pm","79.4","49.8","29.64","79.0","59.1","1853","point",,,,"PHONE/TABLET LOCATION",,"",
"2026-06-08 01:44:00 pm","79.5","49.8","29.64","79.0","59.1","1856","point",,,,"PHONE/TABLET LOCATION",,"",
"2026-06-08 01:46:00 pm","79.5","49.8","29.64","79.0","59.1","1856","point",,,,"PHONE/TABLET LOCATION",,"",
"2026-06-08 01:48:00 pm","79.5","49.8","29.64","79.0","59.1","1856","point",,,,"PHONE/TABLET LOCATION",,"",
"2026-06-08 01:50:00 pm","79.5","49.8","29.64","79.0","59.1","1856","point",,,,"PHONE/TABLET LOCATION",,"",
"2026-06-08 01:52:00 pm","79.5","49.8","29.64","79.0","59.1","1853","point",,,,"PHONE/TABLET LOCATION",,"",
"2026-06-08 01:54:00 pm","79.5","49.8","29.64","79.0","59.1","1856","point",,,,"PHONE/TABLET LOCATION",,"",
"2026-06-08 01:56:00 pm","79.5","49.7","29.64","79.0","59.1","1853","point",,,,"PHONE/TABLET LOCATION",,"",
"2026-06-08 01:58:00 pm","79.5","49.7","29.64","79.0","59.1","1856","point",,,,"PHONE/TABLET LOCATION",,"",
"2026-06-08 02:00:00 pm","79.5","49.7","29.65","79.2","59.1","1856","point",,,,"PHONE/TABLET LOCATION",,"",
"2026-06-08 02:02:00 pm","79.5","49.7","29.64","79.0","59.1","1856","point",,,,"PHONE/TABLET LOCATION",,"",
"2026-06-08 02:04:00 pm","79.6","49.7","29.64","79.2","59.1","1866","point",,,,"PHONE/TABLET LOCATION",,"",
"2026-06-08 02:06:00 pm","79.6","49.6","29.64","79.2","59.1","1861","point",,,,"PHONE/TABLET LOCATION",,"",
"2026-06-08 02:08:00 pm","79.6","49.6","29.64","79.2","59.1","1866","point",,,,"PHONE/TABLET LOCATION",,"",
"2026-06-08 02:10:00 pm","79.6","49.6","29.65","79.2","59.1","1858","point",,,,"PHONE/TABLET LOCATION",,"",
"2026-06-08 02:12:00 pm","79.6","49.6","29.64","79.2","59.1","1861","point",,,,"PHONE/TABLET LOCATION",,"",
"2026-06-08 02:14:00 pm","79.6","49.6","29.64","79.2","59.1","1861","point",,,,"PHONE/TABLET LOCATION",,"",
"2026-06-08 02:16:00 pm","79.6","49.6","29.64","79.2","59.1","1863","point",,,,"PHONE/TABLET LOCATION",,"",
"2026-06-08 02:18:00 pm","79.6","49.6","29.64","79.2","59.1","1863","point",,,,"PHONE/TABLET LOCATION",,"",
"2026-06-08 02:20:00 pm","79.7","49.6","29.65","79.2","59.2","1863","point",,,,"PHONE/TABLET LOCATION",,"",
"2026-06-08 02:22:00 pm","79.6","49.6","29.64","79.2","59.1","1863","point",,,,"PHONE/TABLET LOCATION",,"",
"2026-06-08 02:24:00 pm","79.7","49.6","29.64","79.2","59.1","1871","point",,,,"PHONE/TABLET LOCATION",,"",
"2026-06-08 02:26:00 pm","79.7","49.6","29.64","79.2","59.2","1866","point",,,,"PHONE/TABLET LOCATION",,"",
"2026-06-08 02:28:00 pm","79.7","49.5","29.65","79.2","59.1","1863","point",,,,"PHONE/TABLET LOCATION",,"",
"2026-06-08 02:30:00 pm","79.8","49.6","29.64","79.3","59.3","1876","point",,,,"PHONE/TABLET LOCATION",,"",
"2026-06-08 02:32:00 pm","79.7","49.6","29.64","79.3","59.2","1871","point",,,,"PHONE/TABLET LOCATION",,"",
"2026-06-08 02:34:00 pm","79.8","49.5","29.64","79.3","59.2","1873","point",,,,"PHONE/TABLET LOCATION",,"",
"2026-06-08 02:36:00 pm","79.8","49.5","29.64","79.3","59.2","1876","point",,,,"PHONE/TABLET LOCATION",,"",
"2026-06-08 02:38:00 pm","79.8","49.5","29.64","79.3","59.2","1876","point",,,,"PHONE/TABLET LOCATION",,"",
"2026-06-08 02:40:00 pm","79.8","49.5","29.64","79.3","59.2","1876","point",,,,"PHONE/TABLET LOCATION",,"",
"2026-06-08 02:42:00 pm","79.8","49.5","29.64","79.3","59.2","1868","point",,,,"PHONE/TABLET LOCATION",,"",
"2026-06-08 02:44:00 pm","79.8","49.5","29.64","79.3","59.2","1873","point",,,,"PHONE/TABLET LOCATION",,"",
"2026-06-08 02:46:00 pm","79.8","49.5","29.64","79.3","59.2","1876","point",,,,"PHONE/TABLET LOCATION",,"",
"2026-06-08 02:48:00 pm","79.8","49.5","29.64","79.3","59.2","1876","point",,,,"PHONE/TABLET LOCATION",,"",
"2026-06-08 02:50:00 pm","79.9","49.5","29.64","79.3","59.3","1883","point",,,,"PHONE/TABLET LOCATION",,"",
"2026-06-08 02:52:00 pm","79.9","49.5","29.64","79.3","59.3","1876","point",,,,"PHONE/TABLET LOCATION",,"",
"2026-06-08 02:54:00 pm","79.9","49.5","29.64","79.5","59.3","1883","point",,,,"PHONE/TABLET LOCATION",,"",
"2026-06-08 02:56:00 pm","79.9","49.5","29.64","79.5","59.3","1888","point",,,,"PHONE/TABLET LOCATION",,"",
"2026-06-08 02:58:00 pm","80.0","49.5","29.64","79.5","59.4","1890","point",,,,"PHONE/TABLET LOCATION",,"",
"2026-06-08 03:00:00 pm","79.9","49.5","29.65","79.5","59.3","1876","point",,,,"PHONE/TABLET LOCATION",,"",
"2026-06-08 03:02:00 pm","80.0","49.5","29.64","79.5","59.3","1886","point",,,,"PHONE/TABLET LOCATION",,"",
"2026-06-08 03:04:00 pm","80.0","49.5","29.64","79.5","59.4","1886","point",,,,"PHONE/TABLET LOCATION",,"",
"2026-06-08 03:06:00 pm","80.0","49.5","29.64","79.5","59.4","1886","point",,,,"PHONE/TABLET LOCATION",,"",
"2026-06-08 03:08:00 pm","80.0","49.5","29.64","79.5","59.4","1886","point",,,,"PHONE/TABLET LOCATION",,"",
"2026-06-08 03:10:00 pm","80.0","49.5","29.64","79.5","59.4","1890","point",,,,"PHONE/TABLET LOCATION",,"",
"2026-06-08 03:12:00 pm","80.0","49.5","29.64","79.5","59.4","1888","point",,,,"PHONE/TABLET LOCATION",,"",
"2026-06-08 03:14:00 pm","80.1","49.5","29.64","79.9","59.5","1890","point",,,,"PHONE/TABLET LOCATION",,"",
"2026-06-08 03:16:00 pm","80.1","49.5","29.65","79.9","59.5","1888","point",,,,"PHONE/TABLET LOCATION",,"",
"2026-06-08 03:18:00 pm","80.1","49.4","29.64","79.9","59.5","1893","point",,,,"PHONE/TABLET LOCATION",,"",
"2026-06-08 03:20:00 pm","80.1","49.5","29.64","79.9","59.5","1898","point",,,,"PHONE/TABLET LOCATION",,"",
"2026-06-08 03:22:00 pm","80.1","49.5","29.64","79.9","59.5","1893","point",,,,"PHONE/TABLET LOCATION",,"",
"2026-06-08 03:24:00 pm","80.2","49.4","29.64","79.9","59.5","1898","point",,,,"PHONE/TABLET LOCATION",,"",
"2026-06-08 03:26:00 pm","80.2","49.4","29.64","79.9","59.5","1898","point",,,,"PHONE/TABLET LOCATION",,"",
"2026-06-08 03:28:00 pm","80.2","49.4","29.65","79.9","59.5","1893","point",,,,"PHONE/TABLET LOCATION",,"",
"2026-06-08 03:30:00 pm","80.2","49.4","29.63","79.9","59.5","1910","point",,,,"PHONE/TABLET LOCATION",,"",
"2026-06-08 03:32:00 pm","80.2","49.3","29.64","79.9","59.5","1900","point",,,,"PHONE/TABLET LOCATION",,"",
"2026-06-08 03:34:00 pm","80.2","49.3","29.64","79.9","59.5","1905","point",,,,"PHONE/TABLET LOCATION",,"",
"2026-06-08 03:36:00 pm","80.2","49.3","29.63","79.9","59.5","1910","point",,,,"PHONE/TABLET LOCATION",,"",
"2026-06-08 03:38:00 pm","80.3","49.3","29.64","80.1","59.5","1908","point",,,,"PHONE/TABLET LOCATION",,"",
"2026-06-08 03:40:00 pm","80.3","49.3","29.64","80.1","59.5","1913","point",,,,"PHONE/TABLET LOCATION",,"",
"2026-06-08 03:42:00 pm","80.3","49.2","29.64","80.1","59.6","1908","point",,,,"PHONE/TABLET LOCATION",,"",
"2026-06-08 03:44:00 pm","80.4","49.2","29.64","79.9","59.6","1915","point",,,,"PHONE/TABLET LOCATION",,"",
"2026-06-08 03:46:00 pm","80.4","49.1","29.64","79.9","59.6","1918","point",,,,"PHONE/TABLET LOCATION",,"",
"2026-06-08 03:48:00 pm","80.4","49.1","29.64","79.9","59.5","1918","point",,,,"PHONE/TABLET LOCATION",,"",
"2026-06-08 03:50:00 pm","80.4","49.1","29.64","79.9","59.5","1920","point",,,,"PHONE/TABLET LOCATION",,"",
"2026-06-08 03:52:00 pm","80.4","49.1","29.63","80.2","59.6","1927","point",,,,"PHONE/TABLET LOCATION",,"",
"2026-06-08 03:54:00 pm","80.4","49.1","29.64","80.2","59.6","1920","point",,,,"PHONE/TABLET LOCATION",,"",
"2026-06-08 03:56:00 pm","80.5","49.0","29.64","80.2","59.6","1927","point",,,,"PHONE/TABLET LOCATION",,"",
"2026-06-08 03:58:00 pm","80.5","49.0","29.64","80.2","59.6","1925","point",,,,"PHONE/TABLET LOCATION",,"",
"2026-06-08 04:00:00 pm","80.5","49.0","29.64","80.2","59.6","1927","point",,,,"PHONE/TABLET LOCATION",,"",
"2026-06-08 04:02:00 pm","80.5","49.0","29.64","80.2","59.6","1927","point",,,,"PHONE/TABLET LOCATION",,"",
"2026-06-08 04:04:00 pm","80.6","49.0","29.64","80.2","59.6","1932","point",,,,"PHONE/TABLET LOCATION",,"",
"2026-06-08 04:06:00 pm","80.6","48.9","29.64","80.4","59.6","1932","point",,,,"PHONE/TABLET LOCATION",,"",
"2026-06-08 04:08:00 pm","80.6","48.9","29.63","80.2","59.6","1935","point",,,,"PHONE/TABLET LOCATION",,"",
"2026-06-08 04:10:00 pm","80.6","48.9","29.63","80.4","59.6","1940","point",,,,"PHONE/TABLET LOCATION",,"",
"2026-06-08 04:12:00 pm","80.6","48.9","29.64","80.4","59.6","1932","point",,,,"PHONE/TABLET LOCATION",,"",
"2026-06-08 04:14:00 pm","80.7","48.9","29.64","80.4","59.7","1940","point",,,,"PHONE/TABLET LOCATION",,"",
"2026-06-08 04:16:00 pm","80.7","48.8","29.64","80.4","59.7","1937","point",,,,"PHONE/TABLET LOCATION",,"",
"2026-06-08 04:18:00 pm","80.7","48.8","29.64","80.4","59.7","1942","point",,,,"PHONE/TABLET LOCATION",,"",
"2026-06-08 04:20:00 pm","80.7","48.8","29.64","80.4","59.6","1942","point",,,,"PHONE/TABLET LOCATION",,"",
"2026-06-08 04:22:00 pm","80.7","48.7","29.64","80.4","59.6","1940","point",,,,"PHONE/TABLET LOCATION",,"",
"2026-06-08 04:24:00 pm","80.7","48.7","29.63","80.4","59.6","1947","point",,,,"PHONE/TABLET LOCATION",,"",
"2026-06-08 04:26:00 pm","80.7","48.7","29.64","80.4","59.6","1942","point",,,,"PHONE/TABLET LOCATION",,"",
"2026-06-08 04:28:00 pm","80.8","48.7","29.63","80.6","59.7","1957","point",,,,"PHONE/TABLET LOCATION",,"",
"2026-06-08 04:30:00 pm","80.8","48.7","29.63","80.6","59.7","1955","point",,,,"PHONE/TABLET LOCATION",,"",
"2026-06-08 04:32:00 pm","80.8","48.6","29.64","80.6","59.7","1950","point",,,,"PHONE/TABLET LOCATION",,"",
"2026-06-08 04:34:00 pm","80.8","48.6","29.63","80.6","59.7","1955","point",,,,"PHONE/TABLET LOCATION",,"",
"2026-06-08 04:36:00 pm","80.8","48.7","29.63","80.6","59.7","1955","point",,,,"PHONE/TABLET LOCATION",,"",
"2026-06-08 04:38:00 pm","80.9","48.7","29.63","80.6","59.7","1955","point",,,,"PHONE/TABLET LOCATION",,"",
"2026-06-08 04:40:00 pm","80.9","48.6","29.64","80.6","59.7","1955","point",,,,"PHONE/TABLET LOCATION",,"",
"2026-06-08 04:42:00 pm","80.9","48.6","29.63","80.6","59.7","1957","point",,,,"PHONE/TABLET LOCATION",,"",
"2026-06-08 04:44:00 pm","80.9","48.5","29.63","80.6","59.7","1962","point",,,,"PHONE/TABLET LOCATION",,"",
"2026-06-08 04:46:00 pm","80.9","48.5","29.64","80.6","59.7","1952","point",,,,"PHONE/TABLET LOCATION",,"",
"2026-06-08 04:48:00 pm","80.9","48.5","29.63","80.6","59.7","1959","point",,,,"PHONE/TABLET LOCATION",,"",
"2026-06-08 04:50:00 pm","80.9","48.4","29.63","80.6","59.7","1959","point",,,,"PHONE/TABLET LOCATION",,"",
"2026-06-08 04:52:00 pm","81.0","48.4","29.63","81.0","59.7","1962","point",,,,"PHONE/TABLET LOCATION",,"",
"2026-06-08 04:54:00 pm","81.0","48.4","29.63","81.0","59.7","1967","point",,,,"PHONE/TABLET LOCATION",,"",
"2026-06-08 04:56:00 pm","81.0","48.4","29.64","80.8","59.7","1959","point",,,,"PHONE/TABLET LOCATION",,"",
"2026-06-08 04:58:00 pm","81.0","48.4","29.63","80.8","59.7","1962","point",,,,"PHONE/TABLET LOCATION",,"",
"2026-06-08 05:00:00 pm","81.1","48.3","29.63","80.8","59.7","1964","point",,,,"PHONE/TABLET LOCATION",,"",
"2026-06-08 05:02:00 pm","81.1","48.3","29.63","80.8","59.7","1972","point",,,,"PHONE/TABLET LOCATION",,"",
"2026-06-08 05:04:00 pm","81.1","48.3","29.63","80.8","59.7","1964","point",,,,"PHONE/TABLET LOCATION",,"",
"2026-06-08 05:06:00 pm","81.1","48.2","29.63","80.8","59.7","1972","point",,,,"PHONE/TABLET LOCATION",,"",
"2026-06-08 05:08:00 pm","81.1","48.2","29.63","80.8","59.7","1972","point",,,,"PHONE/TABLET LOCATION",,"",
"2026-06-08 05:10:00 pm","81.2","48.2","29.63","81.0","59.7","1972","point",,,,"PHONE/TABLET LOCATION",,"",
"2026-06-08 05:12:00 pm","81.2","48.3","29.63","81.0","59.8","1974","point",,,,"PHONE/TABLET LOCATION",,"",
"2026-06-08 05:14:00 pm","81.2","48.3","29.63","81.0","59.8","1974","point",,,,"PHONE/TABLET LOCATION",,"",
"2026-06-08 05:16:00 pm","81.2","48.2","29.63","81.0","59.7","1977","point",,,,"PHONE/TABLET LOCATION",,"",
"2026-06-08 05:18:00 pm","81.2","48.1","29.63","81.0","59.8","1977","point",,,,"PHONE/TABLET LOCATION",,"",
"2026-06-08 05:20:00 pm","81.3","48.1","29.63","81.0","59.8","1984","point",,,,"PHONE/TABLET LOCATION",,"",
"2026-06-08 05:22:00 pm","81.3","48.1","29.63","81.0","59.8","1987","point",,,,"PHONE/TABLET LOCATION",,"",
"2026-06-08 05:24:00 pm","81.2","48.1","29.63","81.0","59.8","1979","point",,,,"PHONE/TABLET LOCATION",,"",
"2026-06-08 05:26:00 pm","81.3","48.1","29.63","81.0","59.8","1979","point",,,,"PHONE/TABLET LOCATION",,"",
"2026-06-08 05:28:00 pm","81.3","48.1","29.63","81.0","59.8","1984","point",,,,"PHONE/TABLET LOCATION",,"",
"2026-06-08 05:30:00 pm","81.3","48.1","29.63","81.0","59.8","1982","point",,,,"PHONE/TABLET LOCATION",,"",
"2026-06-08 05:32:00 pm","81.4","48.1","29.64","81.1","59.8","1982","point",,,,"PHONE/TABLET LOCATION",,"",
"2026-06-08 05:34:00 pm","81.3","48.0","29.63","81.0","59.8","1984","point",,,,"PHONE/TABLET LOCATION",,"",
"2026-06-08 05:36:00 pm","81.4","48.0","29.63","81.1","59.8","1984","point",,,,"PHONE/TABLET LOCATION",,"",
"2026-06-08 05:38:00 pm","81.4","48.0","29.64","81.1","59.8","1984","point",,,,"PHONE/TABLET LOCATION",,"",
"2026-06-08 05:40:00 pm","81.4","48.0","29.64","81.1","59.8","1984","point",,,,"PHONE/TABLET LOCATION",,"",
"2026-06-08 05:42:00 pm","81.4","48.0","29.63","81.1","59.8","1984","point",,,,"PHONE/TABLET LOCATION",,"",
"2026-06-08 05:44:00 pm","81.4","48.0","29.64","81.1","59.8","1984","point",,,,"PHONE/TABLET LOCATION",,"",
"2026-06-08 05:46:00 pm","81.4","47.9","29.63","81.1","59.8","1989","point",,,,"PHONE/TABLET LOCATION",,"",
"2026-06-08 05:48:00 pm","81.4","48.0","29.63","81.1","59.9","1991","point",,,,"PHONE/TABLET LOCATION",,"",
"2026-06-08 05:50:00 pm","81.4","48.0","29.63","81.1","59.8","1991","point",,,,"PHONE/TABLET LOCATION",,"",
"2026-06-08 05:52:00 pm","81.4","48.0","29.63","81.1","59.9","1991","point",,,,"PHONE/TABLET LOCATION",,"",
"2026-06-08 05:54:00 pm","81.4","48.0","29.64","81.1","59.8","1984","point",,,,"PHONE/TABLET LOCATION",,"",
"2026-06-08 05:56:00 pm","81.5","48.0","29.63","81.1","59.9","1994","point",,,,"PHONE/TABLET LOCATION",,"",
"2026-06-08 05:58:00 pm","81.4","48.0","29.63","81.1","59.9","1991","point",,,,"PHONE/TABLET LOCATION",,"",
"2026-06-08 06:00:00 pm","81.5","48.1","29.64","81.1","59.9","1989","point",,,,"PHONE/TABLET LOCATION",,"",
"2026-06-08 06:02:00 pm","81.5","48.1","29.63","81.1","59.9","1994","point",,,,"PHONE/TABLET LOCATION",,"",
"2026-06-08 06:04:00 pm","81.5","48.0","29.64","81.1","59.9","1987","point",,,,"PHONE/TABLET LOCATION",,"",
"2026-06-08 06:06:00 pm","81.5","47.9","29.64","81.1","59.9","1989","point",,,,"PHONE/TABLET LOCATION",,"",
"2026-06-08 06:08:00 pm","81.5","47.8","29.64","81.1","59.8","1989","point",,,,"PHONE/TABLET LOCATION",,"",
"2026-06-08 06:10:00 pm","81.4","47.7","29.64","81.1","59.7","1989","point",,,,"PHONE/TABLET LOCATION",,"",
"2026-06-08 06:12:00 pm","81.4","47.6","29.63","81.1","59.6","1991","point",,,,"PHONE/TABLET LOCATION",,"",
"2026-06-08 06:14:00 pm","81.4","47.4","29.64","81.0","59.5","1977","point",,,,"PHONE/TABLET LOCATION",,"",
"2026-06-08 06:16:00 pm","81.4","47.2","29.64","81.0","59.4","1982","point",,,,"PHONE/TABLET LOCATION",,"",
"2026-06-08 06:18:00 pm","81.4","47.0","29.64","81.0","59.2","1977","point",,,,"PHONE/TABLET LOCATION",,"",
"2026-06-08 06:20:00 pm","81.4","46.8","29.64","81.0","59.1","1974","point",,,,"PHONE/TABLET LOCATION",,"",
"2026-06-08 06:22:00 pm","81.3","46.6","29.64","80.6","58.9","1964","point",,,,"PHONE/TABLET LOCATION",,"",
"2026-06-08 06:24:00 pm","81.2","46.4","29.64","80.6","58.7","1962","point",,,,"PHONE/TABLET LOCATION",,"",
"2026-06-08 06:26:00 pm","81.2","46.3","29.63","80.6","58.6","1964","point",,,,"PHONE/TABLET LOCATION",,"",
"2026-06-08 06:28:00 pm","81.2","46.1","29.64","80.6","58.5","1955","point",,,,"PHONE/TABLET LOCATION",,"",
"2026-06-08 06:30:00 pm","81.1","45.9","29.64","80.4","58.4","1957","point",,,,"PHONE/TABLET LOCATION",,"",
"2026-06-08 06:32:00 pm","81.1","45.8","29.63","80.2","58.2","1957","point",,,,"PHONE/TABLET LOCATION",,"",
"2026-06-08 06:34:00 pm","81.0","45.7","29.64","80.2","58.1","1950","point",,,,"PHONE/TABLET LOCATION",,"",
"2026-06-08 06:36:00 pm","81.0","45.7","29.64","80.2","58.1","1945","point",,,,"PHONE/TABLET LOCATION",,"",
"2026-06-08 06:38:00 pm","80.9","45.6","29.64","80.1","58.0","1945","point",,,,"PHONE/TABLET LOCATION",,"",
"2026-06-08 06:40:00 pm","80.9","45.5","29.64","80.1","57.9","1937","point",,,,"PHONE/TABLET LOCATION",,"",
"2026-06-08 06:42:00 pm","80.9","45.5","29.64","80.1","57.8","1935","point",,,,"PHONE/TABLET LOCATION",,"",
"2026-06-08 06:44:00 pm","80.8","45.4","29.64","80.1","57.8","1930","point",,,,"PHONE/TABLET LOCATION",,"",
"2026-06-08 06:46:00 pm","80.8","45.4","29.63","80.1","57.8","1935","point",,,,"PHONE/TABLET LOCATION",,"",
"2026-06-08 06:48:00 pm","80.8","45.4","29.64","80.1","57.8","1932","point",,,,"PHONE/TABLET LOCATION",,"",
"2026-06-08 06:50:00 pm","80.7","45.4","29.64","79.9","57.7","1922","point",,,,"PHONE/TABLET LOCATION",,"",
"2026-06-08 06:52:00 pm","80.7","45.5","29.64","79.9","57.7","1930","point",,,,"PHONE/TABLET LOCATION",,"",
"2026-06-08 06:54:00 pm","80.7","45.5","29.64","79.9","57.7","1927","point",,,,"PHONE/TABLET LOCATION",,"",
"2026-06-08 06:56:00 pm","80.7","45.6","29.63","79.9","57.8","1935","point",,,,"PHONE/TABLET LOCATION",,"",
"2026-06-08 06:58:00 pm","80.7","45.6","29.64","79.9","57.8","1925","point",,,,"PHONE/TABLET LOCATION",,"",
"2026-06-08 07:00:00 pm","80.7","45.7","29.63","79.9","57.8","1927","point",,,,"PHONE/TABLET LOCATION",,"",
"2026-06-08 07:02:00 pm","80.7","45.6","29.64","79.9","57.7","1925","point",,,,"PHONE/TABLET LOCATION",,"",
"2026-06-08 07:04:00 pm","80.6","45.6","29.63","79.9","57.7","1927","point",,,,"PHONE/TABLET LOCATION",,"",
"2026-06-08 07:06:00 pm","80.6","45.6","29.64","79.5","57.6","1918","point",,,,"PHONE/TABLET LOCATION",,"",
"2026-06-08 07:08:00 pm","80.5","45.5","29.63","79.5","57.6","1920","point",,,,"PHONE/TABLET LOCATION",,"",
"2026-06-08 07:10:00 pm","80.5","45.5","29.64","79.5","57.5","1913","point",,,,"PHONE/TABLET LOCATION",,"",
"2026-06-08 07:12:00 pm","80.5","45.4","29.64","79.5","57.5","1908","point",,,,"PHONE/TABLET LOCATION",,"",
"2026-06-08 07:14:00 pm","80.5","45.4","29.64","79.5","57.4","1905","point",,,,"PHONE/TABLET LOCATION",,"",
"2026-06-08 07:16:00 pm","80.5","45.3","29.64","79.5","57.4","1910","point",,,,"PHONE/TABLET LOCATION",,"",
"2026-06-08 07:18:00 pm","80.5","45.2","29.64","79.5","57.3","1905","point",,,,"PHONE/TABLET LOCATION",,"",
"2026-06-08 07:20:00 pm","80.4","44.9","29.64","79.3","57.1","1905","point",,,,"PHONE/TABLET LOCATION",,"",
"2026-06-08 07:22:00 pm","80.4","44.7","29.63","79.2","57.0","1905","point",,,,"PHONE/TABLET LOCATION",,"",
"2026-06-08 07:24:00 pm","80.4","44.6","29.63","79.2","56.9","1905","point",,,,"PHONE/TABLET LOCATION",,"",
"2026-06-08 07:26:00 pm","80.4","44.5","29.64","79.2","56.8","1903","point",,,,"PHONE/TABLET LOCATION",,"",
"2026-06-08 07:28:00 pm","80.3","44.4","29.64","79.2","56.7","1893","point",,,,"PHONE/TABLET LOCATION",,"",
"2026-06-08 07:30:00 pm","80.3","44.3","29.64","79.2","56.6","1890","point",,,,"PHONE/TABLET LOCATION",,"",
"2026-06-08 07:32:00 pm","80.3","44.3","29.64","79.2","56.6","1890","point",,,,"PHONE/TABLET LOCATION",,"",
"2026-06-08 07:34:00 pm","80.2","44.2","29.64","79.0","56.5","1886","point",,,,"PHONE/TABLET LOCATION",,"",
"2026-06-08 07:36:00 pm","80.2","44.1","29.64","79.0","56.4","1881","point",,,,"PHONE/TABLET LOCATION",,"",
"2026-06-08 07:38:00 pm","80.2","44.0","29.63","78.8","56.3","1886","point",,,,"PHONE/TABLET LOCATION",,"",
"2026-06-08 07:40:00 pm","80.2","43.8","29.64","78.8","56.2","1881","point",,,,"PHONE/TABLET LOCATION",,"",
"2026-06-08 07:42:00 pm","80.2","43.8","29.63","78.8","56.1","1886","point",,,,"PHONE/TABLET LOCATION",,"",
"2026-06-08 07:44:00 pm","80.1","43.7","29.64","78.8","56.0","1878","point",,,,"PHONE/TABLET LOCATION",,"",
"2026-06-08 07:46:00 pm","80.0","43.5","29.64","78.6","55.9","1868","point",,,,"PHONE/TABLET LOCATION",,"",
"2026-06-08 07:48:00 pm","80.1","43.4","29.64","78.8","55.9","1871","point",,,,"PHONE/TABLET LOCATION",,"",
"2026-06-08 07:50:00 pm","80.0","43.3","29.64","78.6","55.7","1868","point",,,,"PHONE/TABLET LOCATION",,"",
"2026-06-08 07:52:00 pm","80.0","43.2","29.63","78.6","55.6","1866","point",,,,"PHONE/TABLET LOCATION",,"",
"2026-06-08 07:54:00 pm","80.0","43.3","29.64","78.6","55.7","1866","point",,,,"PHONE/TABLET LOCATION",,"",
"2026-06-08 07:56:00 pm","79.9","43.2","29.64","78.6","55.5","1858","point",,,,"PHONE/TABLET LOCATION",,"",
"2026-06-08 07:58:00 pm","79.9","43.1","29.63","78.6","55.5","1863","point",,,,"PHONE/TABLET LOCATION",,"",
"2026-06-08 08:00:00 pm","79.9","43.0","29.63","78.6","55.4","1863","point",,,,"PHONE/TABLET LOCATION",,"",
"2026-06-08 08:02:00 pm","79.8","42.9","29.64","78.3","55.3","1853","point",,,,"PHONE/TABLET LOCATION",,"",
"2026-06-08 08:04:00 pm","79.8","42.8","29.63","78.3","55.2","1853","point",,,,"PHONE/TABLET LOCATION",,"",
"2026-06-08 08:06:00 pm","79.8","42.7","29.64","78.3","55.1","1846","point",,,,"PHONE/TABLET LOCATION",,"",
"2026-06-08 08:08:00 pm","79.8","42.6","29.64","78.3","55.1","1846","point",,,,"PHONE/TABLET LOCATION",,"",
"2026-06-08 08:10:00 pm","79.7","42.5","29.64","78.3","55.0","1844","point",,,,"PHONE/TABLET LOCATION",,"",
"2026-06-08 08:12:00 pm","79.7","42.6","29.64","78.1","54.9","1844","point",,,,"PHONE/TABLET LOCATION",,"",
"2026-06-08 08:14:00 pm","79.7","42.5","29.64","78.1","54.9","1834","point",,,,"PHONE/TABLET LOCATION",,"",
"2026-06-08 08:16:00 pm","79.6","42.4","29.63","78.1","54.8","1839","point",,,,"PHONE/TABLET LOCATION",,"",
"2026-06-08 08:18:00 pm","79.6","42.4","29.63","78.1","54.8","1836","point",,,,"PHONE/TABLET LOCATION",,"",
"2026-06-08 08:20:00 pm","79.6","42.4","29.64","78.1","54.7","1826","point",,,,"PHONE/TABLET LOCATION",,"",
"2026-06-08 08:22:00 pm","79.5","42.3","29.64","78.1","54.7","1831","point",,,,"PHONE/TABLET LOCATION",,"",
"2026-06-08 08:24:00 pm","79.5","42.3","29.64","77.9","54.6","1826","point",,,,"PHONE/TABLET LOCATION",,"",
"2026-06-08 08:26:00 pm","79.5","42.2","29.64","77.9","54.5","1826","point",,,,"PHONE/TABLET LOCATION",,"",
"2026-06-08 08:28:00 pm","79.5","42.2","29.64","77.9","54.5","1821","point",,,,"PHONE/TABLET LOCATION",,"",
"2026-06-08 08:30:00 pm","79.5","42.2","29.64","77.9","54.5","1821","point",,,,"PHONE/TABLET LOCATION",,"",
"2026-06-08 08:32:00 pm","79.4","42.2","29.64","77.9","54.5","1816","point",,,,"PHONE/TABLET LOCATION",,"",
"2026-06-08 08:34:00 pm","79.4","42.2","29.65","77.9","54.4","1809","point",,,,"PHONE/TABLET LOCATION",,"",
"2026-06-08 08:36:00 pm","79.4","42.1","29.65","77.9","54.4","1809","point",,,,"PHONE/TABLET LOCATION",,"",
"2026-06-08 08:38:00 pm","79.4","42.0","29.65","77.9","54.3","1807","point",,,,"PHONE/TABLET LOCATION",,"",
"2026-06-08 08:40:00 pm","79.3","42.0","29.64","77.5","54.2","1807","point",,,,"PHONE/TABLET LOCATION",,"",
"2026-06-08 08:42:00 pm","79.3","42.0","29.64","77.5","54.2","1809","point",,,,"PHONE/TABLET LOCATION",,"",
"2026-06-08 08:44:00 pm","79.2","41.9","29.64","77.5","54.1","1802","point",,,,"PHONE/TABLET LOCATION",,"",
"2026-06-08 08:46:00 pm","79.2","41.9","29.64","77.5","54.1","1802","point",,,,"PHONE/TABLET LOCATION",,"",
"2026-06-08 08:48:00 pm","79.2","41.9","29.64","77.5","54.1","1804","point",,,,"PHONE/TABLET LOCATION",,"",
"2026-06-08 08:50:00 pm","79.2","41.9","29.65","77.5","54.1","1794","point",,,,"PHONE/TABLET LOCATION",,"",
"2026-06-08 08:52:00 pm","79.2","41.9","29.64","77.5","54.1","1799","point",,,,"PHONE/TABLET LOCATION",,"",
"2026-06-08 08:54:00 pm","79.1","41.9","29.65","77.4","54.0","1789","point",,,,"PHONE/TABLET LOCATION",,"",
"2026-06-08 08:56:00 pm","79.1","41.8","29.64","77.4","53.9","1794","point",,,,"PHONE/TABLET LOCATION",,"",
"2026-06-08 08:58:00 pm","79.1","41.8","29.64","77.4","53.9","1792","point",,,,"PHONE/TABLET LOCATION",,"",
"2026-06-08 09:00:00 pm","79.1","41.8","29.64","77.4","53.9","1794","point",,,,"PHONE/TABLET LOCATION",,"",
"2026-06-08 09:02:00 pm","79.0","41.7","29.64","77.4","53.8","1789","point",,,,"PHONE/TABLET LOCATION",,"",
"2026-06-08 09:04:00 pm","79.0","41.7","29.64","77.4","53.8","1792","point",,,,"PHONE/TABLET LOCATION",,"",
"2026-06-08 09:06:00 pm","79.0","41.7","29.64","77.4","53.8","1789","point",,,,"PHONE/TABLET LOCATION",,"",
"2026-06-08 09:08:00 pm","78.9","41.7","29.64","77.2","53.7","1784","point",,,,"PHONE/TABLET LOCATION",,"",
"2026-06-08 09:10:00 pm","78.9","41.7","29.65","77.0","53.7","1777","point",,,,"PHONE/TABLET LOCATION",,"",
"2026-06-08 09:12:00 pm","78.9","41.6","29.64","77.0","53.6","1784","point",,,,"PHONE/TABLET LOCATION",,"",
"2026-06-08 09:14:00 pm","78.9","41.6","29.64","77.0","53.6","1784","point",,,,"PHONE/TABLET LOCATION",,"",
"2026-06-08 09:16:00 pm","78.8","41.6","29.64","77.0","53.6","1777","point",,,,"PHONE/TABLET LOCATION",,"",
"2026-06-08 09:18:00 pm","78.8","41.6","29.65","77.0","53.5","1772","point",,,,"PHONE/TABLET LOCATION",,"",
"2026-06-08 09:20:00 pm","78.8","41.6","29.64","77.0","53.5","1775","point",,,,"PHONE/TABLET LOCATION",,"",
"2026-06-08 09:22:00 pm","78.8","41.6","29.65","77.0","53.5","1770","point",,,,"PHONE/TABLET LOCATION",,"",
"2026-06-08 09:24:00 pm","78.7","41.6","29.64","76.8","53.4","1765","point",,,,"PHONE/TABLET LOCATION",,"",
"2026-06-08 09:26:00 pm","78.7","41.5","29.64","76.8","53.4","1765","point",,,,"PHONE/TABLET LOCATION",,"",
"2026-06-08 09:28:00 pm","78.6","41.6","29.64","76.8","53.3","1762","point",,,,"PHONE/TABLET LOCATION",,"",
"2026-06-08 09:30:00 pm","78.6","41.6","29.64","76.8","53.4","1762","point",,,,"PHONE/TABLET LOCATION",,"",
"2026-06-08 09:32:00 pm","78.6","41.6","29.64","76.6","53.3","1762","point",,,,"PHONE/TABLET LOCATION",,"",
"2026-06-08 09:34:00 pm","78.5","41.6","29.64","76.6","53.3","1760","point",,,,"PHONE/TABLET LOCATION",,"",
"2026-06-08 09:36:00 pm","78.6","41.6","29.64","76.6","53.3","1757","point",,,,"PHONE/TABLET LOCATION",,"",
"2026-06-08 09:38:00 pm","78.5","41.7","29.64","76.6","53.3","1760","point",,,,"PHONE/TABLET LOCATION",,"",
"2026-06-08 09:40:00 pm","78.5","41.7","29.64","76.6","53.3","1757","point",,,,"PHONE/TABLET LOCATION",,"",
"2026-06-08 09:42:00 pm","78.5","41.8","29.64","76.6","53.4","1757","point",,,,"PHONE/TABLET LOCATION",,"",
"2026-06-08 09:44:00 pm","78.5","41.9","29.64","76.6","53.5","1757","point",,,,"PHONE/TABLET LOCATION",,"",
"2026-06-08 09:46:00 pm","78.5","42.1","29.64","76.8","53.6","1757","point",,,,"PHONE/TABLET LOCATION",,"",
"2026-06-08 09:48:00 pm","78.5","42.1","29.64","76.8","53.6","1755","point",,,,"PHONE/TABLET LOCATION",,"",
"2026-06-08 09:50:00 pm","78.5","42.2","29.64","76.8","53.7","1762","point",,,,"PHONE/TABLET LOCATION",,"",
"2026-06-08 09:52:00 pm","78.5","42.3","29.63","76.8","53.7","1762","point",,,,"PHONE/TABLET LOCATION",,"",
"2026-06-08 09:54:00 pm","78.6","39.7","29.64","76.3","52.1","1757","point",,,,"PHONE/TABLET LOCATION",,"",
"2026-06-08 09:56:00 pm","78.8","38.1","29.64","76.3","51.1","1760","point",,,,"PHONE/TABLET LOCATION",,"",
"2026-06-08 09:58:00 pm","78.8","37.7","29.64","76.5","50.9","1757","point",,,,"PHONE/TABLET LOCATION",,"",
"2026-06-08 10:00:00 pm","78.9","37.4","29.64","76.5","50.7","1760","point",,,,"PHONE/TABLET LOCATION",,"",
"2026-06-08 10:02:00 pm","78.9","37.4","29.64","76.5","50.8","1767","point",,,,"PHONE/TABLET LOCATION",,"",
"2026-06-08 10:04:00 pm","78.9","37.4","29.64","76.5","50.7","1765","point",,,,"PHONE/TABLET LOCATION",,"",
"2026-06-08 10:06:00 pm","78.9","37.4","29.64","76.5","50.7","1767","point",,,,"PHONE/TABLET LOCATION",,"",
"2026-06-08 10:08:00 pm","78.9","37.4","29.64","76.5","50.7","1767","point",,,,"PHONE/TABLET LOCATION",,"",
"2026-06-08 10:10:00 pm","78.9","37.3","29.64","76.5","50.6","1760","point",,,,"PHONE/TABLET LOCATION",,"",
"2026-06-08 10:12:00 pm","78.9","37.3","29.64","76.5","50.6","1760","point",,,,"PHONE/TABLET LOCATION",,"",
"2026-06-08 10:14:00 pm","78.9","37.4","29.64","76.5","50.7","1762","point",,,,"PHONE/TABLET LOCATION",,"",
"2026-06-08 10:16:00 pm","78.8","37.3","29.64","76.3","50.5","1755","point",,,,"PHONE/TABLET LOCATION",,"",
"2026-06-08 10:18:00 pm","78.8","37.3","29.64","76.5","50.6","1755","point",,,,"PHONE/TABLET LOCATION",,"",
"2026-06-08 10:20:00 pm","78.8","37.3","29.64","76.5","50.6","1757","point",,,,"PHONE/TABLET LOCATION",,"",
"2026-06-08 10:22:00 pm","78.8","37.4","29.63","76.5","50.6","1762","point",,,,"PHONE/TABLET LOCATION",,"",
"2026-06-08 10:24:00 pm","78.7","37.6","29.64","76.3","50.7","1755","point",,,,"PHONE/TABLET LOCATION",,"",
"2026-06-08 10:26:00 pm","78.8","37.9","29.64","76.3","50.9","1760","point",,,,"PHONE/TABLET LOCATION",,"",
"2026-06-08 10:28:00 pm","78.8","38.2","29.63","76.6","51.2","1767","point",,,,"PHONE/TABLET LOCATION",,"",
"2026-06-08 10:30:00 pm","78.8","38.5","29.64","76.5","51.4","1765","point",,,,"PHONE/TABLET LOCATION",,"",
"2026-06-08 10:32:00 pm","78.7","38.9","29.64","76.5","51.6","1757","point",,,,"PHONE/TABLET LOCATION",,"",
"2026-06-08 10:34:00 pm","78.7","39.4","29.64","76.5","51.9","1757","point",,,,"PHONE/TABLET LOCATION",,"",
"2026-06-08 10:36:00 pm","78.7","40.2","29.63","76.6","52.5","1767","point",,,,"PHONE/TABLET LOCATION",,"",
"2026-06-08 10:38:00 pm","78.8","41.6","29.64","77.0","53.5","1775","point",,,,"PHONE/TABLET LOCATION",,"",
"2026-06-08 10:40:00 pm","78.9","43.7","29.64","77.4","55.0","1787","point",,,,"PHONE/TABLET LOCATION",,"",
"2026-06-08 10:42:00 pm","78.8","45.8","29.63","77.5","56.2","1809","point",,,,"PHONE/TABLET LOCATION",,"",
"2026-06-08 10:44:00 pm","78.9","47.5","29.64","77.9","57.3","1814","point",,,,"PHONE/TABLET LOCATION",,"",
"2026-06-08 10:46:00 pm","79.0","48.8","29.63","78.3","58.1","1826","point",,,,"PHONE/TABLET LOCATION",,"",
"2026-06-08 10:48:00 pm","79.0","49.7","29.64","78.4","58.6","1829","point",,,,"PHONE/TABLET LOCATION",,"",
"2026-06-08 10:50:00 pm","79.0","50.5","29.63","78.6","59.1","1836","point",,,,"PHONE/TABLET LOCATION",,"",
"2026-06-08 10:52:00 pm","79.1","51.2","29.63","78.6","59.5","1844","point",,,,"PHONE/TABLET LOCATION",,"",
"2026-06-08 10:54:00 pm","79.0","51.7","29.63","78.6","59.7","1841","point",,,,"PHONE/TABLET LOCATION",,"",
"2026-06-08 10:56:00 pm","79.1","52.1","29.63","78.8","60.0","1844","point",,,,"PHONE/TABLET LOCATION",,"",
"2026-06-08 10:58:00 pm","79.2","52.4","29.63","79.2","60.2","1853","point",,,,"PHONE/TABLET LOCATION",,"",
"2026-06-08 11:00:00 pm","79.2","52.6","29.63","79.2","60.4","1853","point",,,,"PHONE/TABLET LOCATION",,"",
"2026-06-08 11:02:00 pm","79.1","52.6","29.63","79.0","60.3","1851","point",,,,"PHONE/TABLET LOCATION",,"",
"2026-06-08 11:04:00 pm","79.2","52.1","29.64","79.2","60.1","1846","point",,,,"PHONE/TABLET LOCATION",,"",
"2026-06-08 11:06:00 pm","79.2","51.7","29.64","79.0","59.9","1851","point",,,,"PHONE/TABLET LOCATION",,"",
"2026-06-08 11:08:00 pm","79.2","51.4","29.63","79.0","59.7","1853","point",,,,"PHONE/TABLET LOCATION",,"",
"2026-06-08 11:10:00 pm","79.3","51.5","29.63","79.0","59.8","1861","point",,,,"PHONE/TABLET LOCATION",,"",
"2026-06-08 11:12:00 pm","79.4","51.6","29.63","79.2","60.0","1866","point",,,,"PHONE/TABLET LOCATION",,"",
"2026-06-08 11:14:00 pm","79.3","51.4","29.63","79.0","59.8","1858","point",,,,"PHONE/TABLET LOCATION",,"",
"2026-06-08 11:16:00 pm","79.3","51.1","29.62","79.0","59.7","1868","point",,,,"PHONE/TABLET LOCATION",,"",
"2026-06-08 11:18:00 pm","79.2","51.0","29.63","79.0","59.5","1858","point",,,,"PHONE/TABLET LOCATION",,"",
"2026-06-08 11:20:00 pm","79.3","50.8","29.63","78.8","59.5","1856","point",,,,"PHONE/TABLET LOCATION",,"",
"2026-06-08 11:22:00 pm","79.2","50.7","29.63","78.8","59.3","1853","point",,,,"PHONE/TABLET LOCATION",,"",
"2026-06-08 11:24:00 pm","79.2","50.5","29.63","78.8","59.3","1853","point",,,,"PHONE/TABLET LOCATION",,"",
"2026-06-08 11:26:00 pm","79.3","50.4","29.63","78.8","59.3","1856","point",,,,"PHONE/TABLET LOCATION",,"",
"2026-06-08 11:28:00 pm","79.2","50.3","29.63","78.8","59.1","1849","point",,,,"PHONE/TABLET LOCATION",,"",
"2026-06-08 11:30:00 pm","79.3","50.2","29.63","78.8","59.2","1858","point",,,,"PHONE/TABLET LOCATION",,"",
"2026-06-08 11:32:00 pm","79.2","50.2","29.63","78.8","59.1","1846","point",,,,"PHONE/TABLET LOCATION",,"",
"2026-06-08 11:34:00 pm","79.3","50.1","29.63","78.8","59.1","1856","point",,,,"PHONE/TABLET LOCATION",,"",
"2026-06-08 11:36:00 pm","79.2","50.0","29.63","78.8","59.0","1849","point",,,,"PHONE/TABLET LOCATION",,"",
"2026-06-08 11:38:00 pm","79.2","50.0","29.63","78.6","59.0","1851","point",,,,"PHONE/TABLET LOCATION",,"",
"2026-06-08 11:40:00 pm","79.1","49.9","29.63","78.4","58.8","1836","point",,,,"PHONE/TABLET LOCATION",,"",
"2026-06-08 11:42:00 pm","79.2","49.8","29.63","78.6","58.8","1846","point",,,,"PHONE/TABLET LOCATION",,"",
"2026-06-08 11:44:00 pm","79.2","49.8","29.62","78.6","58.9","1856","point",,,,"PHONE/TABLET LOCATION",,"",
"2026-06-08 11:46:00 pm","79.1","49.7","29.62","78.4","58.7","1849","point",,,,"PHONE/TABLET LOCATION",,"",
"2026-06-08 11:48:00 pm","79.1","49.6","29.62","78.4","58.7","1849","point",,,,"PHONE/TABLET LOCATION",,"",
"2026-06-08 11:50:00 pm","79.1","49.6","29.63","78.4","58.6","1844","point",,,,"PHONE/TABLET LOCATION",,"",
"2026-06-08 11:52:00 pm","79.2","49.5","29.62","78.6","58.6","1846","point",,,,"PHONE/TABLET LOCATION",,"",
"2026-06-08 11:54:00 pm","79.1","49.4","29.63","78.4","58.6","1841","point",,,,"PHONE/TABLET LOCATION",,"",
"2026-06-08 11:56:00 pm","79.1","49.4","29.62","78.4","58.5","1849","point",,,,"PHONE/TABLET LOCATION",,"",
"2026-06-08 11:58:00 pm","79.2","49.3","29.62","78.6","58.5","1851","point",,,,"PHONE/TABLET LOCATION",,"",
"2026-06-09 12:00:00 am","79.1","49.2","29.62","78.4","58.4","1846","point",,,,"PHONE/TABLET LOCATION",,"",
"2026-06-09 12:02:00 am","79.0","49.2","29.62","78.3","58.3","1839","point",,,,"PHONE/TABLET LOCATION",,"",
"2026-06-09 12:04:00 am","79.0","49.1","29.62","78.3","58.3","1839","point",,,,"PHONE/TABLET LOCATION",,"",
"2026-06-09 12:06:00 am","79.0","49.1","29.62","78.3","58.3","1841","point",,,,"PHONE/TABLET LOCATION",,"",
"2026-06-09 12:08:00 am","79.0","49.0","29.62","78.3","58.2","1846","point",,,,"PHONE/TABLET LOCATION",,"",
"2026-06-09 12:10:00 am","79.0","49.0","29.62","78.3","58.2","1839","point",,,,"PHONE/TABLET LOCATION",,"",
"2026-06-09 12:12:00 am","78.9","48.9","29.62","78.1","58.1","1834","point",,,,"PHONE/TABLET LOCATION",,"",
"2026-06-09 12:14:00 am","79.0","48.8","29.62","78.3","58.1","1841","point",,,,"PHONE/TABLET LOCATION",,"",
"2026-06-09 12:16:00 am","79.0","48.8","29.62","78.3","58.1","1839","point",,,,"PHONE/TABLET LOCATION",,"",
"2026-06-09 12:18:00 am","78.9","48.8","29.62","78.1","58.0","1836","point",,,,"PHONE/TABLET LOCATION",,"",
"2026-06-09 12:20:00 am","78.9","48.7","29.62","78.1","57.9","1839","point",,,,"PHONE/TABLET LOCATION",,"",
"2026-06-09 12:22:00 am","79.0","48.7","29.62","78.3","58.0","1841","point",,,,"PHONE/TABLET LOCATION",,"",
"2026-06-09 12:24:00 am","79.0","48.6","29.62","78.3","58.0","1841","point",,,,"PHONE/TABLET LOCATION",,"",
"2026-06-09 12:26:00 am","78.9","48.6","29.62","78.1","57.9","1839","point",,,,"PHONE/TABLET LOCATION",,"",
"2026-06-09 12:28:00 am","78.9","48.5","29.62","78.1","57.9","1839","point",,,,"PHONE/TABLET LOCATION",,"",
"2026-06-09 12:30:00 am","78.9","48.5","29.62","78.1","57.8","1836","point",,,,"PHONE/TABLET LOCATION",,"",
"2026-06-09 12:32:00 am","78.9","48.5","29.61","78.1","57.8","1836","point",,,,"PHONE/TABLET LOCATION",,"",
"2026-06-09 12:34:00 am","78.8","48.5","29.62","78.1","57.8","1826","point",,,,"PHONE/TABLET LOCATION",,"",
"2026-06-09 12:36:00 am","78.8","48.4","29.62","77.9","57.7","1826","point",,,,"PHONE/TABLET LOCATION",,"",
"2026-06-09 12:38:00 am","78.9","48.4","29.62","77.9","57.8","1836","point",,,,"PHONE/TABLET LOCATION",,"",
"2026-06-09 12:40:00 am","78.9","48.3","29.62","77.9","57.7","1834","point",,,,"PHONE/TABLET LOCATION",,"",
"2026-06-09 12:42:00 am","78.8","48.3","29.62","77.9","57.7","1831","point",,,,"PHONE/TABLET LOCATION",,"",
"2026-06-09 12:44:00 am","78.8","48.3","29.62","77.9","57.7","1826","point",,,,"PHONE/TABLET LOCATION",,"",
"2026-06-09 12:46:00 am","78.8","48.2","29.61","77.9","57.6","1834","point",,,,"PHONE/TABLET LOCATION",,"",
"2026-06-09 12:48:00 am","78.8","48.2","29.61","77.9","57.6","1831","point",,,,"PHONE/TABLET LOCATION",,"",
"2026-06-09 12:50:00 am","78.8","48.2","29.62","77.9","57.5","1829","point",,,,"PHONE/TABLET LOCATION",,"",
"2026-06-09 12:52:00 am","78.8","48.1","29.61","77.9","57.5","1839","point",,,,"PHONE/TABLET LOCATION",,"",
"2026-06-09 12:54:00 am","78.8","48.1","29.61","77.9","57.5","1834","point",,,,"PHONE/TABLET LOCATION",,"",
"2026-06-09 12:56:00 am","78.8","48.1","29.61","77.7","57.5","1829","point",,,,"PHONE/TABLET LOCATION",,"",
"2026-06-09 12:58:00 am","78.8","48.0","29.61","77.7","57.5","1836","point",,,,"PHONE/TABLET LOCATION",,"",
"2026-06-09 01:00:00 am","78.8","48.0","29.61","77.7","57.4","1834","point",,,,"PHONE/TABLET LOCATION",,"",
"2026-06-09 01:02:00 am","78.8","48.0","29.61","77.7","57.4","1836","point",,,,"PHONE/TABLET LOCATION",,"",
"2026-06-09 01:04:00 am","78.7","48.0","29.61","77.7","57.3","1821","point",,,,"PHONE/TABLET LOCATION",,"",
"2026-06-09 01:06:00 am","78.8","48.0","29.61","77.7","57.4","1836","point",,,,"PHONE/TABLET LOCATION",,"",
"2026-06-09 01:08:00 am","78.8","48.0","29.61","77.7","57.4","1834","point",,,,"PHONE/TABLET LOCATION",,"",
"2026-06-09 01:10:00 am","78.8","47.9","29.60","77.7","57.4","1839","point",,,,"PHONE/TABLET LOCATION",,"",
"2026-06-09 01:12:00 am","78.7","47.9","29.61","77.7","57.3","1831","point",,,,"PHONE/TABLET LOCATION",,"",
"2026-06-09 01:14:00 am","78.7","47.9","29.61","77.7","57.3","1821","point",,,,"PHONE/TABLET LOCATION",,"",
"2026-06-09 01:16:00 am","78.6","47.8","29.61","77.7","57.2","1824","point",,,,"PHONE/TABLET LOCATION",,"",
"2026-06-09 01:18:00 am","78.7","47.8","29.61","77.7","57.2","1821","point",,,,"PHONE/TABLET LOCATION",,"",
"2026-06-09 01:20:00 am","78.6","47.8","29.61","77.5","57.2","1821","point",,,,"PHONE/TABLET LOCATION",,"",
"2026-06-09 01:22:00 am","78.6","47.7","29.62","77.7","57.2","1816","point",,,,"PHONE/TABLET LOCATION",,"",
"2026-06-09 01:24:00 am","78.6","47.7","29.60","77.7","57.1","1831","point",,,,"PHONE/TABLET LOCATION",,"",
"2026-06-09 01:26:00 am","78.6","47.7","29.61","77.5","57.1","1824","point",,,,"PHONE/TABLET LOCATION",,"",
"2026-06-09 01:28:00 am","78.6","47.7","29.61","77.7","57.1","1824","point",,,,"PHONE/TABLET LOCATION",,"",
"2026-06-09 01:30:00 am","78.6","47.6","29.61","77.7","57.1","1824","point",,,,"PHONE/TABLET LOCATION",,"",
"2026-06-09 01:32:00 am","78.6","47.6","29.60","77.7","57.1","1831","point",,,,"PHONE/TABLET LOCATION",,"",
"2026-06-09 01:34:00 am","78.6","47.6","29.61","77.5","57.0","1824","point",,,,"PHONE/TABLET LOCATION",,"",
"2026-06-09 01:36:00 am","78.5","47.6","29.60","77.5","57.0","1829","point",,,,"PHONE/TABLET LOCATION",,"",
"2026-06-09 01:38:00 am","78.6","47.6","29.60","77.5","57.0","1829","point",,,,"PHONE/TABLET LOCATION",,"",
"2026-06-09 01:40:00 am","78.6","47.5","29.60","77.5","57.0","1831","point",,,,"PHONE/TABLET LOCATION",,"",
"2026-06-09 01:42:00 am","78.6","47.5","29.61","77.5","57.0","1824","point",,,,"PHONE/TABLET LOCATION",,"",
"2026-06-09 01:44:00 am","78.6","47.5","29.60","77.7","57.0","1826","point",,,,"PHONE/TABLET LOCATION",,"",
"2026-06-09 01:46:00 am","78.5","47.5","29.60","77.4","56.9","1821","point",,,,"PHONE/TABLET LOCATION",,"",
"2026-06-09 01:48:00 am","78.5","47.5","29.60","77.4","56.9","1821","point",,,,"PHONE/TABLET LOCATION",,"",
"2026-06-09 01:50:00 am","78.5","47.4","29.60","77.4","56.9","1824","point",,,,"PHONE/TABLET LOCATION",,"",
"2026-06-09 01:52:00 am","78.5","47.4","29.60","77.4","56.9","1824","point",,,,"PHONE/TABLET LOCATION",,"",
"2026-06-09 01:54:00 am","78.5","47.4","29.60","77.4","56.8","1821","point",,,,"PHONE/TABLET LOCATION",,"",
"2026-06-09 01:56:00 am","78.5","47.4","29.61","77.4","56.9","1816","point",,,,"PHONE/TABLET LOCATION",,"",
"2026-06-09 01:58:00 am","78.5","47.3","29.60","77.4","56.8","1824","point",,,,"PHONE/TABLET LOCATION",,"",
"2026-06-09 02:00:00 am","78.5","47.3","29.61","77.4","56.8","1816","point",,,,"PHONE/TABLET LOCATION",,"",
"2026-06-09 02:02:00 am","78.5","47.3","29.60","77.4","56.8","1821","point",,,,"PHONE/TABLET LOCATION",,"",
"2026-06-09 02:04:00 am","78.5","47.3","29.60","77.4","56.8","1819","point",,,,"PHONE/TABLET LOCATION",,"",
"2026-06-09 02:06:00 am","78.5","47.2","29.60","77.4","56.8","1821","point",,,,"PHONE/TABLET LOCATION",,"",
"2026-06-09 02:08:00 am","78.5","47.2","29.61","77.4","56.7","1812","point",,,,"PHONE/TABLET LOCATION",,"",
"2026-06-09 02:10:00 am","78.5","47.2","29.60","77.4","56.7","1821","point",,,,"PHONE/TABLET LOCATION",,"",
"2026-06-09 02:12:00 am","78.5","47.2","29.61","77.4","56.7","1809","point",,,,"PHONE/TABLET LOCATION",,"",
"2026-06-09 02:14:00 am","78.5","47.1","29.60","77.4","56.7","1819","point",,,,"PHONE/TABLET LOCATION",,"",
"2026-06-09 02:16:00 am","78.5","47.1","29.60","77.4","56.7","1816","point",,,,"PHONE/TABLET LOCATION",,"",
"2026-06-09 02:18:00 am","78.5","47.1","29.61","77.4","56.6","1812","point",,,,"PHONE/TABLET LOCATION",,"",
"2026-06-09 02:20:00 am","78.5","47.1","29.61","77.4","56.6","1812","point",,,,"PHONE/TABLET LOCATION",,"",
"2026-06-09 02:22:00 am","78.4","47.1","29.60","77.2","56.6","1812","point",,,,"PHONE/TABLET LOCATION",,"",
"2026-06-09 02:24:00 am","78.5","47.0","29.61","77.4","56.6","1812","point",,,,"PHONE/TABLET LOCATION",,"",
"2026-06-09 02:26:00 am","78.4","47.0","29.60","77.2","56.6","1812","point",,,,"PHONE/TABLET LOCATION",,"",
"2026-06-09 02:28:00 am","78.5","47.0","29.60","77.4","56.6","1816","point",,,,"PHONE/TABLET LOCATION",,"",
"2026-06-09 02:30:00 am","78.5","47.0","29.60","77.4","56.6","1816","point",,,,"PHONE/TABLET LOCATION",,"",
"2026-06-09 02:32:00 am","78.5","47.0","29.60","77.4","56.6","1819","point",,,,"PHONE/TABLET LOCATION",,"",
"2026-06-09 02:34:00 am","78.4","47.0","29.60","77.2","56.5","1814","point",,,,"PHONE/TABLET LOCATION",,"",
"2026-06-09 02:36:00 am","78.5","46.9","29.60","77.4","56.6","1819","point",,,,"PHONE/TABLET LOCATION",,"",
"2026-06-09 02:38:00 am","78.4","46.9","29.60","77.2","56.5","1814","point",,,,"PHONE/TABLET LOCATION",,"",
"2026-06-09 02:40:00 am","78.4","46.9","29.61","77.2","56.5","1809","point",,,,"PHONE/TABLET LOCATION",,"",
"2026-06-09 02:42:00 am","78.5","46.9","29.60","77.4","56.5","1821","point",,,,"PHONE/TABLET LOCATION",,"",
"2026-06-09 02:44:00 am","78.4","46.9","29.60","77.2","56.4","1814","point",,,,"PHONE/TABLET LOCATION",,"",
"2026-06-09 02:46:00 am","78.4","46.8","29.60","77.2","56.4","1814","point",,,,"PHONE/TABLET LOCATION",,"",
"2026-06-09 02:48:00 am","78.4","46.8","29.60","77.2","56.4","1809","point",,,,"PHONE/TABLET LOCATION",,"",
"2026-06-09 02:50:00 am","78.4","46.8","29.60","77.2","56.4","1812","point",,,,"PHONE/TABLET LOCATION",,"",
"2026-06-09 02:52:00 am","78.4","46.8","29.60","77.2","56.4","1812","point",,,,"PHONE/TABLET LOCATION",,"",
"2026-06-09 02:54:00 am","78.4","46.8","29.60","77.2","56.4","1812","point",,,,"PHONE/TABLET LOCATION",,"",
"2026-06-09 02:56:00 am","78.4","46.7","29.60","77.2","56.3","1812","point",,,,"PHONE/TABLET LOCATION",,"",
"2026-06-09 02:58:00 am","78.4","46.8","29.60","77.2","56.4","1819","point",,,,"PHONE/TABLET LOCATION",,"",
"2026-06-09 03:00:00 am","78.4","46.8","29.60","77.2","56.4","1812","point",,,,"PHONE/TABLET LOCATION",,"",
"2026-06-09 03:02:00 am","78.4","46.7","29.60","77.2","56.3","1814","point",,,,"PHONE/TABLET LOCATION",,"",
"2026-06-09 03:04:00 am","78.4","46.7","29.60","77.0","56.3","1816","point",,,,"PHONE/TABLET LOCATION",,"",
"2026-06-09 03:06:00 am","78.4","46.7","29.60","77.2","56.3","1812","point",,,,"PHONE/TABLET LOCATION",,"",
"2026-06-09 03:08:00 am","78.4","46.7","29.60","77.0","56.3","1814","point",,,,"PHONE/TABLET LOCATION",,"",
"2026-06-09 03:10:00 am","78.4","46.7","29.59","77.0","56.3","1819","point",,,,"PHONE/TABLET LOCATION",,"",
"2026-06-09 03:12:00 am","78.4","46.7","29.60","77.2","56.3","1812","point",,,,"PHONE/TABLET LOCATION",,"",
"2026-06-09 03:14:00 am","78.4","46.7","29.59","77.0","56.3","1821","point",,,,"PHONE/TABLET LOCATION",,"",
"2026-06-09 03:16:00 am","78.4","46.7","29.59","77.0","56.3","1821","point",,,,"PHONE/TABLET LOCATION",,"",
"2026-06-09 03:18:00 am","78.4","46.7","29.59","77.0","56.3","1821","point",,,,"PHONE/TABLET LOCATION",,"",
"2026-06-09 03:20:00 am","78.4","46.7","29.59","77.0","56.3","1816","point",,,,"PHONE/TABLET LOCATION",,"",
"2026-06-09 03:22:00 am","78.3","46.6","29.59","77.0","56.2","1821","point",,,,"PHONE/TABLET LOCATION",,"",
"2026-06-09 03:24:00 am","78.4","46.6","29.59","77.0","56.3","1821","point",,,,"PHONE/TABLET LOCATION",,"",
"2026-06-09 03:26:00 am","78.3","46.6","29.59","77.0","56.2","1821","point",,,,"PHONE/TABLET LOCATION",,"",
"2026-06-09 03:28:00 am","78.4","46.6","29.59","77.0","56.3","1821","point",,,,"PHONE/TABLET LOCATION",,"",
"2026-06-09 03:30:00 am","78.3","46.6","29.59","77.0","56.2","1821","point",,,,"PHONE/TABLET LOCATION",,"",
"2026-06-09 03:32:00 am","78.4","46.6","29.59","77.0","56.3","1824","point",,,,"PHONE/TABLET LOCATION",,"",
"2026-06-09 03:34:00 am","78.3","46.6","29.59","77.0","56.2","1821","point",,,,"PHONE/TABLET LOCATION",,"",
"2026-06-09 03:36:00 am","78.3","46.6","29.59","77.0","56.2","1816","point",,,,"PHONE/TABLET LOCATION",,"",
"2026-06-09 03:38:00 am","78.4","46.5","29.59","77.0","56.2","1819","point",,,,"PHONE/TABLET LOCATION",,"",
"2026-06-09 03:40:00 am","78.4","46.5","29.58","77.0","56.2","1834","point",,,,"PHONE/TABLET LOCATION",,"",
"2026-06-09 03:42:00 am","78.3","46.6","29.59","77.0","56.1","1814","point",,,,"PHONE/TABLET LOCATION",,"",
"2026-06-09 03:44:00 am","78.4","46.6","29.59","77.0","56.2","1829","point",,,,"PHONE/TABLET LOCATION",,"",
"2026-06-09 03:46:00 am","78.3","46.5","29.59","77.0","56.1","1821","point",,,,"PHONE/TABLET LOCATION",,"",
"2026-06-09 03:48:00 am","78.4","46.5","29.58","77.0","56.2","1826","point",,,,"PHONE/TABLET LOCATION",,"",
"2026-06-09 03:50:00 am","78.3","46.5","29.58","77.0","56.1","1826","point",,,,"PHONE/TABLET LOCATION",,"",
"2026-06-09 03:52:00 am","78.3","46.5","29.58","77.0","56.1","1824","point",,,,"PHONE/TABLET LOCATION",,"",
"2026-06-09 03:54:00 am","78.3","46.5","29.58","77.0","56.1","1824","point",,,,"PHONE/TABLET LOCATION",,"",
"2026-06-09 03:56:00 am","78.3","46.5","29.58","77.0","56.1","1826","point",,,,"PHONE/TABLET LOCATION",,"",
"2026-06-09 03:58:00 am","78.3","46.5","29.59","77.0","56.1","1819","point",,,,"PHONE/TABLET LOCATION",,"",
"2026-06-09 04:00:00 am","78.3","46.4","29.59","77.0","56.1","1819","point",,,,"PHONE/TABLET LOCATION",,"",
"2026-06-09 04:02:00 am","78.3","46.4","29.58","77.0","56.1","1824","point",,,,"PHONE/TABLET LOCATION",,"",
"2026-06-09 04:04:00 am","78.3","46.4","29.59","77.0","56.0","1814","point",,,,"PHONE/TABLET LOCATION",,"",
"2026-06-09 04:06:00 am","78.3","46.4","29.59","77.0","56.1","1819","point",,,,"PHONE/TABLET LOCATION",,"",
"2026-06-09 04:08:00 am","78.3","46.4","29.58","77.0","56.0","1824","point",,,,"PHONE/TABLET LOCATION",,"",
"2026-06-09 04:10:00 am","78.3","46.4","29.59","77.0","56.0","1819","point",,,,"PHONE/TABLET LOCATION",,"",
"2026-06-09 04:12:00 am","78.3","46.4","29.59","77.0","56.0","1814","point",,,,"PHONE/TABLET LOCATION",,"",
"2026-06-09 04:14:00 am","78.2","46.4","29.59","76.8","56.0","1814","point",,,,"PHONE/TABLET LOCATION",,"",
"2026-06-09 04:16:00 am","78.4","46.3","29.58","77.0","56.1","1834","point",,,,"PHONE/TABLET LOCATION",,"",
"2026-06-09 04:18:00 am","78.3","46.3","29.58","77.0","56.0","1821","point",,,,"PHONE/TABLET LOCATION",,"",
"2026-06-09 04:20:00 am","78.3","46.3","29.58","77.0","56.0","1824","point",,,,"PHONE/TABLET LOCATION",,"",
"2026-06-09 04:22:00 am","78.3","46.3","29.58","77.0","56.0","1821","point",,,,"PHONE/TABLET LOCATION",,"",
"2026-06-09 04:24:00 am","78.3","46.3","29.58","77.0","56.0","1824","point",,,,"PHONE/TABLET LOCATION",,"",
"2026-06-09 04:26:00 am","78.2","46.3","29.58","76.8","55.9","1819","point",,,,"PHONE/TABLET LOCATION",,"",
"2026-06-09 04:28:00 am","78.3","46.3","29.58","77.0","56.0","1821","point",,,,"PHONE/TABLET LOCATION",,"",
"2026-06-09 04:30:00 am","78.3","46.2","29.59","77.0","56.0","1819","point",,,,"PHONE/TABLET LOCATION",,"",
"2026-06-09 04:32:00 am","78.3","46.3","29.58","77.0","56.0","1821","point",,,,"PHONE/TABLET LOCATION",,"",
"2026-06-09 04:34:00 am","78.3","46.2","29.58","77.0","56.0","1824","point",,,,"PHONE/TABLET LOCATION",,"",
"2026-06-09 04:36:00 am","78.2","46.2","29.58","76.8","55.9","1821","point",,,,"PHONE/TABLET LOCATION",,"",
"2026-06-09 04:38:00 am","78.3","46.2","29.58","77.0","55.9","1821","point",,,,"PHONE/TABLET LOCATION",,"",
"2026-06-09 04:40:00 am","78.3","46.2","29.58","77.0","55.9","1821","point",,,,"PHONE/TABLET LOCATION",,"",
"2026-06-09 04:42:00 am","78.3","46.2","29.58","77.0","55.9","1824","point",,,,"PHONE/TABLET LOCATION",,"",
"2026-06-09 04:44:00 am","78.3","46.2","29.58","77.0","55.9","1824","point",,,,"PHONE/TABLET LOCATION",,"",
"2026-06-09 04:46:00 am","78.3","46.2","29.58","77.0","56.0","1831","point",,,,"PHONE/TABLET LOCATION",,"",
"2026-06-09 04:48:00 am","78.3","46.2","29.58","77.0","55.9","1824","point",,,,"PHONE/TABLET LOCATION",,"",
"2026-06-09 04:50:00 am","78.2","46.2","29.58","76.8","55.9","1819","point",,,,"PHONE/TABLET LOCATION",,"",
"2026-06-09 04:52:00 am","78.2","46.1","29.58","76.8","55.9","1824","point",,,,"PHONE/TABLET LOCATION",,"",
"2026-06-09 04:54:00 am","78.2","46.1","29.58","76.8","55.9","1819","point",,,,"PHONE/TABLET LOCATION",,"",
"2026-06-09 04:56:00 am","78.2","46.1","29.58","76.8","55.9","1821","point",,,,"PHONE/TABLET LOCATION",,"",
"2026-06-09 04:58:00 am","78.3","46.1","29.59","77.0","55.9","1819","point",,,,"PHONE/TABLET LOCATION",,"",
"2026-06-09 05:00:00 am","78.3","46.1","29.58","77.0","55.9","1824","point",,,,"PHONE/TABLET LOCATION",,"",
"2026-06-09 05:02:00 am","78.3","46.1","29.58","77.0","55.9","1824","point",,,,"PHONE/TABLET LOCATION",,"",
"2026-06-09 05:04:00 am","78.2","46.1","29.58","76.8","55.8","1819","point",,,,"PHONE/TABLET LOCATION",,"",
"2026-06-09 05:06:00 am","78.2","46.1","29.59","76.8","55.8","1814","point",,,,"PHONE/TABLET LOCATION",,"",
"2026-06-09 05:08:00 am","78.3","46.1","29.59","77.0","55.9","1816","point",,,,"PHONE/TABLET LOCATION",,"",
"2026-06-09 05:10:00 am","78.2","46.1","29.58","76.8","55.8","1824","point",,,,"PHONE/TABLET LOCATION",,"",
"2026-06-09 05:12:00 am","78.2","46.0","29.58","76.8","55.8","1824","point",,,,"PHONE/TABLET LOCATION",,"",
"2026-06-09 05:14:00 am","78.2","46.1","29.58","76.8","55.8","1824","point",,,,"PHONE/TABLET LOCATION",,"",
"2026-06-09 05:16:00 am","78.2","46.0","29.58","76.8","55.8","1819","point",,,,"PHONE/TABLET LOCATION",,"",
"2026-06-09 05:18:00 am","78.3","46.1","29.58","77.0","55.8","1824","point",,,,"PHONE/TABLET LOCATION",,"",
"2026-06-09 05:20:00 am","78.3","46.0","29.58","77.0","55.8","1824","point",,,,"PHONE/TABLET LOCATION",,"",
"2026-06-09 05:22:00 am","78.2","46.0","29.58","76.8","55.8","1819","point",,,,"PHONE/TABLET LOCATION",,"",
"2026-06-09 05:24:00 am","78.3","46.0","29.58","77.0","55.8","1824","point",,,,"PHONE/TABLET LOCATION",,"",
"2026-06-09 05:26:00 am","78.3","46.0","29.59","77.0","55.8","1816","point",,,,"PHONE/TABLET LOCATION",,"",
"2026-06-09 05:28:00 am","78.2","46.0","29.58","76.8","55.8","1821","point",,,,"PHONE/TABLET LOCATION",,"",
"2026-06-09 05:30:00 am","78.2","46.0","29.59","76.8","55.8","1814","point",,,,"PHONE/TABLET LOCATION",,"",
"2026-06-09 05:32:00 am","78.2","46.0","29.58","76.8","55.7","1821","point",,,,"PHONE/TABLET LOCATION",,"",
"2026-06-09 05:34:00 am","78.2","46.0","29.58","76.8","55.7","1819","point",,,,"PHONE/TABLET LOCATION",,"",
"2026-06-09 05:36:00 am","78.2","46.0","29.58","76.8","55.7","1819","point",,,,"PHONE/TABLET LOCATION",,"",
"2026-06-09 05:38:00 am","78.2","45.9","29.58","76.8","55.7","1824","point",,,,"PHONE/TABLET LOCATION",,"",
"2026-06-09 05:40:00 am","78.2","45.9","29.58","76.8","55.7","1819","point",,,,"PHONE/TABLET LOCATION",,"",
"2026-06-09 05:42:00 am","78.2","45.9","29.58","76.8","55.7","1819","point",,,,"PHONE/TABLET LOCATION",,"",
"2026-06-09 05:44:00 am","78.3","45.9","29.58","77.0","55.8","1824","point",,,,"PHONE/TABLET LOCATION",,"",
"2026-06-09 05:46:00 am","78.3","45.9","29.58","77.0","55.7","1826","point",,,,"PHONE/TABLET LOCATION",,"",
"2026-06-09 05:48:00 am","78.2","45.9","29.58","76.6","55.7","1821","point",,,,"PHONE/TABLET LOCATION",,"",
"2026-06-09 05:50:00 am","78.2","45.9","29.58","76.8","55.7","1819","point",,,,"PHONE/TABLET LOCATION",,"",
"2026-06-09 05:52:00 am","78.3","45.9","29.58","77.0","55.7","1824","point",,,,"PHONE/TABLET LOCATION",,"",
"2026-06-09 05:54:00 am","78.2","45.9","29.58","76.6","55.7","1819","point",,,,"PHONE/TABLET LOCATION",,"",
"2026-06-09 05:56:00 am","78.2","45.9","29.58","76.8","55.7","1824","point",,,,"PHONE/TABLET LOCATION",,"",
"2026-06-09 05:58:00 am","78.2","45.9","29.58","76.6","55.7","1821","point",,,,"PHONE/TABLET LOCATION",,"",
"2026-06-09 06:00:00 am","78.2","45.9","29.58","76.6","55.7","1819","point",,,,"PHONE/TABLET LOCATION",,"",
"2026-06-09 06:02:00 am","78.2","45.8","29.58","76.6","55.7","1821","point",,,,"PHONE/TABLET LOCATION",,"",
"2026-06-09 06:04:00 am","78.3","45.9","29.58","77.0","55.7","1824","point",,,,"PHONE/TABLET LOCATION",,"",
"2026-06-09 06:06:00 am","78.2","45.9","29.58","76.6","55.7","1819","point",,,,"PHONE/TABLET LOCATION",,"",
"2026-06-09 06:08:00 am","78.2","45.9","29.59","76.6","55.7","1814","point",,,,"PHONE/TABLET LOCATION",,"",
"2026-06-09 06:10:00 am","78.3","45.9","29.58","77.0","55.7","1824","point",,,,"PHONE/TABLET LOCATION",,"",
"2026-06-09 06:12:00 am","78.2","45.9","29.59","76.8","55.7","1814","point",,,,"PHONE/TABLET LOCATION",,"",
"2026-06-09 06:14:00 am","78.3","45.9","29.58","77.0","55.7","1821","point",,,,"PHONE/TABLET LOCATION",,"",
"2026-06-09 06:16:00 am","78.3","45.9","29.58","77.0","55.7","1821","point",,,,"PHONE/TABLET LOCATION",,"",
"2026-06-09 06:18:00 am","78.2","45.9","29.58","76.6","55.7","1819","point",,,,"PHONE/TABLET LOCATION",,"",
"2026-06-09 06:20:00 am","78.3","45.9","29.59","77.0","55.7","1816","point",,,,"PHONE/TABLET LOCATION",,"",
"2026-06-09 06:22:00 am","78.2","45.9","29.58","76.8","55.7","1816","point",,,,"PHONE/TABLET LOCATION",,"",
"2026-06-09 06:24:00 am","78.2","45.9","29.59","76.6","55.7","1812","point",,,,"PHONE/TABLET LOCATION",,"",
"2026-06-09 06:26:00 am","78.2","45.9","29.58","76.6","55.7","1821","point",,,,"PHONE/TABLET LOCATION",,"",
"2026-06-09 06:28:00 am","78.2","45.9","29.58","76.8","55.7","1819","point",,,,"PHONE/TABLET LOCATION",,"",
"2026-06-09 06:30:00 am","78.3","45.9","29.58","77.0","55.7","1824","point",,,,"PHONE/TABLET LOCATION",,"",
"2026-06-09 06:32:00 am","78.2","45.9","29.58","76.6","55.7","1819","point",,,,"PHONE/TABLET LOCATION",,"",
"2026-06-09 06:34:00 am","78.3","45.9","29.58","77.0","55.7","1821","point",,,,"PHONE/TABLET LOCATION",,"",
"2026-06-09 06:36:00 am","78.2","45.9","29.58","76.6","55.7","1821","point",,,,"PHONE/TABLET LOCATION",,"",
"2026-06-09 06:38:00 am","78.3","45.8","29.58","77.0","55.7","1824","point",,,,"PHONE/TABLET LOCATION",,"",
"2026-06-09 06:40:00 am","78.2","45.9","29.58","76.6","55.7","1816","point",,,,"PHONE/TABLET LOCATION",,"",
"2026-06-09 06:42:00 am","78.2","45.8","29.59","76.6","55.7","1812","point",,,,"PHONE/TABLET LOCATION",,"",
"2026-06-09 06:44:00 am","78.2","45.8","29.58","76.6","55.7","1821","point",,,,"PHONE/TABLET LOCATION",,"",
"2026-06-09 06:46:00 am","78.2","45.8","29.58","76.6","55.7","1821","point",,,,"PHONE/TABLET LOCATION",,"",
"2026-06-09 06:48:00 am","78.2","45.8","29.58","76.6","55.7","1819","point",,,,"PHONE/TABLET LOCATION",,"",
"2026-06-09 06:50:00 am","78.2","45.8","29.58","76.6","55.7","1821","point",,,,"PHONE/TABLET LOCATION",,"",
"2026-06-09 06:52:00 am","78.2","45.8","29.58","76.6","55.7","1821","point",,,,"PHONE/TABLET LOCATION",,"",
"2026-06-09 06:54:00 am","78.3","45.8","29.58","77.0","55.7","1824","point",,,,"PHONE/TABLET LOCATION",,"",
"2026-06-09 06:56:00 am","78.3","45.8","29.58","77.0","55.7","1821","point",,,,"PHONE/TABLET LOCATION",,"",
"2026-06-09 06:58:00 am","78.3","45.8","29.59","77.0","55.7","1816","point",,,,"PHONE/TABLET LOCATION",,"",
"2026-06-09 07:00:00 am","78.2","45.8","29.58","76.6","55.7","1821","point",,,,"PHONE/TABLET LOCATION",,"",
"2026-06-09 07:02:00 am","78.2","45.8","29.58","76.6","55.6","1821","point",,,,"PHONE/TABLET LOCATION",,"",
"2026-06-09 07:04:00 am","78.2","45.8","29.58","76.6","55.6","1819","point",,,,"PHONE/TABLET LOCATION",,"",
"2026-06-09 07:06:00 am","78.2","45.8","29.59","76.6","55.6","1814","point",,,,"PHONE/TABLET LOCATION",,"",
"2026-06-09 07:08:00 am","78.3","45.8","29.58","77.0","55.7","1826","point",,,,"PHONE/TABLET LOCATION",,"",
"2026-06-09 07:10:00 am","78.2","45.8","29.58","76.6","55.6","1821","point",,,,"PHONE/TABLET LOCATION",,"",
"2026-06-09 07:12:00 am","78.3","45.8","29.58","77.0","55.7","1821","point",,,,"PHONE/TABLET LOCATION",,"",
"2026-06-09 07:14:00 am","78.3","45.7","29.58","77.0","55.6","1826","point",,,,"PHONE/TABLET LOCATION",,"",
"2026-06-09 07:16:00 am","78.3","45.7","29.58","77.0","55.6","1826","point",,,,"PHONE/TABLET LOCATION",,"",
"2026-06-09 07:18:00 am","78.3","45.7","29.57","77.0","55.6","1831","point",,,,"PHONE/TABLET LOCATION",,"",
"2026-06-09 07:20:00 am","78.2","45.7","29.58","76.6","55.6","1821","point",,,,"PHONE/TABLET LOCATION",,"",
"2026-06-09 07:22:00 am","78.3","45.7","29.58","77.0","55.6","1824","point",,,,"PHONE/TABLET LOCATION",,"",
"2026-06-09 07:24:00 am","78.3","45.7","29.57","77.0","55.6","1831","point",,,,"PHONE/TABLET LOCATION",,"",
"2026-06-09 07:26:00 am","78.2","45.7","29.58","76.6","55.6","1821","point",,,,"PHONE/TABLET LOCATION",,"",
"2026-06-09 07:28:00 am","78.2","45.6","29.58","76.6","55.6","1819","point",,,,"PHONE/TABLET LOCATION",,"",
"2026-06-09 07:30:00 am","78.3","45.7","29.58","77.0","55.6","1824","point",,,,"PHONE/TABLET LOCATION",,"",
"2026-06-09 07:32:00 am","78.2","45.6","29.59","76.6","55.6","1814","point",,,,"PHONE/TABLET LOCATION",,"",
"2026-06-09 07:34:00 am","78.3","45.6","29.59","77.0","55.6","1814","point",,,,"PHONE/TABLET LOCATION",,"",
"2026-06-09 07:36:00 am","78.2","45.6","29.58","76.6","55.5","1821","point",,,,"PHONE/TABLET LOCATION",,"",
"2026-06-09 07:38:00 am","78.3","45.6","29.58","77.0","55.5","1826","point",,,,"PHONE/TABLET LOCATION",,"",
"2026-06-09 07:40:00 am","78.2","45.6","29.58","76.6","55.5","1819","point",,,,"PHONE/TABLET LOCATION",,"",
"2026-06-09 07:42:00 am","78.3","45.5","29.57","77.0","55.5","1831","point",,,,"PHONE/TABLET LOCATION",,"",
"2026-06-09 07:44:00 am","78.2","45.5","29.58","76.6","55.5","1824","point",,,,"PHONE/TABLET LOCATION",,"",
"2026-06-09 07:46:00 am","78.2","45.5","29.58","76.6","55.5","1824","point",,,,"PHONE/TABLET LOCATION",,"",
"2026-06-09 07:48:00 am","78.2","45.5","29.58","76.6","55.5","1821","point",,,,"PHONE/TABLET LOCATION",,"",
"2026-06-09 07:50:00 am","78.3","45.5","29.58","77.0","55.5","1824","point",,,,"PHONE/TABLET LOCATION",,"",
"2026-06-09 07:52:00 am","78.2","45.5","29.58","76.6","55.5","1821","point",,,,"PHONE/TABLET LOCATION",,"",
"2026-06-09 07:54:00 am","78.2","45.5","29.58","76.6","55.5","1814","point",,,,"PHONE/TABLET LOCATION",,"",
"2026-06-09 07:56:00 am","78.3","45.4","29.58","77.0","55.5","1824","point",,,,"PHONE/TABLET LOCATION",,"",
"2026-06-09 07:58:00 am","78.3","45.4","29.58","77.0","55.5","1819","point",,,,"PHONE/TABLET LOCATION",,"",
"2026-06-09 08:00:00 am","78.3","45.4","29.58","77.0","55.5","1824","point",,,,"PHONE/TABLET LOCATION",,"",
"2026-06-09 08:02:00 am","78.3","45.4","29.58","77.0","55.4","1819","point",,,,"PHONE/TABLET LOCATION",,"",
"2026-06-09 08:04:00 am","78.2","45.4","29.58","76.6","55.4","1816","point",,,,"PHONE/TABLET LOCATION",,"",
"2026-06-09 08:06:00 am","78.2","45.4","29.58","76.6","55.4","1816","point",,,,"PHONE/TABLET LOCATION",,"",
"2026-06-09 08:08:00 am","78.3","45.4","29.58","77.0","55.5","1824","point",,,,"PHONE/TABLET LOCATION",,"",
"2026-06-09 08:10:00 am","78.3","45.4","29.58","77.0","55.4","1816","point",,,,"PHONE/TABLET LOCATION",,"",
"2026-06-09 08:12:00 am","78.2","45.3","29.58","76.6","55.4","1814","point",,,,"PHONE/TABLET LOCATION",,"",
"2026-06-09 08:14:00 am","78.3","45.4","29.57","77.0","55.4","1826","point",,,,"PHONE/TABLET LOCATION",,"",
"2026-06-09 08:16:00 am","78.3","45.4","29.58","77.0","55.4","1824","point",,,,"PHONE/TABLET LOCATION",,"",
"2026-06-09 08:18:00 am","78.3","45.4","29.57","77.0","55.4","1826","point",,,,"PHONE/TABLET LOCATION",,"",
"2026-06-09 08:20:00 am","78.3","45.3","29.57","77.0","55.4","1826","point",,,,"PHONE/TABLET LOCATION",,"",
"2026-06-09 08:22:00 am","78.3","45.4","29.58","77.0","55.4","1819","point",,,,"PHONE/TABLET LOCATION",,"",
"2026-06-09 08:24:00 am","78.3","45.3","29.58","77.0","55.4","1824","point",,,,"PHONE/TABLET LOCATION",,"",
"2026-06-09 08:26:00 am","78.3","45.4","29.58","77.0","55.5","1819","point",,,,"PHONE/TABLET LOCATION",,"",
"2026-06-09 08:28:00 am","78.3","45.4","29.58","77.0","55.4","1824","point",,,,"PHONE/TABLET LOCATION",,"",
"2026-06-09 08:30:00 am","78.2","45.4","29.58","76.6","55.4","1814","point",,,,"PHONE/TABLET LOCATION",,"",
"2026-06-09 08:32:00 am","78.3","45.4","29.58","77.0","55.5","1826","point",,,,"PHONE/TABLET LOCATION",,"",
"2026-06-09 08:34:00 am","78.4","45.5","29.57","77.0","55.6","1834","point",,,,"PHONE/TABLET LOCATION",,"",
"2026-06-09 08:36:00 am","78.3","45.5","29.58","77.0","55.5","1824","point",,,,"PHONE/TABLET LOCATION",,"",
"2026-06-09 08:38:00 am","78.3","45.5","29.59","77.0","55.5","1814","point",,,,"PHONE/TABLET LOCATION",,"",
"2026-06-09 08:40:00 am","78.3","45.5","29.58","77.0","55.5","1826","point",,,,"PHONE/TABLET LOCATION",,"",
"2026-06-09 08:42:00 am","78.3","45.5","29.59","77.0","55.6","1819","point",,,,"PHONE/TABLET LOCATION",,"",
"2026-06-09 08:44:00 am","78.4","45.5","29.59","77.0","55.6","1824","point",,,,"PHONE/TABLET LOCATION",,"",
"2026-06-09 08:46:00 am","78.3","45.5","29.58","77.0","55.6","1826","point",,,,"PHONE/TABLET LOCATION",,"",
"2026-06-09 08:48:00 am","78.3","45.6","29.58","77.0","55.6","1824","point",,,,"PHONE/TABLET LOCATION",,"",
"2026-06-09 08:50:00 am","78.4","46.2","29.59","77.0","56.0","1824","point",,,,"PHONE/TABLET LOCATION",,"",
"2026-06-09 08:52:00 am","78.5","46.3","29.58","77.2","56.2","1839","point",,,,"PHONE/TABLET LOCATION",,"",
"2026-06-09 08:54:00 am","78.5","46.2","29.62","77.2","56.2","1794","point",,,,"PHONE/TABLET LOCATION",,"",
"2026-06-09 08:56:00 am","78.5","46.1","29.62","77.2","56.1","1789","point",,,,"PHONE/TABLET LOCATION",,"",
"2026-06-09 08:58:00 am","78.5","46.0","29.62","77.2","56.0","1797","point",,,,"PHONE/TABLET LOCATION",,"",
"2026-06-09 09:00:00 am","78.5","45.9","29.61","77.2","56.0","1809","point",,,,"PHONE/TABLET LOCATION",,"",
"2026-06-09 09:02:00 am","78.5","45.9","29.58","77.2","55.9","1841","point",,,,"PHONE/TABLET LOCATION",,"",
"2026-06-09 09:04:00 am","78.5","45.7","29.56","77.2","55.9","1858","point",,,,"PHONE/TABLET LOCATION",,"",
"2026-06-09 09:06:00 am","78.4","45.6","29.54","77.0","55.7","1873","point",,,,"PHONE/TABLET LOCATION",,"",
"2026-06-09 09:08:00 am","78.3","45.6","29.51","77.0","55.6","1905","point",,,,"PHONE/TABLET LOCATION",,"",
"2026-06-09 09:10:00 am","78.3","45.5","29.49","77.0","55.5","1920","point",,,,"PHONE/TABLET LOCATION",,"",
"2026-06-09 09:12:00 am","78.1","42.9","29.49","76.3","53.7","1905","point",,,,"PHONE/TABLET LOCATION",,"",
"2026-06-09 09:14:00 am","78.0","44.7","29.49","76.3","54.7","1900","point",,,,"PHONE/TABLET LOCATION",,"",
"2026-06-09 09:16:00 am","77.9","44.8","29.49","76.1","54.7","1895","point",,,,"PHONE/TABLET LOCATION",,"",
"2026-06-09 09:18:00 am","77.8","45.0","29.48","76.1","54.7","1905","point",,,,"PHONE/TABLET LOCATION",,"",
"2026-06-09 09:20:00 am","77.6","45.2","29.47","76.1","54.7","1898","point",,,,"PHONE/TABLET LOCATION",,"",
"2026-06-09 09:22:00 am","77.5","45.2","29.47","75.9","54.6","1890","point",,,,"PHONE/TABLET LOCATION",,"",
"2026-06-09 09:24:00 am","77.5","45.2","29.47","75.9","54.6","1893","point",,,,"PHONE/TABLET LOCATION",,"",
"2026-06-09 09:26:00 am","77.3","45.1","29.45","75.6","54.4","1900","point",,,,"PHONE/TABLET LOCATION",,"",
"2026-06-09 09:28:00 am","77.2","44.9","29.44","75.2","54.2","1905","point",,,,"PHONE/TABLET LOCATION",,"",
"2026-06-09 09:30:00 am","77.1","44.9","29.44","75.2","54.1","1900","point",,,,"PHONE/TABLET LOCATION",,"",
"2026-06-09 09:32:00 am","75.9","39.9","29.44","73.6","49.8","1799","point",,,,"PHONE/TABLET LOCATION",,"",
"2026-06-09 09:34:00 am","74.7","41.5","29.44","72.7","49.7","1715","point",,,,"PHONE/TABLET LOCATION",,"",
"2026-06-09 09:36:00 am","73.8","44.2","29.43","72.1","50.7","1683","point",,,,"PHONE/TABLET LOCATION",,"",
"2026-06-09 09:38:00 am","73.2","43.7","29.43","71.8","49.8","1639","point",,,,"PHONE/TABLET LOCATION",,"",
"2026-06-09 09:40:00 am","72.8","43.6","29.44","71.2","49.4","1605","point",,,,"PHONE/TABLET LOCATION",,"",
"2026-06-09 09:42:00 am","72.5","43.8","29.43","71.1","49.2","1590","point",,,,"PHONE/TABLET LOCATION",,"",
"2026-06-09 09:44:00 am","72.3","44.1","29.44","70.9","49.3","1570","point",,,,"PHONE/TABLET LOCATION",,"",
"2026-06-09 09:46:00 am","72.2","44.5","29.44","70.9","49.4","1568","point",,,,"PHONE/TABLET LOCATION",,"",
"2026-06-09 09:48:00 am","72.1","44.8","29.44","70.9","49.5","1563","point",,,,"PHONE/TABLET LOCATION",,"",
"2026-06-09 09:50:00 am","72.1","45.1","29.44","70.9","49.7","1563","point",,,,"PHONE/TABLET LOCATION",,"",
"2026-06-09 09:52:00 am","72.1","45.3","29.43","70.9","49.8","1565","point",,,,"PHONE/TABLET LOCATION",,"",
"2026-06-09 09:54:00 am","72.1","45.6","29.43","70.9","50.0","1572","point",,,,"PHONE/TABLET LOCATION",,"",
"2026-06-09 09:56:00 am","72.1","45.9","29.43","70.9","50.1","1572","point",,,,"PHONE/TABLET LOCATION",,"",
"2026-06-09 09:58:00 am","72.1","46.0","29.44","70.9","50.2","1565","point",,,,"PHONE/TABLET LOCATION",,"",
"2026-06-09 10:00:00 am","72.1","46.3","29.43","70.9","50.3","1570","point",,,,"PHONE/TABLET LOCATION",,"",
"2026-06-09 10:02:00 am","72.1","46.4","29.43","70.9","50.4","1565","point",,,,"PHONE/TABLET LOCATION",,"",
"2026-06-09 10:04:00 am","72.0","46.6","29.43","70.9","50.5","1570","point",,,,"PHONE/TABLET LOCATION",,"",
"2026-06-09 10:06:00 am","72.1","46.8","29.43","70.9","50.6","1580","point",,,,"PHONE/TABLET LOCATION",,"",
"2026-06-09 10:08:00 am","72.1","46.9","29.43","71.1","50.8","1580","point",,,,"PHONE/TABLET LOCATION",,"",
"2026-06-09 10:10:00 am","72.2","47.0","29.43","71.1","50.9","1580","point",,,,"PHONE/TABLET LOCATION",,"",
"2026-06-09 10:12:00 am","72.3","47.1","29.43","71.1","51.0","1582","point",,,,"PHONE/TABLET LOCATION",,"",
"2026-06-09 10:14:00 am","72.2","47.2","29.43","71.1","51.0","1585","point",,,,"PHONE/TABLET LOCATION",,"",
"2026-06-09 10:16:00 am","72.3","47.2","29.45","71.1","51.0","1568","point",,,,"PHONE/TABLET LOCATION",,"",
"2026-06-09 10:18:00 am","72.3","47.2","29.44","71.2","51.1","1582","point",,,,"PHONE/TABLET LOCATION",,"",
"2026-06-09 10:20:00 am","72.4","47.4","29.45","71.2","51.3","1575","point",,,,"PHONE/TABLET LOCATION",,"",
"2026-06-09 10:22:00 am","72.4","47.3","29.44","71.2","51.2","1587","point",,,,"PHONE/TABLET LOCATION",,"",
"2026-06-09 10:24:00 am","72.5","47.2","29.45","71.4","51.2","1582","point",,,,"PHONE/TABLET LOCATION",,"",
"2026-06-09 10:26:00 am","72.5","47.1","29.44","71.4","51.2","1592","point",,,,"PHONE/TABLET LOCATION",,"",
"2026-06-09 10:28:00 am","72.5","47.0","29.44","71.4","51.2","1587","point",,,,"PHONE/TABLET LOCATION",,"",
"2026-06-09 10:30:00 am","72.5","47.0","29.44","71.2","51.1","1582","point",,,,"PHONE/TABLET LOCATION",,"",
"2026-06-09 10:32:00 am","72.6","46.9","29.45","71.4","51.1","1585","point",,,,"PHONE/TABLET LOCATION",,"",
"2026-06-09 10:34:00 am","72.4","46.7","29.45","71.2","50.9","1577","point",,,,"PHONE/TABLET LOCATION",,"",
"2026-06-09 10:36:00 am","72.4","46.6","29.44","71.1","50.8","1580","point",,,,"PHONE/TABLET LOCATION",,"",
"2026-06-09 10:38:00 am","72.4","46.3","29.44","71.1","50.6","1575","point",,,,"PHONE/TABLET LOCATION",,"",
"2026-06-09 10:40:00 am","72.5","46.2","29.44","71.1","50.6","1582","point",,,,"PHONE/TABLET LOCATION",,"",
"2026-06-09 10:42:00 am","72.4","45.9","29.43","71.1","50.4","1595","point",,,,"PHONE/TABLET LOCATION",,"",
"2026-06-09 10:44:00 am","72.3","45.9","29.43","71.1","50.4","1587","point",,,,"PHONE/TABLET LOCATION",,"",
"2026-06-09 10:46:00 am","72.4","45.9","29.43","71.1","50.4","1592","point",,,,"PHONE/TABLET LOCATION",,"",
"2026-06-09 10:48:00 am","72.5","46.0","29.42","71.1","50.5","1602","point",,,,"PHONE/TABLET LOCATION",,"",
"2026-06-09 10:50:00 am","72.4","45.9","29.43","71.1","50.5","1592","point",,,,"PHONE/TABLET LOCATION",,"",
"2026-06-09 10:52:00 am","72.5","45.9","29.43","71.1","50.5","1600","point",,,,"PHONE/TABLET LOCATION",,"",
"2026-06-09 10:54:00 am","72.4","45.7","29.42","71.1","50.3","1600","point",,,,"PHONE/TABLET LOCATION",,"",
"2026-06-09 10:56:00 am","72.4","45.7","29.43","71.1","50.3","1587","point",,,,"PHONE/TABLET LOCATION",,"",
"2026-06-09 10:58:00 am","72.5","45.7","29.43","71.1","50.3","1600","point",,,,"PHONE/TABLET LOCATION",,"",
"2026-06-09 11:00:00 am","72.4","45.7","29.42","71.1","50.3","1600","point",,,,"PHONE/TABLET LOCATION",,"",
"2026-06-09 11:02:00 am","72.5","45.7","29.43","71.1","50.3","1600","point",,,,"PHONE/TABLET LOCATION",,"",
"2026-06-09 11:04:00 am","72.4","45.7","29.42","71.1","50.3","1605","point",,,,"PHONE/TABLET LOCATION",,"",
"2026-06-09 11:06:00 am","72.5","45.6","29.42","71.1","50.3","1609","point",,,,"PHONE/TABLET LOCATION",,"",
"2026-06-09 11:08:00 am","72.4","45.5","29.42","71.1","50.2","1595","point",,,,"PHONE/TABLET LOCATION",,"",
"2026-06-09 11:10:00 am","72.4","45.4","29.42","71.1","50.2","1597","point",,,,"PHONE/TABLET LOCATION",,"",
"2026-06-09 11:12:00 am","72.4","45.4","29.42","71.1","50.1","1597","point",,,,"PHONE/TABLET LOCATION",,"",
"2026-06-09 11:14:00 am","72.4","45.4","29.42","71.1","50.1","1595","point",,,,"PHONE/TABLET LOCATION",,"",
"2026-06-09 11:16:00 am","72.6","45.4","29.42","71.2","50.2","1612","point",,,,"PHONE/TABLET LOCATION",,"",
"2026-06-09 11:18:00 am","72.4","45.3","29.42","71.1","50.1","1600","point",,,,"PHONE/TABLET LOCATION",,"",
"2026-06-09 11:20:00 am","72.5","45.6","29.42","71.2","50.3","1614","point",,,,"PHONE/TABLET LOCATION",,"",
"2026-06-09 11:22:00 am","72.6","45.3","29.42","71.2","50.2","1612","point",,,,"PHONE/TABLET LOCATION",,"",
"2026-06-09 11:24:00 am","72.6","45.2","29.42","71.2","50.2","1609","point",,,,"PHONE/TABLET LOCATION",,"",
"2026-06-09 11:26:00 am","72.7","44.9","29.42","71.2","50.1","1614","point",,,,"PHONE/TABLET LOCATION",,"",
"2026-06-09 11:28:00 am","72.7","44.6","29.42","71.2","49.9","1619","point",,,,"PHONE/TABLET LOCATION",,"",
"2026-06-09 11:30:00 am","72.8","44.4","29.42","71.2","49.9","1624","point",,,,"PHONE/TABLET LOCATION",,"",
"2026-06-09 11:32:00 am","72.9","44.3","29.41","71.4","49.9","1634","point",,,,"PHONE/TABLET LOCATION",,"",
"2026-06-09 11:34:00 am","72.9","44.1","29.42","71.4","49.8","1629","point",,,,"PHONE/TABLET LOCATION",,"",
"2026-06-09 11:36:00 am","73.0","44.0","29.42","71.4","49.8","1629","point",,,,"PHONE/TABLET LOCATION",,"",
"2026-06-09 11:38:00 am","73.0","43.9","29.42","71.4","49.7","1637","point",,,,"PHONE/TABLET LOCATION",,"",
"2026-06-09 11:40:00 am","73.0","43.8","29.42","71.4","49.7","1634","point",,,,"PHONE/TABLET LOCATION",,"",
"2026-06-09 11:42:00 am","73.0","43.7","29.42","71.4","49.6","1634","point",,,,"PHONE/TABLET LOCATION",,"",
"2026-06-09 11:44:00 am","73.0","43.6","29.42","71.4","49.6","1634","point",,,,"PHONE/TABLET LOCATION",,"",
"2026-06-09 11:46:00 am","73.1","43.5","29.42","71.6","49.6","1634","point",,,,"PHONE/TABLET LOCATION",,"",
"2026-06-09 11:48:00 am","73.1","43.4","29.42","71.6","49.6","1646","point",,,,"PHONE/TABLET LOCATION",,"",
"2026-06-09 11:50:00 am","73.1","43.3","29.42","71.4","49.5","1641","point",,,,"PHONE/TABLET LOCATION",,"",
"2026-06-09 11:52:00 am","73.1","43.2","29.43","71.4","49.4","1634","point",,,,"PHONE/TABLET LOCATION",,"",
"2026-06-09 11:54:00 am","73.1","43.1","29.42","71.4","49.4","1637","point",,,,"PHONE/TABLET LOCATION",,"",
"2026-06-09 11:56:00 am","73.1","43.1","29.43","71.4","49.3","1634","point",,,,"PHONE/TABLET LOCATION",,"",
"2026-06-09 11:58:00 am","73.3","43.0","29.42","71.6","49.4","1651","point",,,,"PHONE/TABLET LOCATION",,"",
"2026-06-09 12:00:00 pm","73.2","42.9","29.42","71.4","49.3","1641","point",,,,"PHONE/TABLET LOCATION",,"",
"2026-06-09 12:02:00 pm","73.2","42.8","29.42","71.6","49.3","1651","point",,,,"PHONE/TABLET LOCATION",,"",
"2026-06-09 12:04:00 pm","73.2","42.7","29.43","71.6","49.2","1639","point",,,,"PHONE/TABLET LOCATION",,"",
"2026-06-09 12:06:00 pm","73.3","42.5","29.42","71.6","49.2","1651","point",,,,"PHONE/TABLET LOCATION",,"",
"2026-06-09 12:08:00 pm","73.2","42.4","29.42","71.6","49.0","1641","point",,,,"PHONE/TABLET LOCATION",,"",
"2026-06-09 12:10:00 pm","73.2","42.3","29.42","71.6","49.0","1641","point",,,,"PHONE/TABLET LOCATION",,"",
"2026-06-09 12:12:00 pm","73.2","42.2","29.43","71.6","48.9","1639","point",,,,"PHONE/TABLET LOCATION",,"",
"2026-06-09 12:14:00 pm","73.3","42.1","29.43","71.6","48.8","1637","point",,,,"PHONE/TABLET LOCATION",,"",
"2026-06-09 12:16:00 pm","73.2","42.0","29.43","71.6","48.8","1639","point",,,,"PHONE/TABLET LOCATION",,"",
"2026-06-09 12:18:00 pm","73.2","41.9","29.43","71.4","48.7","1632","point",,,,"PHONE/TABLET LOCATION",,"",
"2026-06-09 12:20:00 pm","73.2","41.9","29.43","71.4","48.7","1632","point",,,,"PHONE/TABLET LOCATION",,"",
"2026-06-09 12:22:00 pm","73.2","41.8","29.43","71.4","48.6","1629","point",,,,"PHONE/TABLET LOCATION",,"",
"2026-06-09 12:24:00 pm","73.3","41.8","29.43","71.6","48.7","1634","point",,,,"PHONE/TABLET LOCATION",,"",
"2026-06-09 12:26:00 pm","73.2","41.7","29.43","71.2","48.5","1632","point",,,,"PHONE/TABLET LOCATION",,"",
"2026-06-09 12:28:00 pm","73.2","41.6","29.42","71.2","48.5","1639","point",,,,"PHONE/TABLET LOCATION",,"",
"2026-06-09 12:30:00 pm","73.2","41.5","29.43","71.4","48.5","1634","point",,,,"PHONE/TABLET LOCATION",,"",
"2026-06-09 12:32:00 pm","73.1","41.4","29.42","71.2","48.3","1629","point",,,,"PHONE/TABLET LOCATION",,"",
"2026-06-09 12:34:00 pm","73.2","41.4","29.43","71.2","48.3","1629","point",,,,"PHONE/TABLET LOCATION",,"",
"2026-06-09 12:36:00 pm","73.2","41.8","29.42","71.4","48.6","1641","point",,,,"PHONE/TABLET LOCATION",,"",
"2026-06-09 12:38:00 pm","73.3","42.0","29.42","71.6","48.8","1644","point",,,,"PHONE/TABLET LOCATION",,"",
"2026-06-09 12:40:00 pm","73.2","42.1","29.42","71.6","48.8","1641","point",,,,"PHONE/TABLET LOCATION",,"",
"2026-06-09 12:42:00 pm","73.3","42.2","29.43","71.6","48.9","1634","point",,,,"PHONE/TABLET LOCATION",,"",
"2026-06-09 12:44:00 pm","73.3","42.3","29.43","71.6","49.0","1644","point",,,,"PHONE/TABLET LOCATION",,"",
"2026-06-09 12:46:00 pm","73.3","42.4","29.45","71.6","49.1","1617","point",,,,"PHONE/TABLET LOCATION",,"",
"2026-06-09 12:48:00 pm","73.3","42.4","29.45","71.6","49.0","1612","point",,,,"PHONE/TABLET LOCATION",,"",
"2026-06-09 12:50:00 pm","73.2","42.4","29.44","71.4","49.0","1624","point",,,,"PHONE/TABLET LOCATION",,"",
"2026-06-09 12:52:00 pm","73.2","42.3","29.45","71.4","48.9","1612","point",,,,"PHONE/TABLET LOCATION",,"",
"2026-06-09 12:54:00 pm","73.1","42.2","29.46","71.4","48.7","1587","point",,,,"PHONE/TABLET LOCATION",,"",
"2026-06-09 12:56:00 pm","72.5","44.9","29.46","70.9","49.9","1563","point",,,,"PHONE/TABLET LOCATION",,"",
"2026-06-09 12:58:00 pm","69.1","40.1","29.45","66.6","43.8","1315","point",,,,"PHONE/TABLET LOCATION",,"",
"2026-06-09 01:00:00 pm","65.6","37.8","29.46","61.3","39.1","1066","point",,,,"PHONE/TABLET LOCATION",,"",
"2026-06-09 01:02:00 pm","61.8","39.1","29.45","57.9","36.6","813","point",,,,"PHONE/TABLET LOCATION",,"",
"2026-06-09 01:04:00 pm","58.8","41.4","29.46","55.4","35.4","612","point",,,,"PHONE/TABLET LOCATION",,"",
"2026-06-09 01:06:00 pm","60.6","43.7","29.45","57.0","38.4","746","point",,,,"PHONE/TABLET LOCATION",,"",
"2026-06-09 01:08:00 pm","59.5","46.0","29.45","56.3","38.8","679","point",,,,"PHONE/TABLET LOCATION",,"",
"2026-06-09 01:10:00 pm","59.2","46.1","29.46","56.1","38.5","647","point",,,,"PHONE/TABLET LOCATION",,"",
"2026-06-09 01:12:00 pm","58.6","45.7","29.45","55.4","37.7","607","point",,,,"PHONE/TABLET LOCATION",,"",
"2026-06-09 01:14:00 pm","56.9","45.4","29.45","54.0","36.1","494","point",,,,"PHONE/TABLET LOCATION",,"",
"2026-06-09 01:16:00 pm","57.4","46.7","29.45","54.5","37.2","533","point",,,,"PHONE/TABLET LOCATION",,"",
"2026-06-09 01:18:00 pm","57.5","48.1","29.46","54.7","38.0","535","point",,,,"PHONE/TABLET LOCATION",,"",
"2026-06-09 01:20:00 pm","58.3","49.5","29.45","55.6","39.5","607","point",,,,"PHONE/TABLET LOCATION",,"",
"2026-06-09 01:22:00 pm","57.3","48.7","29.45","54.5","38.2","530","point",,,,"PHONE/TABLET LOCATION",,"",
"2026-06-09 01:24:00 pm","57.4","49.5","29.45","54.9","38.7","540","point",,,,"PHONE/TABLET LOCATION",,"",
"2026-06-09 01:26:00 pm","57.7","49.9","29.45","55.0","39.2","566","point",,,,"PHONE/TABLET LOCATION",,"",
"2026-06-09 01:28:00 pm","57.5","51.5","29.45","54.9","39.8","549","point",,,,"PHONE/TABLET LOCATION",,"",
"2026-06-09 01:30:00 pm","57.7","49.7","29.45","55.0","39.1","564","point",,,,"PHONE/TABLET LOCATION",,"",
"2026-06-09 01:32:00 pm","58.0","51.1","29.45","55.4","40.0","578","point",,,,"PHONE/TABLET LOCATION",,"",
"2026-06-09 01:34:00 pm","57.7","49.0","29.45","55.0","38.6","559","point",,,,"PHONE/TABLET LOCATION",,"",
"2026-06-09 01:36:00 pm","57.9","48.0","29.45","55.0","38.4","568","point",,,,"PHONE/TABLET LOCATION",,"",
"2026-06-09 01:38:00 pm","57.3","47.4","29.46","54.5","37.5","516","point",,,,"PHONE/TABLET LOCATION",,"",
"2026-06-09 01:40:00 pm","57.4","48.1","29.45","54.7","37.9","530","point",,,,"PHONE/TABLET LOCATION",,"",
"2026-06-09 01:42:00 pm","57.2","47.1","29.46","54.5","37.2","513","point",,,,"PHONE/TABLET LOCATION",,"",
"2026-06-09 01:44:00 pm","58.1","49.0","29.46","55.2","39.0","576","point",,,,"PHONE/TABLET LOCATION",,"",
"2026-06-09 01:46:00 pm","57.7","49.4","29.45","55.0","38.9","566","point",,,,"PHONE/TABLET LOCATION",,"",
"2026-06-09 01:48:00 pm","58.3","51.8","29.46","55.8","40.7","602","point",,,,"PHONE/TABLET LOCATION",,"",
"2026-06-09 01:50:00 pm","57.9","50.2","29.45","55.0","39.5","576","point",,,,"PHONE/TABLET LOCATION",,"",
"2026-06-09 01:52:00 pm","57.6","49.4","29.45","55.0","38.8","556","point",,,,"PHONE/TABLET LOCATION",,"",
"2026-06-09 01:54:00 pm","57.2","49.8","29.45","54.7","38.7","530","point",,,,"PHONE/TABLET LOCATION",,"",
"2026-06-09 01:56:00 pm","56.8","49.3","29.45","54.1","38.0","489","point",,,,"PHONE/TABLET LOCATION",,"",
"2026-06-09 01:58:00 pm","57.5","51.7","29.45","54.9","39.9","554","point",,,,"PHONE/TABLET LOCATION",,"",
"2026-06-09 02:00:00 pm","57.3","52.4","29.45","54.7","40.0","537","point",,,,"PHONE/TABLET LOCATION",,"",
"2026-06-09 02:02:00 pm","57.3","52.7","29.45","54.9","40.1","537","point",,,,"PHONE/TABLET LOCATION",,"",
"2026-06-09 02:04:00 pm","57.5","54.8","29.45","55.2","41.3","554","point",,,,"PHONE/TABLET LOCATION",,"",
"2026-06-09 02:06:00 pm","57.8","55.8","29.45","55.6","42.1","578","point",,,,"PHONE/TABLET LOCATION",,"",
"2026-06-09 02:08:00 pm","58.0","54.8","29.45","55.8","41.9","595","point",,,,"PHONE/TABLET LOCATION",,"",
"2026-06-09 02:10:00 pm","57.0","53.4","29.45","54.5","40.2","523","point",,,,"PHONE/TABLET LOCATION",,"",
"2026-06-09 02:12:00 pm","57.5","55.6","29.46","55.2","41.7","549","point",,,,"PHONE/TABLET LOCATION",,"",
"2026-06-09 02:14:00 pm","57.7","54.5","29.45","55.4","41.4","566","point",,,,"PHONE/TABLET LOCATION",,"",
"2026-06-09 02:16:00 pm","57.0","54.1","29.45","54.7","40.6","521","point",,,,"PHONE/TABLET LOCATION",,"",
"2026-06-09 02:18:00 pm","56.9","53.3","29.44","54.5","40.2","521","point",,,,"PHONE/TABLET LOCATION",,"",
"2026-06-09 02:20:00 pm","57.0","53.2","29.46","54.5","40.1","513","point",,,,"PHONE/TABLET LOCATION",,"",
"2026-06-09 02:22:00 pm","56.8","52.6","29.45","54.5","39.6","501","point",,,,"PHONE/TABLET LOCATION",,"",
"2026-06-09 02:24:00 pm","56.9","53.2","29.45","54.5","40.1","513","point",,,,"PHONE/TABLET LOCATION",,"",
"2026-06-09 02:26:00 pm","57.0","53.7","29.46","54.7","40.4","516","point",,,,"PHONE/TABLET LOCATION",,"",
"2026-06-09 02:28:00 pm","57.3","53.4","29.46","54.9","40.5","533","point",,,,"PHONE/TABLET LOCATION",,"",
"2026-06-09 02:30:00 pm","56.9","53.7","29.46","54.5","40.3","506","point",,,,"PHONE/TABLET LOCATION",,"",
"2026-06-09 02:32:00 pm","56.6","51.9","29.46","54.1","39.2","485","point",,,,"PHONE/TABLET LOCATION",,"",
"2026-06-09 02:34:00 pm","56.9","52.1","29.45","54.5","39.6","509","point",,,,"PHONE/TABLET LOCATION",,"",
"2026-06-09 02:36:00 pm","57.2","54.0","29.46","54.7","40.7","525","point",,,,"PHONE/TABLET LOCATION",,"",
"2026-06-09 02:38:00 pm","56.7","50.5","29.46","54.1","38.5","485","point",,,,"PHONE/TABLET LOCATION",,"",
"2026-06-09 02:40:00 pm","57.0","51.6","29.45","54.7","39.4","516","point",,,,"PHONE/TABLET LOCATION",,"",
"2026-06-09 02:42:00 pm","56.8","51.9","29.46","54.5","39.3","499","point",,,,"PHONE/TABLET LOCATION",,"",
"2026-06-09 02:44:00 pm","57.3","53.2","29.46","54.9","40.5","533","point",,,,"PHONE/TABLET LOCATION",,"",
"2026-06-09 02:46:00 pm","57.3","51.9","29.46","54.7","39.8","528","point",,,,"PHONE/TABLET LOCATION",,"",
"2026-06-09 02:48:00 pm","57.5","53.1","29.46","55.0","40.5","542","point",,,,"PHONE/TABLET LOCATION",,"",
"2026-06-09 02:50:00 pm","57.5","51.9","29.45","54.9","39.9","545","point",,,,"PHONE/TABLET LOCATION",,"",
"2026-06-09 02:52:00 pm","57.3","51.0","29.45","54.7","39.4","535","point",,,,"PHONE/TABLET LOCATION",,"",
"2026-06-09 02:54:00 pm","57.1","50.2","29.45","54.5","38.8","518","point",,,,"PHONE/TABLET LOCATION",,"",
"2026-06-09 02:56:00 pm","56.8","49.9","29.46","54.1","38.3","489","point",,,,"PHONE/TABLET LOCATION",,"",
"2026-06-09 02:58:00 pm","57.1","50.6","29.45","54.5","38.9","516","point",,,,"PHONE/TABLET LOCATION",,"",
"2026-06-09 03:00:00 pm","57.0","52.2","29.46","54.7","39.7","513","point",,,,"PHONE/TABLET LOCATION",,"",
"2026-06-09 03:02:00 pm","57.0","52.3","29.46","54.7","39.7","513","point",,,,"PHONE/TABLET LOCATION",,"",
"2026-06-09 03:04:00 pm","56.9","51.5","29.46","54.5","39.2","499","point",,,,"PHONE/TABLET LOCATION",,"",
"2026-06-09 03:06:00 pm","57.0","52.2","29.45","54.5","39.7","513","point",,,,"PHONE/TABLET LOCATION",,"",
"2026-06-09 03:08:00 pm","57.0","51.2","29.45","54.5","39.1","516","point",,,,"PHONE/TABLET LOCATION",,"",
"2026-06-09 03:10:00 pm","57.3","53.4","29.46","54.9","40.6","533","point",,,,"PHONE/TABLET LOCATION",,"",
"2026-06-09 03:12:00 pm","57.0","52.8","29.46","54.5","39.9","513","point",,,,"PHONE/TABLET LOCATION",,"",
"2026-06-09 03:14:00 pm","57.2","53.0","29.45","54.9","40.2","533","point",,,,"PHONE/TABLET LOCATION",,"",
"2026-06-09 03:16:00 pm","57.3","54.5","29.46","55.0","41.0","533","point",,,,"PHONE/TABLET LOCATION",,"",
"2026-06-09 03:18:00 pm","57.6","56.4","29.46","55.6","42.2","559","point",,,,"PHONE/TABLET LOCATION",,"",
"2026-06-09 03:20:00 pm","56.5","54.5","29.46","54.3","40.3","482","point",,,,"PHONE/TABLET LOCATION",,"",
"2026-06-09 03:22:00 pm","56.8","54.7","29.46","54.5","40.7","501","point",,,,"PHONE/TABLET LOCATION",,"",
"2026-06-09 03:24:00 pm","56.6","54.2","29.46","54.3","40.2","480","point",,,,"PHONE/TABLET LOCATION",,"",
"2026-06-09 03:26:00 pm","56.9","55.3","29.46","54.7","41.1","511","point",,,,"PHONE/TABLET LOCATION",,"",
"2026-06-09 03:28:00 pm","56.9","56.3","29.46","54.7","41.5","509","point",,,,"PHONE/TABLET LOCATION",,"",
"2026-06-09 03:30:00 pm","56.6","54.9","29.45","54.3","40.6","492","point",,,,"PHONE/TABLET LOCATION",,"",
"2026-06-09 03:32:00 pm","56.7","55.2","29.46","54.5","40.8","492","point",,,,"PHONE/TABLET LOCATION",,"",
"2026-06-09 03:34:00 pm","56.7","55.1","29.46","54.5","40.7","487","point",,,,"PHONE/TABLET LOCATION",,"",
"2026-06-09 03:36:00 pm","56.3","53.7","29.46","54.1","39.8","463","point",,,,"PHONE/TABLET LOCATION",,"",
"2026-06-09 03:38:00 pm","57.1","55.2","29.46","54.9","41.2","521","point",,,,"PHONE/TABLET LOCATION",,"",
"2026-06-09 03:40:00 pm","56.2","53.3","29.46","54.0","39.5","456","point",,,,"PHONE/TABLET LOCATION",,"",
"2026-06-09 03:42:00 pm","56.6","54.0","29.46","54.3","40.2","489","point",,,,"PHONE/TABLET LOCATION",,"",
"2026-06-09 03:44:00 pm","56.8","55.0","29.46","54.7","40.8","501","point",,,,"PHONE/TABLET LOCATION",,"",
"2026-06-09 03:46:00 pm","56.3","54.2","29.46","54.1","40.0","456","point",,,,"PHONE/TABLET LOCATION",,"",
"2026-06-09 03:48:00 pm","56.4","54.0","29.46","54.1","40.0","468","point",,,,"PHONE/TABLET LOCATION",,"",
"2026-06-09 03:50:00 pm","56.5","55.0","29.45","54.3","40.6","482","point",,,,"PHONE/TABLET LOCATION",,"",
"2026-06-09 03:52:00 pm","56.2","55.4","29.45","54.1","40.4","463","point",,,,"PHONE/TABLET LOCATION",,"",
"2026-06-09 03:54:00 pm","55.7","55.1","29.46","53.6","39.9","425","point",,,,"PHONE/TABLET LOCATION",,"",
"2026-06-09 03:56:00 pm","56.3","56.7","29.46","54.3","41.2","470","point",,,,"PHONE/TABLET LOCATION",,"",
"2026-06-09 03:58:00 pm","56.4","57.8","29.46","54.3","41.7","470","point",,,,"PHONE/TABLET LOCATION",,"",
"2026-06-09 04:00:00 pm","56.2","57.3","29.46","54.1","41.3","458","point",,,,"PHONE/TABLET LOCATION",,"",
"2026-06-09 04:02:00 pm","56.3","57.8","29.46","54.3","41.7","473","point",,,,"PHONE/TABLET LOCATION",,"",
"2026-06-09 04:04:00 pm","56.4","57.0","29.46","54.3","41.4","470","point",,,,"PHONE/TABLET LOCATION",,"",
"2026-06-09 04:06:00 pm","56.4","56.5","29.46","54.3","41.1","473","point",,,,"PHONE/TABLET LOCATION",,"",
"2026-06-09 04:08:00 pm","56.7","56.8","29.46","54.7","41.6","494","point",,,,"PHONE/TABLET LOCATION",,"",
"2026-06-09 04:10:00 pm","56.7","57.5","29.46","54.7","41.9","492","point",,,,"PHONE/TABLET LOCATION",,"",
"2026-06-09 04:12:00 pm","56.4","58.8","29.46","54.5","42.2","485","point",,,,"PHONE/TABLET LOCATION",,"",
"2026-06-09 04:14:00 pm","56.1","58.7","29.46","54.3","41.9","454","point",,,,"PHONE/TABLET LOCATION",,"",
"2026-06-09 04:16:00 pm","56.0","58.7","29.46","54.1","41.8","451","point",,,,"PHONE/TABLET LOCATION",,"",
"2026-06-09 04:18:00 pm","55.6","58.0","29.47","53.6","41.1","408","point",,,,"PHONE/TABLET LOCATION",,"",
"2026-06-09 04:20:00 pm","55.4","56.2","29.46","53.4","40.1","398","point",,,,"PHONE/TABLET LOCATION",,"",
"2026-06-09 04:22:00 pm","55.6","57.5","29.46","53.6","40.8","413","point",,,,"PHONE/TABLET LOCATION",,"",
"2026-06-09 04:24:00 pm","55.1","57.8","29.47","53.2","40.5","372","point",,,,"PHONE/TABLET LOCATION",,"",
"2026-06-09 04:26:00 pm","55.0","57.5","29.46","53.1","40.3","375","point",,,,"PHONE/TABLET LOCATION",,"",
"2026-06-09 04:28:00 pm","54.6","57.9","29.46","52.7","40.1","351","point",,,,"PHONE/TABLET LOCATION",,"",
"2026-06-09 04:30:00 pm","54.6","57.9","29.46","52.7","40.2","351","point",,,,"PHONE/TABLET LOCATION",,"",
"2026-06-09 04:32:00 pm","54.3","58.5","29.47","52.5","40.1","319","point",,,,"PHONE/TABLET LOCATION",,"",
"2026-06-09 04:34:00 pm","54.4","59.3","29.47","52.7","40.6","331","point",,,,"PHONE/TABLET LOCATION",,"",
"2026-06-09 04:36:00 pm","54.6","60.8","29.46","52.9","41.4","351","point",,,,"PHONE/TABLET LOCATION",,"",
"2026-06-09 04:38:00 pm","54.4","60.6","29.47","52.7","41.1","331","point",,,,"PHONE/TABLET LOCATION",,"",
"2026-06-09 04:40:00 pm","54.4","60.9","29.46","52.7","41.2","336","point",,,,"PHONE/TABLET LOCATION",,"",
"2026-06-09 04:42:00 pm","54.5","61.3","29.47","52.7","41.4","334","point",,,,"PHONE/TABLET LOCATION",,"",
"2026-06-09 04:44:00 pm","54.4","61.3","29.46","52.7","41.4","346","point",,,,"PHONE/TABLET LOCATION",,"",
"2026-06-09 04:46:00 pm","54.1","60.2","29.46","52.5","40.6","312","point",,,,"PHONE/TABLET LOCATION",,"",
"2026-06-09 04:48:00 pm","54.6","60.4","29.46","52.9","41.2","351","point",,,,"PHONE/TABLET LOCATION",,"",
"2026-06-09 04:50:00 pm","54.3","59.9","29.46","52.5","40.7","329","point",,,,"PHONE/TABLET LOCATION",,"",
"2026-06-09 04:52:00 pm","54.4","59.9","29.46","52.7","40.8","331","point",,,,"PHONE/TABLET LOCATION",,"",
"2026-06-09 04:54:00 pm","54.3","59.6","29.46","52.5","40.5","329","point",,,,"PHONE/TABLET LOCATION",,"",
"2026-06-09 04:56:00 pm","54.4","59.9","29.46","52.7","40.7","329","point",,,,"PHONE/TABLET LOCATION",,"",
"2026-06-09 04:58:00 pm","54.7","61.2","29.46","53.1","41.6","358","point",,,,"PHONE/TABLET LOCATION",,"",
"2026-06-09 05:00:00 pm","54.5","59.9","29.46","52.9","40.9","348","point",,,,"PHONE/TABLET LOCATION",,"",
"2026-06-09 05:02:00 pm","54.7","60.0","29.47","53.1","41.1","348","point",,,,"PHONE/TABLET LOCATION",,"",
"2026-06-09 05:04:00 pm","54.7","60.0","29.46","53.1","41.1","360","point",,,,"PHONE/TABLET LOCATION",,"",
"2026-06-09 05:06:00 pm","54.8","59.7","29.46","53.1","41.1","365","point",,,,"PHONE/TABLET LOCATION",,"",
